path,source_id,kelas,label,subjenis,is_augmented,transform,transform_index,motif_complexity_score,small_contour_count,glcm_entropy,glcm_homogeneity,lbp_entropy,fft_peak_ratio
dataset_batik/batik/Yogyakarta_Kawung/0018.jpg,01423db2bf4d,batik,1,Yogyakarta_Kawung,False,original,-1,30.266876220703125,1110.0,6.033258717094634,0.5940778007334682,6.28185078861286,110.9871004013901
dataset_batik/batik/Yogyakarta_Kawung/0018.jpg,01423db2bf4d,batik,1,Yogyakarta_Kawung,True,rot90,0,31.142635345458984,1113.0,6.033690284495313,0.5944622870670676,6.279374828352013,111.01452428026572
dataset_batik/batik/Yogyakarta_Kawung/0018.jpg,01423db2bf4d,batik,1,Yogyakarta_Kawung,True,rot180,1,31.232128143310547,1095.0,6.033670133143079,0.5945112225258904,6.283669995468117,110.99824391457366
dataset_batik/batik/Yogyakarta_Kawung/0018.jpg,01423db2bf4d,batik,1,Yogyakarta_Kawung,True,rot270,2,30.746658325195312,1092.0,6.033743318410186,0.594224789859588,6.281071139108819,110.96575225422465
dataset_batik/batik/Yogyakarta_Kawung/0018.jpg,01423db2bf4d,batik,1,Yogyakarta_Kawung,True,rot+14p6,3,20.467552185058594,939.0,5.947486149380279,0.6071072137045295,6.003537746534397,129.19146585800826
dataset_batik/batik/Yogyakarta_Kawung/0018.jpg,01423db2bf4d,batik,1,Yogyakarta_Kawung,True,flip_h,4,30.6463623046875,1120.0,6.033457712447426,0.5942219887552551,6.283260144141296,110.95831147847043
dataset_batik/batik/Yogyakarta_Kawung/0018.jpg,01423db2bf4d,batik,1,Yogyakarta_Kawung,True,flip_v,5,31.267417907714844,1106.0,6.034480068579757,0.5942070720068768,6.278634268761516,110.96759488161467
dataset_batik/batik/Yogyakarta_Kawung/0018.jpg,01423db2bf4d,batik,1,Yogyakarta_Kawung,True,zoom04,6,17.84051513671875,868.0,5.9019800014235635,0.6208834813226682,5.990577327326017,146.2043054952056
dataset_batik/batik/Yogyakarta_Kawung/0018.jpg,01423db2bf4d,batik,1,Yogyakarta_Kawung,True,brightness0p92,7,20.239112854003906,811.0,5.924940356701935,0.6115273244655375,6.238601819071152,113.99897075146801
dataset_batik/batik/Yogyakarta_Kawung/0018.jpg,01423db2bf4d,batik,1,Yogyakarta_Kawung,True,contrast0p95,8,24.79766845703125,979.0,5.969575235624431,0.6004353904453356,6.280001399799059,111.40345484707423
dataset_batik/batik/batik semarangan/semarangan4.jpg,028b7571da11,batik,1,batik semarangan,False,original,-1,109.83391571044922,921.0,6.411690355107687,0.569838434486581,6.342496381232701,25.62938934788493
dataset_batik/batik/batik semarangan/semarangan4.jpg,028b7571da11,batik,1,batik semarangan,True,rot90,0,109.91793060302734,919.0,6.414350301421792,0.5700035335688786,6.334313735235016,25.576698426257245
dataset_batik/batik/batik semarangan/semarangan4.jpg,028b7571da11,batik,1,batik semarangan,True,rot180,1,106.75662231445312,892.0,6.410778283113036,0.5699798279001225,6.340376100803606,25.534214787004885
dataset_batik/batik/batik semarangan/semarangan4.jpg,028b7571da11,batik,1,batik semarangan,True,rot270,2,109.42047119140625,904.0,6.409887374570971,0.570028934291733,6.33350373167948,25.49761945081144
dataset_batik/batik/batik semarangan/semarangan4.jpg,028b7571da11,batik,1,batik semarangan,True,rot-2p0,3,74.52832412719727,761.0,6.241694690365654,0.6026563723631511,6.198640986986867,31.910236298516377
dataset_batik/batik/batik semarangan/semarangan4.jpg,028b7571da11,batik,1,batik semarangan,True,flip_h,4,107.77452087402344,902.0,6.406832096991996,0.5701980885668528,6.338545174085965,25.52731786292576
dataset_batik/batik/batik semarangan/semarangan4.jpg,028b7571da11,batik,1,batik semarangan,True,flip_v,5,110.60761260986328,923.0,6.41341978917046,0.5700432205579105,6.33756335308858,25.606882275402196
dataset_batik/batik/batik semarangan/semarangan4.jpg,028b7571da11,batik,1,batik semarangan,True,zoom02,6,72.97268676757812,748.0,6.202233578318448,0.6086913164491772,6.178447575552459,34.78893144448161
dataset_batik/batik/batik semarangan/semarangan4.jpg,028b7571da11,batik,1,batik semarangan,True,brightness0p92,7,111.535888671875,922.0,6.39197406686254,0.570652666608633,6.307723852188373,25.88313318873476
dataset_batik/batik/batik semarangan/semarangan4.jpg,028b7571da11,batik,1,batik semarangan,True,contrast0p88,8,101.52501678466797,874.0,6.32467645322911,0.5773828574412232,6.32393762701535,25.60590823540038
dataset_batik/batik/Solo_Parang/0037.jpg,050046f947a6,batik,1,Solo_Parang,False,original,-1,81.10137557983398,1001.0,6.081687482998703,0.5220058714279624,6.239786553897382,178.11726345630646
dataset_batik/batik/Solo_Parang/0037.jpg,050046f947a6,batik,1,Solo_Parang,True,rot90,0,79.80560302734375,976.0,6.081526275357398,0.5218406554102064,6.238227466470903,178.01063311749508
dataset_batik/batik/Solo_Parang/0037.jpg,050046f947a6,batik,1,Solo_Parang,True,rot180,1,80.8056640625,988.0,6.0821987925631635,0.5218222987807193,6.236964100517017,178.13464803490908
dataset_batik/batik/Solo_Parang/0037.jpg,050046f947a6,batik,1,Solo_Parang,True,rot270,2,80.67466735839844,990.0,6.081584542433563,0.5219072124215349,6.238043791863005,178.19204075099108
dataset_batik/batik/Solo_Parang/0037.jpg,050046f947a6,batik,1,Solo_Parang,True,rot+3p8,3,41.74102020263672,851.0,5.969024998736117,0.5491698636711424,6.032249196376849,218.66811739403138
dataset_batik/batik/Solo_Parang/0037.jpg,050046f947a6,batik,1,Solo_Parang,True,flip_h,4,80.83015441894531,986.0,6.082330520417667,0.521930977033193,6.238133849500067,178.25703958520336
dataset_batik/batik/Solo_Parang/0037.jpg,050046f947a6,batik,1,Solo_Parang,True,flip_v,5,79.15849685668945,975.0,6.082007443918354,0.5218986956288779,6.237701314157654,178.03490415200625
dataset_batik/batik/Solo_Parang/0037.jpg,050046f947a6,batik,1,Solo_Parang,True,zoom03,6,39.396209716796875,841.0,5.977779054263696,0.5475344237495152,5.888877869163421,201.60632392432504
dataset_batik/batik/Solo_Parang/0037.jpg,050046f947a6,batik,1,Solo_Parang,True,brightness0p92,7,76.65606689453125,944.0,6.0913748953950755,0.5195694880519711,6.304390726330728,179.08986747234846
dataset_batik/batik/Solo_Parang/0037.jpg,050046f947a6,batik,1,Solo_Parang,True,contrast1p14,8,85.5800895690918,931.0,5.589366025654252,0.5684758212577141,5.225849181808812,162.00046800606694
dataset_batik/batik/Yogyakarta_Parang/003.jpg,05ccbfc92105,batik,1,Yogyakarta_Parang,False,original,-1,13.556312561035156,206.0,5.518027100859296,0.6042787135130097,6.074258543201664,154.26800917983817
dataset_batik/batik/Yogyakarta_Parang/003.jpg,05ccbfc92105,batik,1,Yogyakarta_Parang,True,rot90,0,13.3231201171875,201.0,5.517102373883596,0.604329386051316,6.074973498504387,155.2941275595055
dataset_batik/batik/Yogyakarta_Parang/003.jpg,05ccbfc92105,batik,1,Yogyakarta_Parang,True,rot180,1,14.025741577148438,196.0,5.517819268291543,0.6042069008047817,6.0742806147660255,154.24783891680727
dataset_batik/batik/Yogyakarta_Parang/003.jpg,05ccbfc92105,batik,1,Yogyakarta_Parang,True,rot270,2,13.447334289550781,201.0,5.5173712474397565,0.6043608575934989,6.076672570306171,155.33824090138532
dataset_batik/batik/Yogyakarta_Parang/003.jpg,05ccbfc92105,batik,1,Yogyakarta_Parang,True,rot+14p6,3,14.624748229980469,235.0,5.572514631397238,0.5986824276802059,5.905094025097047,170.0331288085725
dataset_batik/batik/Yogyakarta_Parang/003.jpg,05ccbfc92105,batik,1,Yogyakarta_Parang,True,flip_h,4,14.388046264648438,203.0,5.518293044391038,0.6042335294424463,6.075844395476777,154.29295211346812
dataset_batik/batik/Yogyakarta_Parang/003.jpg,05ccbfc92105,batik,1,Yogyakarta_Parang,True,flip_v,5,12.912769317626953,195.0,5.517572550270852,0.6042960497888691,6.074079132624772,154.25177329469415
dataset_batik/batik/Yogyakarta_Parang/003.jpg,05ccbfc92105,batik,1,Yogyakarta_Parang,True,zoom09,6,9.613117218017578,217.0,5.481606465502161,0.6189378483101404,5.8220169408015465,178.9616974312335
dataset_batik/batik/Yogyakarta_Parang/003.jpg,05ccbfc92105,batik,1,Yogyakarta_Parang,True,brightness0p94,7,14.937973022460938,225.0,5.516190049123992,0.6139604009408691,6.166102749718511,166.39175699917078
dataset_batik/batik/Yogyakarta_Parang/003.jpg,05ccbfc92105,batik,1,Yogyakarta_Parang,True,contrast0p88,8,11.901901245117188,189.0,5.932208560831127,0.5759413757168452,6.108867154883853,155.0792580405251
dataset_batik/non_batik/tenun/tenun (10).png,0b857a24ecf0,non_batik,0,tenun,False,original,-1,0.0,0.0,6.974998625375927,0.4101706819569383,6.749834885770681,25.809134782854706
dataset_batik/non_batik/tenun/tenun (10).png,0b857a24ecf0,non_batik,0,tenun,True,rot90,0,0.0,0.0,6.981591972621636,0.40960173463556254,6.747959653598635,25.81596537399203
dataset_batik/non_batik/tenun/tenun (10).png,0b857a24ecf0,non_batik,0,tenun,True,rot180,1,0.0,0.0,6.975071688382853,0.4100414093052273,6.748460856696127,25.8099440252
dataset_batik/non_batik/tenun/tenun (10).png,0b857a24ecf0,non_batik,0,tenun,True,rot270,2,0.0,0.0,6.9816087389722945,0.4095068022992002,6.745825605661633,25.822609290741976
dataset_batik/non_batik/tenun/tenun (10).png,0b857a24ecf0,non_batik,0,tenun,True,rot-12p7,3,288.4934997558594,1208.0,7.1452600196626745,0.3976528002831082,6.876522997168327,29.338559905226823
dataset_batik/non_batik/tenun/tenun (10).png,0b857a24ecf0,non_batik,0,tenun,True,flip_h,4,0.0,0.0,6.9757571093132995,0.41002751014218575,6.74891077568938,25.816343381229995
dataset_batik/non_batik/tenun/tenun (10).png,0b857a24ecf0,non_batik,0,tenun,True,flip_v,5,0.0,0.0,6.974321617347281,0.4102196990006472,6.748888306163243,25.8080790537222
dataset_batik/non_batik/tenun/tenun (10).png,0b857a24ecf0,non_batik,0,tenun,True,zoom07,6,306.9823875427246,1133.0,7.279681150047618,0.35561713581728155,6.826784220620332,34.29892834888397
dataset_batik/non_batik/tenun/tenun (10).png,0b857a24ecf0,non_batik,0,tenun,True,brightness1p03,7,0.0,0.0,6.983076938319356,0.4105562100464293,6.747602645636091,25.803933376667555
dataset_batik/non_batik/tenun/tenun (10).png,0b857a24ecf0,non_batik,0,tenun,True,contrast1p05,8,0.0,0.0,7.03092662812764,0.4059506173973929,6.757718607753834,25.810079839734104
dataset_batik/batik/Yogyakarta_Parang/0040.jpg,0c9036a66a5e,batik,1,Yogyakarta_Parang,False,original,-1,28.83190155029297,774.0,6.21590833199517,0.5688389352075418,6.325112432248194,141.95948142292238
dataset_batik/batik/Yogyakarta_Parang/0040.jpg,0c9036a66a5e,batik,1,Yogyakarta_Parang,True,rot90,0,28.338043212890625,776.0,6.21635476766271,0.5688877567573226,6.327049931473126,141.92189876460915
dataset_batik/batik/Yogyakarta_Parang/0040.jpg,0c9036a66a5e,batik,1,Yogyakarta_Parang,True,rot180,1,28.520153045654297,771.0,6.21568064746733,0.5686888122572998,6.326841079268437,141.9758798033235
dataset_batik/batik/Yogyakarta_Parang/0040.jpg,0c9036a66a5e,batik,1,Yogyakarta_Parang,True,rot270,2,28.966712951660156,775.0,6.214883853602162,0.5687815823278085,6.329539739043803,142.00544605949054
dataset_batik/batik/Yogyakarta_Parang/0040.jpg,0c9036a66a5e,batik,1,Yogyakarta_Parang,True,rot-10p2,3,6.784080505371094,483.0,6.09083551662482,0.5912564935671212,6.052492799361337,200.65836538702015
dataset_batik/batik/Yogyakarta_Parang/0040.jpg,0c9036a66a5e,batik,1,Yogyakarta_Parang,True,flip_h,4,29.221641540527344,774.0,6.215919961715523,0.5684388423853466,6.326733595802818,141.9991604876762
dataset_batik/batik/Yogyakarta_Parang/0040.jpg,0c9036a66a5e,batik,1,Yogyakarta_Parang,True,flip_v,5,27.41901397705078,759.0,6.216320093231159,0.5689050431740832,6.327239317560978,141.92973081357638
dataset_batik/batik/Yogyakarta_Parang/0040.jpg,0c9036a66a5e,batik,1,Yogyakarta_Parang,True,zoom04,6,3.7923202514648438,446.0,6.041159961543121,0.6009196212284498,6.042750505418558,214.6907002336827
dataset_batik/batik/Yogyakarta_Parang/0040.jpg,0c9036a66a5e,batik,1,Yogyakarta_Parang,True,brightness0p90,7,7.96343994140625,342.0,6.025732946364893,0.5949795146288516,6.315669959197823,143.89650162693195
dataset_batik/batik/Yogyakarta_Parang/0040.jpg,0c9036a66a5e,batik,1,Yogyakarta_Parang,True,contrast0p97,8,25.746383666992188,710.0,6.178072075004127,0.5728043586119757,6.333044777516235,142.52154550472451
dataset_batik/batik/SumateraBarat_Rumah_Minang/0010.jpg,0cda161b73d8,batik,1,SumateraBarat_Rumah_Minang,False,original,-1,124.9767723083496,861.0,6.995511779630895,0.4064309384947446,6.502614513889738,39.15665553561271
dataset_batik/batik/SumateraBarat_Rumah_Minang/0010.jpg,0cda161b73d8,batik,1,SumateraBarat_Rumah_Minang,True,rot90,0,125.21728515625,862.0,6.9936544389116255,0.4063007165759672,6.503468403436159,39.12143974951091
dataset_batik/batik/SumateraBarat_Rumah_Minang/0010.jpg,0cda161b73d8,batik,1,SumateraBarat_Rumah_Minang,True,rot180,1,121.842041015625,840.0,6.995679423843995,0.40617489761108005,6.50142076014191,39.14764694024978
dataset_batik/batik/SumateraBarat_Rumah_Minang/0010.jpg,0cda161b73d8,batik,1,SumateraBarat_Rumah_Minang,True,rot270,2,123.35968017578125,851.0,6.994856359720021,0.4063891964550512,6.503791012190575,39.09028591904583
dataset_batik/batik/SumateraBarat_Rumah_Minang/0010.jpg,0cda161b73d8,batik,1,SumateraBarat_Rumah_Minang,True,rot+8p8,3,109.24589157104492,791.0,6.854358564246655,0.4303943431282252,6.31993213868517,39.43844238966475
dataset_batik/batik/SumateraBarat_Rumah_Minang/0010.jpg,0cda161b73d8,batik,1,SumateraBarat_Rumah_Minang,True,flip_h,4,121.7341537475586,838.0,6.99626015401632,0.4063579232182935,6.502293004512383,39.13962423745663
dataset_batik/batik/SumateraBarat_Rumah_Minang/0010.jpg,0cda161b73d8,batik,1,SumateraBarat_Rumah_Minang,True,flip_v,5,123.07205200195312,850.0,6.994183405878668,0.4065662060114486,6.502726394968417,39.18343052528603
dataset_batik/batik/SumateraBarat_Rumah_Minang/0010.jpg,0cda161b73d8,batik,1,SumateraBarat_Rumah_Minang,True,zoom06,6,90.35396575927734,726.0,6.802193796875027,0.4449575614566884,6.262591411276622,50.89890957471293
dataset_batik/batik/SumateraBarat_Rumah_Minang/0010.jpg,0cda161b73d8,batik,1,SumateraBarat_Rumah_Minang,True,brightness0p95,7,125.09172821044922,861.0,7.006685792077984,0.4044128521369497,6.5028739770655655,39.14206301760715
dataset_batik/batik/SumateraBarat_Rumah_Minang/0010.jpg,0cda161b73d8,batik,1,SumateraBarat_Rumah_Minang,True,contrast0p97,8,118.459716796875,821.0,6.977517032158518,0.40881008606897107,6.502836411137534,39.07589441258876
dataset_batik/non_batik/kotak/kotak2.jpg,0ce96dcf1e27,non_batik,0,kotak,False,original,-1,87.45294570922852,1815.0,6.355244377719943,0.5539856332930504,5.73996384377416,416.4485746973375
dataset_batik/non_batik/kotak/kotak2.jpg,0ce96dcf1e27,non_batik,0,kotak,True,rot90,0,99.15634155273438,1820.0,6.350822850518846,0.5536513394310016,5.7585723893649305,416.0896974857214
dataset_batik/non_batik/kotak/kotak2.jpg,0ce96dcf1e27,non_batik,0,kotak,True,rot180,1,86.37991714477539,1831.0,6.356822817361723,0.5537711136889709,5.741531004891942,416.5140874860613
dataset_batik/non_batik/kotak/kotak2.jpg,0ce96dcf1e27,non_batik,0,kotak,True,rot270,2,106.34552001953125,1840.0,6.34946925108248,0.5539974921274237,5.763385082456962,416.61336405957917
dataset_batik/non_batik/kotak/kotak2.jpg,0ce96dcf1e27,non_batik,0,kotak,True,rot+8p1,3,46.460723876953125,1325.0,6.342971604769955,0.5195769175087415,5.789447228544021,432.0027438422833
dataset_batik/non_batik/kotak/kotak2.jpg,0ce96dcf1e27,non_batik,0,kotak,True,flip_h,4,88.50061416625977,1835.0,6.3551463833261295,0.5540411864695237,5.740929162713053,416.6293372941305
dataset_batik/non_batik/kotak/kotak2.jpg,0ce96dcf1e27,non_batik,0,kotak,True,flip_v,5,85.2097282409668,1823.0,6.357145469447925,0.5537416336453191,5.740672057083797,416.240043982527
dataset_batik/non_batik/kotak/kotak2.jpg,0ce96dcf1e27,non_batik,0,kotak,True,zoom08,6,67.67935562133789,1301.0,6.186398236814835,0.5608990396434762,5.708338086118756,474.2986784148747
dataset_batik/non_batik/kotak/kotak2.jpg,0ce96dcf1e27,non_batik,0,kotak,True,brightness1p13,7,58.0963020324707,1723.0,5.670941322172305,0.5727227063618817,5.414474642624655,416.17354839256956
dataset_batik/non_batik/kotak/kotak2.jpg,0ce96dcf1e27,non_batik,0,kotak,True,contrast0p97,8,92.21385955810547,1806.0,6.440727060283789,0.5513780290579101,5.763230964949318,414.8606541472997
dataset_batik/non_batik/polos/polos (9).png,0ed496d9169c,non_batik,0,polos,False,original,-1,0.0,0.0,5.123370312169712,0.5559756910287692,6.644028093890132,7.860000935216852
dataset_batik/non_batik/polos/polos (9).png,0ed496d9169c,non_batik,0,polos,True,rot90,0,0.0,0.0,5.121838439178921,0.5561921442939554,6.648097741556344,7.8806433976148185
dataset_batik/non_batik/polos/polos (9).png,0ed496d9169c,non_batik,0,polos,True,rot180,1,0.0,0.0,5.127256258112767,0.5556628040757392,6.645140686898724,7.893554661933031
dataset_batik/non_batik/polos/polos (9).png,0ed496d9169c,non_batik,0,polos,True,rot270,2,0.0,0.0,5.121800894373727,0.5562576351794453,6.649959052430154,7.893887486126083
dataset_batik/non_batik/polos/polos (9).png,0ed496d9169c,non_batik,0,polos,True,rot-12p9,3,4.641654968261719,189.0,4.687317897182492,0.6030531217630999,6.632416704392664,11.231049960382133
dataset_batik/non_batik/polos/polos (9).png,0ed496d9169c,non_batik,0,polos,True,flip_h,4,0.0,0.0,5.125413405460632,0.5558228482144066,6.644405991166996,7.8941198389578515
dataset_batik/non_batik/polos/polos (9).png,0ed496d9169c,non_batik,0,polos,True,flip_v,5,0.0,0.0,5.124675090269736,0.5558922174279665,6.643685171769156,7.859087559330481
dataset_batik/non_batik/polos/polos (9).png,0ed496d9169c,non_batik,0,polos,True,zoom09,6,0.0,0.0,5.161157960849655,0.5286693977227566,6.814152168345388,5.367922318607057
dataset_batik/non_batik/polos/polos (9).png,0ed496d9169c,non_batik,0,polos,True,brightness1p14,7,0.0,0.0,4.914713761873216,0.5676694959578135,5.751805715226329,7.890558813053196
dataset_batik/non_batik/polos/polos (9).png,0ed496d9169c,non_batik,0,polos,True,contrast1p12,8,0.0,0.0,5.147372358079279,0.5471385696997657,6.6159396176796825,7.891665172765604
dataset_batik/batik/Solo_Parang/0013.jpg,0f308677eb60,batik,1,Solo_Parang,False,original,-1,177.7064971923828,1078.0,7.236864802738032,0.3809810262546131,6.426504725938624,39.4130416635958
dataset_batik/batik/Solo_Parang/0013.jpg,0f308677eb60,batik,1,Solo_Parang,True,rot90,0,178.43902587890625,1072.0,7.2376048687890755,0.3810162282443201,6.427318529361507,39.47064834383028
dataset_batik/batik/Solo_Parang/0013.jpg,0f308677eb60,batik,1,Solo_Parang,True,rot180,1,179.43283081054688,1080.0,7.2373448081644725,0.3809929439821666,6.427261198063553,39.40869173953243
dataset_batik/batik/Solo_Parang/0013.jpg,0f308677eb60,batik,1,Solo_Parang,True,rot270,2,169.15508651733398,1089.0,7.238793600012218,0.38076245933583086,6.427460637628262,39.35511286308182
dataset_batik/batik/Solo_Parang/0013.jpg,0f308677eb60,batik,1,Solo_Parang,True,rot+2p0,3,127.88213348388672,913.0,7.065194357189729,0.41700033670546466,6.180844981598664,45.81937491582529
dataset_batik/batik/Solo_Parang/0013.jpg,0f308677eb60,batik,1,Solo_Parang,True,flip_h,4,178.05665588378906,1059.0,7.237843109991688,0.3808868608887972,6.425934585105754,39.359664397389764
dataset_batik/batik/Solo_Parang/0013.jpg,0f308677eb60,batik,1,Solo_Parang,True,flip_v,5,178.20928955078125,1081.0,7.23691857053838,0.3810116679242991,6.427851584079154,39.46512469608045
dataset_batik/batik/Solo_Parang/0013.jpg,0f308677eb60,batik,1,Solo_Parang,True,zoom07,6,119.05490112304688,984.0,7.01947559487467,0.42572479931777474,6.125304074906535,49.393372603345085
dataset_batik/batik/Solo_Parang/0013.jpg,0f308677eb60,batik,1,Solo_Parang,True,brightness0p95,7,185.4162139892578,1068.0,7.249105699112395,0.3819730244380777,6.415708817820006,39.963194621871935
dataset_batik/batik/Solo_Parang/0013.jpg,0f308677eb60,batik,1,Solo_Parang,True,contrast0p92,8,160.9526481628418,1041.0,7.207091318414112,0.38683759325579936,6.42894399123956,40.891499447496095
dataset_batik/batik/Yogyakarta_Parang/0020.jpg,0f8e0b867151,batik,1,Yogyakarta_Parang,False,original,-1,44.63882446289063,792.0,6.547758322020123,0.5247472086346906,6.254808637987737,132.80134881866107
dataset_batik/batik/Yogyakarta_Parang/0020.jpg,0f8e0b867151,batik,1,Yogyakarta_Parang,True,rot90,0,43.221336364746094,777.0,6.544949955207606,0.524789046279645,6.25695891702483,132.88218401529573
dataset_batik/batik/Yogyakarta_Parang/0020.jpg,0f8e0b867151,batik,1,Yogyakarta_Parang,True,rot180,1,42.925445556640625,781.0,6.548167209817242,0.5247559550935482,6.2543928404720885,132.64587486693446
dataset_batik/batik/Yogyakarta_Parang/0020.jpg,0f8e0b867151,batik,1,Yogyakarta_Parang,True,rot270,2,42.868526458740234,789.0,6.547655688001915,0.5241789264537348,6.25588880133631,132.6506314393356
dataset_batik/batik/Yogyakarta_Parang/0020.jpg,0f8e0b867151,batik,1,Yogyakarta_Parang,True,rot-2p7,3,7.84368896484375,436.0,6.41676024657482,0.5491164228832024,5.9724554844488615,189.75285583643856
dataset_batik/batik/Yogyakarta_Parang/0020.jpg,0f8e0b867151,batik,1,Yogyakarta_Parang,True,flip_h,4,43.287506103515625,790.0,6.549145125483488,0.5246623505214818,6.25210947949614,132.57816661439753
dataset_batik/batik/Yogyakarta_Parang/0020.jpg,0f8e0b867151,batik,1,Yogyakarta_Parang,True,flip_v,5,41.64693069458008,769.0,6.546799335876478,0.5248552688908535,6.255357006879665,132.8271946325811
dataset_batik/batik/Yogyakarta_Parang/0020.jpg,0f8e0b867151,batik,1,Yogyakarta_Parang,True,zoom04,6,7.43023681640625,434.0,6.3853217134780795,0.5517933580591212,5.928516582462815,198.04328730107468
dataset_batik/batik/Yogyakarta_Parang/0020.jpg,0f8e0b867151,batik,1,Yogyakarta_Parang,True,brightness1p09,7,33.155338287353516,623.0,6.341662114058114,0.5487808184102705,6.244726842833561,134.47745391514414
dataset_batik/batik/Yogyakarta_Parang/0020.jpg,0f8e0b867151,batik,1,Yogyakarta_Parang,True,contrast0p92,8,32.66984558105469,649.0,6.477505633029315,0.5323879533512226,6.258303974121692,133.36380156406446
dataset_batik/batik/batik solo/solo5.jpg,0fd5923aff43,batik,1,batik solo,False,original,-1,87.68804168701172,766.0,5.997843027427464,0.4866738674303607,6.693752451463382,127.14743144197682
dataset_batik/batik/batik solo/solo5.jpg,0fd5923aff43,batik,1,batik solo,True,rot90,0,87.802001953125,766.0,5.998469780033177,0.4867445486918672,6.694994619005531,127.1292439225305
dataset_batik/batik/batik solo/solo5.jpg,0fd5923aff43,batik,1,batik solo,True,rot180,1,93.79416275024414,779.0,5.998492658242517,0.48668933296800077,6.69249017173513,127.15330763026554
dataset_batik/batik/batik solo/solo5.jpg,0fd5923aff43,batik,1,batik solo,True,rot270,2,87.55418014526367,763.0,5.998164376613647,0.48663724724886237,6.69472013670655,127.13034969825303
dataset_batik/batik/batik solo/solo5.jpg,0fd5923aff43,batik,1,batik solo,True,rot-2p0,3,88.1881332397461,805.0,5.920276950893967,0.4981566558628945,6.662446214452347,146.10640325172434
dataset_batik/batik/batik solo/solo5.jpg,0fd5923aff43,batik,1,batik solo,True,flip_h,4,90.29906463623047,769.0,5.99812905468001,0.4865785226364333,6.69241484575873,127.15225995088079
dataset_batik/batik/batik solo/solo5.jpg,0fd5923aff43,batik,1,batik solo,True,flip_v,5,92.56372833251953,769.0,5.998048953399406,0.48676199183202795,6.692681192028853,127.1560035322626
dataset_batik/batik/batik solo/solo5.jpg,0fd5923aff43,batik,1,batik solo,True,zoom09,6,77.94818878173828,775.0,5.920769092405086,0.5083840104685381,6.628409894850537,121.40925554712395
dataset_batik/batik/batik solo/solo5.jpg,0fd5923aff43,batik,1,batik solo,True,brightness1p10,7,89.77151870727539,783.0,5.890018369236763,0.502959331333088,6.696484763895523,127.98840490631932
dataset_batik/batik/batik solo/solo5.jpg,0fd5923aff43,batik,1,batik solo,True,contrast0p96,8,86.5726089477539,765.0,5.945621935148758,0.4913007451378677,6.694711217243065,126.83655174653646
dataset_batik/batik/Yogyakarta_Kawung/0025.jpg,15c3a3af00f1,batik,1,Yogyakarta_Kawung,False,original,-1,228.39984512329104,1793.0,6.799198133555802,0.4347522273191676,6.633632597951047,169.54504005241614
dataset_batik/batik/Yogyakarta_Kawung/0025.jpg,15c3a3af00f1,batik,1,Yogyakarta_Kawung,True,rot90,0,221.83107376098633,1805.0,6.798518674683878,0.43491261190524133,6.631485679731602,169.37265870805214
dataset_batik/batik/Yogyakarta_Kawung/0025.jpg,15c3a3af00f1,batik,1,Yogyakarta_Kawung,True,rot180,1,225.35865783691406,1794.0,6.799833069894796,0.43476709756963194,6.632470271434322,169.40328516919425
dataset_batik/batik/Yogyakarta_Kawung/0025.jpg,15c3a3af00f1,batik,1,Yogyakarta_Kawung,True,rot270,2,223.19614791870117,1779.0,6.797782067590219,0.4350867291145643,6.633454480220777,169.43911051820717
dataset_batik/batik/Yogyakarta_Kawung/0025.jpg,15c3a3af00f1,batik,1,Yogyakarta_Kawung,True,rot-4p9,3,87.72780227661133,1267.0,6.6131810046152655,0.46923258270675555,6.438992596529419,213.85413257304157
dataset_batik/batik/Yogyakarta_Kawung/0025.jpg,15c3a3af00f1,batik,1,Yogyakarta_Kawung,True,flip_h,4,227.5433349609375,1801.0,6.799811094692957,0.43471420623448426,6.635203216977327,169.51389662532458
dataset_batik/batik/Yogyakarta_Kawung/0025.jpg,15c3a3af00f1,batik,1,Yogyakarta_Kawung,True,flip_v,5,221.91793823242188,1784.0,6.8007666770952815,0.43452034264606026,6.6329125360743255,169.4622253885718
dataset_batik/batik/Yogyakarta_Kawung/0025.jpg,15c3a3af00f1,batik,1,Yogyakarta_Kawung,True,zoom10,6,88.29297637939453,1342.0,6.532926843922818,0.4825268133865691,6.362658227133996,225.40663679968395
dataset_batik/batik/Yogyakarta_Kawung/0025.jpg,15c3a3af00f1,batik,1,Yogyakarta_Kawung,True,brightness0p94,7,218.52027893066406,1789.0,6.837150697281312,0.43166547211542694,6.631785078214759,169.82482274055354
dataset_batik/batik/Yogyakarta_Kawung/0025.jpg,15c3a3af00f1,batik,1,Yogyakarta_Kawung,True,contrast1p09,8,201.1631088256836,1561.0,6.6977840123508345,0.44500317271164147,6.636272636938176,174.27332144753765
dataset_batik/batik/SulawesiSelatan_Lontara/0028.jpg,17204d5eeb3c,batik,1,SulawesiSelatan_Lontara,False,original,-1,92.17044830322266,754.0,5.624252123899712,0.5922120350073425,6.702394145860758,57.38565176337774
dataset_batik/batik/SulawesiSelatan_Lontara/0028.jpg,17204d5eeb3c,batik,1,SulawesiSelatan_Lontara,True,rot90,0,95.0610580444336,762.0,5.63302074163594,0.5918882094758289,6.7032655046842,57.02936272423417
dataset_batik/batik/SulawesiSelatan_Lontara/0028.jpg,17204d5eeb3c,batik,1,SulawesiSelatan_Lontara,True,rot180,1,92.15034484863281,748.0,5.634916110024728,0.5919180082511538,6.7040968891715185,57.01864051715898
dataset_batik/batik/SulawesiSelatan_Lontara/0028.jpg,17204d5eeb3c,batik,1,SulawesiSelatan_Lontara,True,rot270,2,91.72243118286133,755.0,5.626670859512565,0.5919089927270565,6.702127782075834,57.3561917671175
dataset_batik/batik/SulawesiSelatan_Lontara/0028.jpg,17204d5eeb3c,batik,1,SulawesiSelatan_Lontara,True,rot-9p6,3,35.277366638183594,521.0,5.290579641414252,0.647456469172887,6.594338463412329,77.33066299280335
dataset_batik/batik/SulawesiSelatan_Lontara/0028.jpg,17204d5eeb3c,batik,1,SulawesiSelatan_Lontara,True,flip_h,4,92.75035858154297,761.0,5.62612177370202,0.5919603128008685,6.703271841198455,57.38746417917363
dataset_batik/batik/SulawesiSelatan_Lontara/0028.jpg,17204d5eeb3c,batik,1,SulawesiSelatan_Lontara,True,flip_v,5,91.705810546875,744.0,5.632075694479498,0.5920314103598077,6.704901844575206,57.027383833077096
dataset_batik/batik/SulawesiSelatan_Lontara/0028.jpg,17204d5eeb3c,batik,1,SulawesiSelatan_Lontara,True,zoom06,6,31.57464599609375,524.0,5.224708485911056,0.6600617915923996,6.547822994740452,82.48811987927972
dataset_batik/batik/SulawesiSelatan_Lontara/0028.jpg,17204d5eeb3c,batik,1,SulawesiSelatan_Lontara,True,brightness0p93,7,92.67181396484375,752.0,5.5937641942976075,0.5934948021958973,6.706253392297397,57.43069643735721
dataset_batik/batik/SulawesiSelatan_Lontara/0028.jpg,17204d5eeb3c,batik,1,SulawesiSelatan_Lontara,True,contrast0p92,8,74.26122665405273,677.0,5.483473172123658,0.6060987987758781,6.703031799740591,57.6890228407753
dataset_batik/non_batik/polos/polos (2).png,1937342e6d3a,non_batik,0,polos,False,original,-1,0.0,0.0,5.50513792082243,0.5624150925092153,6.264857589750975,168.78242477015155
dataset_batik/non_batik/polos/polos (2).png,1937342e6d3a,non_batik,0,polos,True,rot90,0,0.0,0.0,5.495572811487705,0.5633105288785671,6.265513494495713,168.94519309800714
dataset_batik/non_batik/polos/polos (2).png,1937342e6d3a,non_batik,0,polos,True,rot180,1,0.0,0.0,5.505932614054161,0.5624517945594039,6.267904182535352,168.8842019882201
dataset_batik/non_batik/polos/polos (2).png,1937342e6d3a,non_batik,0,polos,True,rot270,2,0.0,0.0,5.492964046811931,0.5634946629347783,6.267158372725424,168.91631715822487
dataset_batik/non_batik/polos/polos (2).png,1937342e6d3a,non_batik,0,polos,True,rot+10p2,3,0.038166046142578125,23.0,5.282963218921165,0.5500629496065382,6.41279973799921,160.20419042950076
dataset_batik/non_batik/polos/polos (2).png,1937342e6d3a,non_batik,0,polos,True,flip_h,4,0.0,0.0,5.50502881224675,0.5624067330837886,6.2650129113210555,168.81548943743783
dataset_batik/non_batik/polos/polos (2).png,1937342e6d3a,non_batik,0,polos,True,flip_v,5,0.0,0.0,5.5061457096402915,0.5624805813160483,6.264672208399222,168.8279623982787
dataset_batik/non_batik/polos/polos (2).png,1937342e6d3a,non_batik,0,polos,True,zoom09,6,0.0,0.0,5.421578359495429,0.46860653002916547,5.673992029221077,192.36264130214312
dataset_batik/non_batik/polos/polos (2).png,1937342e6d3a,non_batik,0,polos,True,brightness1p08,7,0.0,0.0,5.415561244687621,0.562003699600634,6.264979682442796,168.6191132312637
dataset_batik/non_batik/polos/polos (2).png,1937342e6d3a,non_batik,0,polos,True,contrast0p87,8,0.0,0.0,5.2087499088902405,0.5953657289591956,6.224154513328069,168.71195294904115
dataset_batik/batik/SumateraBarat_Rumah_Minang/0020.jpg,1a750a1ff1bb,batik,1,SumateraBarat_Rumah_Minang,False,original,-1,98.29535675048828,886.0,6.976701459008419,0.4329543879061759,6.395743648958529,23.927800442326557
dataset_batik/batik/SumateraBarat_Rumah_Minang/0020.jpg,1a750a1ff1bb,batik,1,SumateraBarat_Rumah_Minang,True,rot90,0,98.92852783203125,895.0,6.97538264334972,0.43280066612989804,6.396541019797894,24.074518734613424
dataset_batik/batik/SumateraBarat_Rumah_Minang/0020.jpg,1a750a1ff1bb,batik,1,SumateraBarat_Rumah_Minang,True,rot180,1,100.42595672607422,903.0,6.975668572263965,0.43300737371748044,6.397602834984088,24.12189017212386
dataset_batik/batik/SumateraBarat_Rumah_Minang/0020.jpg,1a750a1ff1bb,batik,1,SumateraBarat_Rumah_Minang,True,rot270,2,99.0362548828125,894.0,6.975817726913173,0.43275399463184466,6.397238928765155,23.855116976286617
dataset_batik/batik/SumateraBarat_Rumah_Minang/0020.jpg,1a750a1ff1bb,batik,1,SumateraBarat_Rumah_Minang,True,rot+8p8,3,52.24418640136719,559.0,6.864137528993701,0.4544795812891604,6.216114545295968,26.920298210939247
dataset_batik/batik/SumateraBarat_Rumah_Minang/0020.jpg,1a750a1ff1bb,batik,1,SumateraBarat_Rumah_Minang,True,flip_h,4,100.90582275390625,908.0,6.975705218442967,0.43298310336792645,6.396229346320079,23.91109313221925
dataset_batik/batik/SumateraBarat_Rumah_Minang/0020.jpg,1a750a1ff1bb,batik,1,SumateraBarat_Rumah_Minang,True,flip_v,5,99.65106582641602,893.0,6.976643524470758,0.4327701232936174,6.398676358502403,24.124707589654605
dataset_batik/batik/SumateraBarat_Rumah_Minang/0020.jpg,1a750a1ff1bb,batik,1,SumateraBarat_Rumah_Minang,True,zoom05,6,46.13529968261719,558.0,6.826162653728,0.4655735067487371,6.166425327460628,30.328156792796698
dataset_batik/batik/SumateraBarat_Rumah_Minang/0020.jpg,1a750a1ff1bb,batik,1,SumateraBarat_Rumah_Minang,True,brightness0p92,7,96.11627197265625,868.0,7.0081386731086575,0.4298143741523741,6.395898365188778,23.76098968195214
dataset_batik/batik/SumateraBarat_Rumah_Minang/0020.jpg,1a750a1ff1bb,batik,1,SumateraBarat_Rumah_Minang,True,contrast0p91,8,78.67947387695312,748.0,6.9400941464277786,0.4368811568551258,6.394783600291843,23.54158746615373
dataset_batik/batik/Yogyakarta_Kawung/0040.jpg,1ae0673d1fc2,batik,1,Yogyakarta_Kawung,False,original,-1,248.78167724609372,1496.0,6.96948673102791,0.3957985880025618,6.656014083119003,168.7606997390405
dataset_batik/batik/Yogyakarta_Kawung/0040.jpg,1ae0673d1fc2,batik,1,Yogyakarta_Kawung,True,rot90,0,252.8313446044922,1515.0,6.9718594338776985,0.3952613718989564,6.653304925080134,168.76362834247584
dataset_batik/batik/Yogyakarta_Kawung/0040.jpg,1ae0673d1fc2,batik,1,Yogyakarta_Kawung,True,rot180,1,247.4146499633789,1507.0,6.9695921636936,0.3956843344400922,6.653366387313733,168.74957199475355
dataset_batik/batik/Yogyakarta_Kawung/0040.jpg,1ae0673d1fc2,batik,1,Yogyakarta_Kawung,True,rot270,2,246.45350646972656,1482.0,6.9714521571530685,0.3952705624686099,6.651362597228101,168.76393030066632
dataset_batik/batik/Yogyakarta_Kawung/0040.jpg,1ae0673d1fc2,batik,1,Yogyakarta_Kawung,True,rot+12p1,3,96.00203704833984,1137.0,6.81433590768969,0.4255351821992995,6.466165742980386,183.6865562511685
dataset_batik/batik/Yogyakarta_Kawung/0040.jpg,1ae0673d1fc2,batik,1,Yogyakarta_Kawung,True,flip_h,4,247.3711166381836,1506.0,6.969429618800764,0.39571763326232035,6.653381478873424,168.76213134725404
dataset_batik/batik/Yogyakarta_Kawung/0040.jpg,1ae0673d1fc2,batik,1,Yogyakarta_Kawung,True,flip_v,5,250.54087829589844,1518.0,6.969410540144716,0.3956714960754496,6.653846624707856,168.76757300499244
dataset_batik/batik/Yogyakarta_Kawung/0040.jpg,1ae0673d1fc2,batik,1,Yogyakarta_Kawung,True,zoom09,6,71.48849487304688,1066.0,6.748033535150869,0.4409560936069899,6.379603868062206,213.27914604179082
dataset_batik/batik/Yogyakarta_Kawung/0040.jpg,1ae0673d1fc2,batik,1,Yogyakarta_Kawung,True,brightness1p06,7,218.5682601928711,1449.0,6.87292535643108,0.404526798621053,6.659550410004833,171.2589808468906
dataset_batik/batik/Yogyakarta_Kawung/0040.jpg,1ae0673d1fc2,batik,1,Yogyakarta_Kawung,True,contrast1p03,8,256.61920166015625,1602.0,6.958159600688544,0.39574016630099423,6.654680401841906,169.08071633167515
dataset_batik/non_batik/bunga_nonbatik/bunga (1).png,1c522c3d0bdc,non_batik,0,bunga_nonbatik,False,original,-1,165.19602584838867,963.0,5.205775964392615,0.5699714389223511,6.849462611580266,11.01633720808213
dataset_batik/non_batik/bunga_nonbatik/bunga (1).png,1c522c3d0bdc,non_batik,0,bunga_nonbatik,True,rot90,0,164.94796752929688,973.0,5.199872279911224,0.5707752178964857,6.854127631795584,11.012311252405974
dataset_batik/non_batik/bunga_nonbatik/bunga (1).png,1c522c3d0bdc,non_batik,0,bunga_nonbatik,True,rot180,1,166.2656707763672,978.0,5.205131663697045,0.5699241778998286,6.8511373695967475,11.036102286144752
dataset_batik/non_batik/bunga_nonbatik/bunga (1).png,1c522c3d0bdc,non_batik,0,bunga_nonbatik,True,rot270,2,165.49118423461914,967.0,5.199005679652337,0.5708886940371386,6.853990914769078,11.02649452069458
dataset_batik/non_batik/bunga_nonbatik/bunga (1).png,1c522c3d0bdc,non_batik,0,bunga_nonbatik,True,rot+8p8,3,161.83635711669922,1070.0,5.18193684074792,0.5749224357088543,6.87886065571527,11.687124268208166
dataset_batik/non_batik/bunga_nonbatik/bunga (1).png,1c522c3d0bdc,non_batik,0,bunga_nonbatik,True,flip_h,4,167.60124969482422,982.0,5.206000550131073,0.5699165265278928,6.85220094131451,11.030714244830609
dataset_batik/non_batik/bunga_nonbatik/bunga (1).png,1c522c3d0bdc,non_batik,0,bunga_nonbatik,True,flip_v,5,164.08086395263672,974.0,5.205454632680832,0.5698955690814146,6.849823038273838,11.01609730269884
dataset_batik/non_batik/bunga_nonbatik/bunga (1).png,1c522c3d0bdc,non_batik,0,bunga_nonbatik,True,zoom10,6,222.6673583984375,1328.0,5.616928588989635,0.5163627653096858,7.0211382634580755,14.244074545146432
dataset_batik/non_batik/bunga_nonbatik/bunga (1).png,1c522c3d0bdc,non_batik,0,bunga_nonbatik,True,brightness1p10,7,155.94624710083008,937.0,5.13364652593316,0.576429227433652,6.831338465678719,11.223347370466067
dataset_batik/non_batik/bunga_nonbatik/bunga (1).png,1c522c3d0bdc,non_batik,0,bunga_nonbatik,True,contrast1p12,8,150.5579719543457,977.0,5.2173662763335535,0.5708972396408587,6.838530994400918,11.332808349532936
dataset_batik/batik/batik semarangan/semarangan3.jpg,1e1c6c73c84d,batik,1,batik semarangan,False,original,-1,215.90988159179688,1064.0,7.329342288927549,0.3862383061938094,6.656551417739871,24.144788309028183
dataset_batik/batik/batik semarangan/semarangan3.jpg,1e1c6c73c84d,batik,1,batik semarangan,True,rot90,0,213.9242706298828,1052.0,7.329504178985561,0.38616138582217086,6.656418175323628,24.14382120156363
dataset_batik/batik/batik semarangan/semarangan3.jpg,1e1c6c73c84d,batik,1,batik semarangan,True,rot180,1,216.74251556396484,1067.0,7.331104186846407,0.38590918314969647,6.659715971579126,24.207672576204075
dataset_batik/batik/batik semarangan/semarangan3.jpg,1e1c6c73c84d,batik,1,batik semarangan,True,rot270,2,218.58012771606445,1069.0,7.331963624861195,0.3861615339264025,6.65659064266098,24.10865081908007
dataset_batik/batik/batik semarangan/semarangan3.jpg,1e1c6c73c84d,batik,1,batik semarangan,True,rot-2p0,3,171.27570343017578,979.0,7.146795617424315,0.4236703917613996,6.497353848472486,31.186853667151055
dataset_batik/batik/batik semarangan/semarangan3.jpg,1e1c6c73c84d,batik,1,batik semarangan,True,flip_h,4,215.11978912353516,1053.0,7.33082551068069,0.3861802794748662,6.6593686982098514,24.152022995915253
dataset_batik/batik/batik semarangan/semarangan3.jpg,1e1c6c73c84d,batik,1,batik semarangan,True,flip_v,5,219.72342681884766,1079.0,7.32901240371948,0.3862435044507281,6.658943136507157,24.19011998921304
dataset_batik/batik/batik semarangan/semarangan3.jpg,1e1c6c73c84d,batik,1,batik semarangan,True,zoom09,6,158.2858657836914,970.0,7.092607480308178,0.42041283224778453,6.417063285795687,31.815989008161637
dataset_batik/batik/batik semarangan/semarangan3.jpg,1e1c6c73c84d,batik,1,batik semarangan,True,brightness0p97,7,200.61058807373047,1018.0,7.327942079860613,0.3887380139850542,6.641418892189034,24.190366823898827
dataset_batik/batik/batik semarangan/semarangan3.jpg,1e1c6c73c84d,batik,1,batik semarangan,True,contrast0p97,8,210.32948684692383,1039.0,7.320898673371358,0.38686842571855784,6.6610846103814225,24.095141308884735
dataset_batik/batik/SulawesiSelatan_Lontara/0017.jpg,1ebf8c8980d8,batik,1,SulawesiSelatan_Lontara,False,original,-1,27.161598205566406,475.0,5.318640570147782,0.5875957758819974,6.456677654247552,36.04964022058449
dataset_batik/batik/SulawesiSelatan_Lontara/0017.jpg,1ebf8c8980d8,batik,1,SulawesiSelatan_Lontara,True,rot90,0,26.33539581298828,462.0,5.31980290350105,0.5874043822036319,6.456046457898151,36.07093317996615
dataset_batik/batik/SulawesiSelatan_Lontara/0017.jpg,1ebf8c8980d8,batik,1,SulawesiSelatan_Lontara,True,rot180,1,26.858497619628906,466.0,5.317087888622383,0.5877860189443507,6.456196543950363,36.06238861097602
dataset_batik/batik/SulawesiSelatan_Lontara/0017.jpg,1ebf8c8980d8,batik,1,SulawesiSelatan_Lontara,True,rot270,2,27.09442138671875,470.0,5.31976976913732,0.5873615151026433,6.453815229127185,36.06182993503656
dataset_batik/batik/SulawesiSelatan_Lontara/0017.jpg,1ebf8c8980d8,batik,1,SulawesiSelatan_Lontara,True,rot+4p8,3,14.955558776855469,319.0,5.247250824560681,0.6051573836374226,6.362105401612862,44.69361795911358
dataset_batik/batik/SulawesiSelatan_Lontara/0017.jpg,1ebf8c8980d8,batik,1,SulawesiSelatan_Lontara,True,flip_h,4,26.800384521484375,470.0,5.318385702987155,0.5876097348131046,6.453767676219137,36.05328152149622
dataset_batik/batik/SulawesiSelatan_Lontara/0017.jpg,1ebf8c8980d8,batik,1,SulawesiSelatan_Lontara,True,flip_v,5,26.9349365234375,466.0,5.31785029981222,0.587690545783932,6.4559265211359165,36.06901220164751
dataset_batik/batik/SulawesiSelatan_Lontara/0017.jpg,1ebf8c8980d8,batik,1,SulawesiSelatan_Lontara,True,zoom04,6,12.8631591796875,281.0,5.193440267499746,0.613997151660548,6.361809947490469,45.86567289987136
dataset_batik/batik/SulawesiSelatan_Lontara/0017.jpg,1ebf8c8980d8,batik,1,SulawesiSelatan_Lontara,True,brightness1p03,7,26.371204376220703,463.0,5.345120055299233,0.5865788341945215,6.471361065554158,36.040106255485135
dataset_batik/batik/SulawesiSelatan_Lontara/0017.jpg,1ebf8c8980d8,batik,1,SulawesiSelatan_Lontara,True,contrast0p93,8,21.630111694335938,393.0,5.258118476990779,0.5919272113058114,6.448312561085829,36.164911912262795
dataset_batik/non_batik/bunga_nonbatik/bunga3.webp,1f9fa02cb0e6,non_batik,0,bunga_nonbatik,False,original,-1,25.673309326171875,456.0,5.5961699437739005,0.6418886823052443,6.80652013448664,20.698467983766
dataset_batik/non_batik/bunga_nonbatik/bunga3.webp,1f9fa02cb0e6,non_batik,0,bunga_nonbatik,True,rot90,0,25.192138671875,448.0,5.593700951939189,0.6418307223291272,6.8088717969122925,20.63207267767926
dataset_batik/non_batik/bunga_nonbatik/bunga3.webp,1f9fa02cb0e6,non_batik,0,bunga_nonbatik,True,rot180,1,24.533573150634766,437.0,5.596194639799869,0.641529520520773,6.802600321656872,20.699705548287557
dataset_batik/non_batik/bunga_nonbatik/bunga3.webp,1f9fa02cb0e6,non_batik,0,bunga_nonbatik,True,rot270,2,25.058250427246094,449.0,5.590679050496565,0.6419388703347031,6.810671305870688,20.647793092397205
dataset_batik/non_batik/bunga_nonbatik/bunga3.webp,1f9fa02cb0e6,non_batik,0,bunga_nonbatik,True,rot+13p6,3,24.55596923828125,418.0,5.555263780401025,0.6449168181747587,6.830998565765558,21.7896019216127
dataset_batik/non_batik/bunga_nonbatik/bunga3.webp,1f9fa02cb0e6,non_batik,0,bunga_nonbatik,True,flip_h,4,25.624099731445312,463.0,5.59445695922693,0.6419233803479697,6.8048568573099075,20.702600097533914
dataset_batik/non_batik/bunga_nonbatik/bunga3.webp,1f9fa02cb0e6,non_batik,0,bunga_nonbatik,True,flip_v,5,24.675704956054688,441.0,5.597345026352288,0.6416031138397207,6.809285030160844,20.695040586144284
dataset_batik/non_batik/bunga_nonbatik/bunga3.webp,1f9fa02cb0e6,non_batik,0,bunga_nonbatik,True,zoom10,6,21.94943618774414,393.0,5.546610029501656,0.6492668468110838,6.760984388571535,23.349884146794334
dataset_batik/non_batik/bunga_nonbatik/bunga3.webp,1f9fa02cb0e6,non_batik,0,bunga_nonbatik,True,brightness0p90,7,24.46417236328125,444.0,5.6690881566010205,0.6392561069288225,6.819685961471453,20.96582941282751
dataset_batik/non_batik/bunga_nonbatik/bunga3.webp,1f9fa02cb0e6,non_batik,0,bunga_nonbatik,True,contrast0p97,8,24.625076293945312,444.0,5.583373518894567,0.6442763288158389,6.803385702461888,20.67975013451384
dataset_batik/batik/Solo_Parang/0034.jpg,204cc85f05f5,batik,1,Solo_Parang,False,original,-1,119.54412841796876,1271.0,6.656967487451102,0.4617118565646692,5.998382857753606,129.72488596145948
dataset_batik/batik/Solo_Parang/0034.jpg,204cc85f05f5,batik,1,Solo_Parang,True,rot90,0,123.15579605102539,1273.0,6.653606676781518,0.4619530649256225,6.00095337874294,130.00797535578806
dataset_batik/batik/Solo_Parang/0034.jpg,204cc85f05f5,batik,1,Solo_Parang,True,rot180,1,119.86108016967773,1259.0,6.656553410462281,0.46184893701925417,6.000686449390553,129.63613192953187
dataset_batik/batik/Solo_Parang/0034.jpg,204cc85f05f5,batik,1,Solo_Parang,True,rot270,2,126.47296142578125,1302.0,6.6553132873406735,0.46171106717841304,5.9989143838540775,129.97586813473288
dataset_batik/batik/Solo_Parang/0034.jpg,204cc85f05f5,batik,1,Solo_Parang,True,rot+8p3,3,86.18013000488281,1162.0,6.4803861099769575,0.48757330550453215,5.755283936926823,156.28864153484756
dataset_batik/batik/Solo_Parang/0034.jpg,204cc85f05f5,batik,1,Solo_Parang,True,flip_h,4,124.88360595703125,1302.0,6.6561671516320065,0.4617399686128125,6.0001302965971846,129.64984699471339
dataset_batik/batik/Solo_Parang/0034.jpg,204cc85f05f5,batik,1,Solo_Parang,True,flip_v,5,120.24459838867188,1270.0,6.656989747868327,0.461747382175567,5.999687611664418,129.70493844308393
dataset_batik/batik/Solo_Parang/0034.jpg,204cc85f05f5,batik,1,Solo_Parang,True,zoom09,6,67.34681701660156,1013.0,6.4039934705309545,0.5065873354643511,5.685228453848666,169.752916392807
dataset_batik/batik/Solo_Parang/0034.jpg,204cc85f05f5,batik,1,Solo_Parang,True,brightness0p92,7,120.8355712890625,1256.0,6.577059177101247,0.4681229907663915,5.991936530894015,132.44382891760225
dataset_batik/batik/Solo_Parang/0034.jpg,204cc85f05f5,batik,1,Solo_Parang,True,contrast1p03,8,119.47149276733398,1253.0,6.665588864475778,0.46069010238120656,5.99667296848391,129.14868522403947
dataset_batik/batik/SumateraBarat_Rumah_Minang/0033.jpg,20802bdd836c,batik,1,SumateraBarat_Rumah_Minang,False,original,-1,99.4227294921875,758.0,7.055033332778567,0.4122940419507996,6.440943230772991,21.27677490958271
dataset_batik/batik/SumateraBarat_Rumah_Minang/0033.jpg,20802bdd836c,batik,1,SumateraBarat_Rumah_Minang,True,rot90,0,98.10823059082031,748.0,7.056451705203333,0.41198525208905756,6.439823464416609,21.295943506394636
dataset_batik/batik/SumateraBarat_Rumah_Minang/0033.jpg,20802bdd836c,batik,1,SumateraBarat_Rumah_Minang,True,rot180,1,100.84022521972656,766.0,7.0541926362882545,0.4121797285575962,6.440055104103008,21.22780140764069
dataset_batik/batik/SumateraBarat_Rumah_Minang/0033.jpg,20802bdd836c,batik,1,SumateraBarat_Rumah_Minang,True,rot270,2,100.0600357055664,766.0,7.053824263247042,0.4122369854715934,6.437330937738084,21.167785386690003
dataset_batik/batik/SumateraBarat_Rumah_Minang/0033.jpg,20802bdd836c,batik,1,SumateraBarat_Rumah_Minang,True,rot+6p9,3,62.549583435058594,526.0,6.955118998618741,0.4317821020427857,6.227312284834549,24.870153643055026
dataset_batik/batik/SumateraBarat_Rumah_Minang/0033.jpg,20802bdd836c,batik,1,SumateraBarat_Rumah_Minang,True,flip_h,4,101.379638671875,774.0,7.053711632103505,0.4122796578176415,6.440480410840035,21.195046053406468
dataset_batik/batik/SumateraBarat_Rumah_Minang/0033.jpg,20802bdd836c,batik,1,SumateraBarat_Rumah_Minang,True,flip_v,5,99.58611297607422,757.0,7.055870076293463,0.41206658447499317,6.440448618700369,21.298731769911438
dataset_batik/batik/SumateraBarat_Rumah_Minang/0033.jpg,20802bdd836c,batik,1,SumateraBarat_Rumah_Minang,True,zoom07,6,54.78651809692383,531.0,6.883427141576352,0.4486485678490111,6.1604489823901325,25.79128702939851
dataset_batik/batik/SumateraBarat_Rumah_Minang/0033.jpg,20802bdd836c,batik,1,SumateraBarat_Rumah_Minang,True,brightness0p97,7,99.17984008789062,758.0,7.069355779180249,0.4111234282358764,6.441107648472036,21.33277500514157
dataset_batik/batik/SumateraBarat_Rumah_Minang/0033.jpg,20802bdd836c,batik,1,SumateraBarat_Rumah_Minang,True,contrast1p06,8,106.80386352539062,792.0,7.059674041520769,0.41286695966947345,6.437473380624679,21.29112871751344
dataset_batik/non_batik/geometris/geometris (5).png,2147c3827a53,non_batik,0,geometris,False,original,-1,50.909423828125,304.0,6.817342681411834,0.4699021928866562,6.0953256336057535,237.39855272511812
dataset_batik/non_batik/geometris/geometris (5).png,2147c3827a53,non_batik,0,geometris,True,rot90,0,71.16035461425781,436.0,6.818846005863332,0.46998671035879763,6.096463934136153,237.04441883404195
dataset_batik/non_batik/geometris/geometris (5).png,2147c3827a53,non_batik,0,geometris,True,rot180,1,54.12868881225586,327.0,6.817676918328365,0.4697678581846607,6.093211261441826,237.42920775846292
dataset_batik/non_batik/geometris/geometris (5).png,2147c3827a53,non_batik,0,geometris,True,rot270,2,72.52939224243164,447.0,6.818931086738095,0.4699946203277705,6.096220424796405,236.99770948069335
dataset_batik/non_batik/geometris/geometris (5).png,2147c3827a53,non_batik,0,geometris,True,rot-8p3,3,63.18316650390625,452.0,6.764794060204215,0.4805365273747389,6.293671266109481,261.6025177312763
dataset_batik/non_batik/geometris/geometris (5).png,2147c3827a53,non_batik,0,geometris,True,flip_h,4,53.28448486328125,328.0,6.817699171222653,0.4698550884713477,6.0933922639129054,237.39679147961624
dataset_batik/non_batik/geometris/geometris (5).png,2147c3827a53,non_batik,0,geometris,True,flip_v,5,50.2218017578125,306.0,6.8173689304505505,0.469921625116021,6.093044760197737,237.42853138106162
dataset_batik/non_batik/geometris/geometris (5).png,2147c3827a53,non_batik,0,geometris,True,zoom08,6,33.71502685546875,209.0,7.053612716834504,0.42684355312019984,5.974713254930657,244.38645278380568
dataset_batik/non_batik/geometris/geometris (5).png,2147c3827a53,non_batik,0,geometris,True,brightness0p92,7,62.15779113769531,359.0,6.813776376508875,0.46703296251558934,6.106247050214633,239.68397318507368
dataset_batik/non_batik/geometris/geometris (5).png,2147c3827a53,non_batik,0,geometris,True,contrast0p88,8,70.5044174194336,441.0,6.732045433553489,0.476810787205637,6.10846508940719,245.0248732592716
dataset_batik/non_batik/bunga_nonbatik/bunga (5).png,21b7b85d4086,non_batik,0,bunga_nonbatik,False,original,-1,158.0688591003418,1063.0,5.78754936335416,0.5445552232257105,6.876514526832308,10.95604526514262
dataset_batik/non_batik/bunga_nonbatik/bunga (5).png,21b7b85d4086,non_batik,0,bunga_nonbatik,True,rot90,0,159.87104034423828,1073.0,5.7763191553265845,0.5462783594197653,6.8793833807601015,10.96597682256308
dataset_batik/non_batik/bunga_nonbatik/bunga (5).png,21b7b85d4086,non_batik,0,bunga_nonbatik,True,rot180,1,160.28789520263672,1065.0,5.785712351921298,0.5449988061292124,6.874910153489302,10.941445632430797
dataset_batik/non_batik/bunga_nonbatik/bunga (5).png,21b7b85d4086,non_batik,0,bunga_nonbatik,True,rot270,2,158.34010314941406,1066.0,5.775556239333161,0.5462483123031131,6.880867691775217,10.967138658358435
dataset_batik/non_batik/bunga_nonbatik/bunga (5).png,21b7b85d4086,non_batik,0,bunga_nonbatik,True,rot+2p0,3,146.1081771850586,1046.0,5.721541598898868,0.5560323840203245,6.893096076466961,12.787461484698133
dataset_batik/non_batik/bunga_nonbatik/bunga (5).png,21b7b85d4086,non_batik,0,bunga_nonbatik,True,flip_h,4,163.44850158691406,1086.0,5.786630124503452,0.5447830553788692,6.876375929221567,10.943669832612382
dataset_batik/non_batik/bunga_nonbatik/bunga (5).png,21b7b85d4086,non_batik,0,bunga_nonbatik,True,flip_v,5,158.2785186767578,1054.0,5.787299795028203,0.5447335939509717,6.87635206925496,10.95176835949545
dataset_batik/non_batik/bunga_nonbatik/bunga (5).png,21b7b85d4086,non_batik,0,bunga_nonbatik,True,zoom05,6,174.01485443115234,1139.0,5.861912602611095,0.5192768651124484,6.991452294123089,12.453836635114385
dataset_batik/non_batik/bunga_nonbatik/bunga (5).png,21b7b85d4086,non_batik,0,bunga_nonbatik,True,brightness1p07,7,157.36252212524414,1069.0,5.573631259203956,0.5585789524847653,6.789532381547141,11.006310015774831
dataset_batik/non_batik/bunga_nonbatik/bunga (5).png,21b7b85d4086,non_batik,0,bunga_nonbatik,True,contrast0p90,8,159.90793228149414,1009.0,5.532618035958207,0.5649570341490617,6.874074922139403,10.995365727827084
dataset_batik/batik/Yogyakarta_Parang/0016.jpg,224b3baae42f,batik,1,Yogyakarta_Parang,False,original,-1,61.80736541748047,747.0,6.67050175223784,0.4483948767919683,6.167721126413476,88.93399822164484
dataset_batik/batik/Yogyakarta_Parang/0016.jpg,224b3baae42f,batik,1,Yogyakarta_Parang,True,rot90,0,61.2659912109375,757.0,6.671987058722275,0.4478998606446725,6.164542776788131,88.90098932247815
dataset_batik/batik/Yogyakarta_Parang/0016.jpg,224b3baae42f,batik,1,Yogyakarta_Parang,True,rot180,1,61.961334228515625,762.0,6.670155351950365,0.44833455181536175,6.165334892356779,88.87175133058784
dataset_batik/batik/Yogyakarta_Parang/0016.jpg,224b3baae42f,batik,1,Yogyakarta_Parang,True,rot270,2,59.59213638305664,739.0,6.670112869261756,0.44826507668123666,6.168113708285692,88.90835840678835
dataset_batik/batik/Yogyakarta_Parang/0016.jpg,224b3baae42f,batik,1,Yogyakarta_Parang,True,rot+9p5,3,30.165817260742188,476.0,6.561650297970725,0.4677378651462101,5.902255601638451,103.9040232821543
dataset_batik/batik/Yogyakarta_Parang/0016.jpg,224b3baae42f,batik,1,Yogyakarta_Parang,True,flip_h,4,62.550498962402344,754.0,6.66956239331966,0.4485471310910588,6.166549572452151,88.89718519038583
dataset_batik/batik/Yogyakarta_Parang/0016.jpg,224b3baae42f,batik,1,Yogyakarta_Parang,True,flip_v,5,61.80736541748047,747.0,6.670770382590739,0.44829582421055186,6.1666433687311955,88.8917874265235
dataset_batik/batik/Yogyakarta_Parang/0016.jpg,224b3baae42f,batik,1,Yogyakarta_Parang,True,zoom02,6,20.683212280273438,431.0,6.516603356327691,0.47774114198105555,5.841761300740554,97.62053700730966
dataset_batik/batik/Yogyakarta_Parang/0016.jpg,224b3baae42f,batik,1,Yogyakarta_Parang,True,brightness0p95,7,57.00666809082031,722.0,6.686553394672076,0.4467559714932779,6.167334436562567,89.2132061427374
dataset_batik/batik/Yogyakarta_Parang/0016.jpg,224b3baae42f,batik,1,Yogyakarta_Parang,True,contrast1p06,8,65.53544998168945,785.0,6.664536939641971,0.44742471301660997,6.163555734544131,90.15152834928708
dataset_batik/batik/Solo_Parang/0027.jpg,232973849352,batik,1,Solo_Parang,False,original,-1,176.46429443359375,1136.0,7.114553396441651,0.4236853521957535,6.504128227880738,52.24177939421096
dataset_batik/batik/Solo_Parang/0027.jpg,232973849352,batik,1,Solo_Parang,True,rot90,0,172.7061767578125,1116.0,7.113034001626892,0.4238762098331121,6.5062734262762305,52.220549866373005
dataset_batik/batik/Solo_Parang/0027.jpg,232973849352,batik,1,Solo_Parang,True,rot180,1,168.86823654174805,1111.0,7.115687099348188,0.42372824383757246,6.507628525908531,52.21987845067559
dataset_batik/batik/Solo_Parang/0027.jpg,232973849352,batik,1,Solo_Parang,True,rot270,2,169.27562713623047,1105.0,7.113310396449988,0.4239538120198838,6.503586989091771,52.22422527425051
dataset_batik/batik/Solo_Parang/0027.jpg,232973849352,batik,1,Solo_Parang,True,rot+10p9,3,106.81481552124023,957.0,6.952711484335831,0.4520441438275181,6.2927444612791845,66.14818121523652
dataset_batik/batik/Solo_Parang/0027.jpg,232973849352,batik,1,Solo_Parang,True,flip_h,4,184.99872970581055,1147.0,7.115699881300522,0.42377270109706816,6.506479226544711,52.2229726020175
dataset_batik/batik/Solo_Parang/0027.jpg,232973849352,batik,1,Solo_Parang,True,flip_v,5,177.3874855041504,1131.0,7.115049267227781,0.42367628637536103,6.507711389031298,52.24213547361046
dataset_batik/batik/Solo_Parang/0027.jpg,232973849352,batik,1,Solo_Parang,True,zoom08,6,88.07493209838867,895.0,6.893549867232373,0.4678070251797019,6.2137144848051395,61.19096296781204
dataset_batik/batik/Solo_Parang/0027.jpg,232973849352,batik,1,Solo_Parang,True,brightness0p97,7,168.3746566772461,1102.0,7.123560605733708,0.42259688780408666,6.500993089515735,52.401991312680735
dataset_batik/batik/Solo_Parang/0027.jpg,232973849352,batik,1,Solo_Parang,True,contrast0p97,8,162.732666015625,1088.0,7.102490808736682,0.4249339031620142,6.508023457649531,52.421379474323444
dataset_batik/batik/batik solo/solo1.png,24dcb9ff498b,batik,1,batik solo,False,original,-1,341.7829055786133,1534.0,6.940359580277114,0.4025945348562166,6.7368795397912,47.86767466242667
dataset_batik/batik/batik solo/solo1.png,24dcb9ff498b,batik,1,batik solo,True,rot90,0,338.8804016113281,1514.0,6.941241359552036,0.4022862017603348,6.734749248160529,47.85153921878944
dataset_batik/batik/batik solo/solo1.png,24dcb9ff498b,batik,1,batik solo,True,rot180,1,337.9657173156738,1515.0,6.9360998928897395,0.4026396731018833,6.733431404063156,47.872086317779825
dataset_batik/batik/batik solo/solo1.png,24dcb9ff498b,batik,1,batik solo,True,rot270,2,337.43653869628906,1514.0,6.934962534888321,0.4028145211580392,6.734476295355238,47.847853116188425
dataset_batik/batik/batik solo/solo1.png,24dcb9ff498b,batik,1,batik solo,True,rot+3p9,3,309.48225021362305,1405.0,6.943741287321398,0.4022534489615207,6.65361379316052,50.40001031896189
dataset_batik/batik/batik solo/solo1.png,24dcb9ff498b,batik,1,batik solo,True,flip_h,4,335.25524139404297,1515.0,6.935380380700147,0.4027991229479227,6.736399326347511,47.862987158360085
dataset_batik/batik/batik solo/solo1.png,24dcb9ff498b,batik,1,batik solo,True,flip_v,5,339.55049896240234,1522.0,6.941967561000791,0.40236456908187607,6.735989663296084,47.86399668714758
dataset_batik/batik/batik solo/solo1.png,24dcb9ff498b,batik,1,batik solo,True,zoom08,6,327.95738220214844,1465.0,6.865416083920603,0.41281101057340325,6.649839149284865,55.67000065484378
dataset_batik/batik/batik solo/solo1.png,24dcb9ff498b,batik,1,batik solo,True,brightness1p03,7,339.69621658325195,1525.0,6.806059768560056,0.41144969935416065,6.7182881932230245,47.82489276420776
dataset_batik/batik/batik solo/solo1.png,24dcb9ff498b,batik,1,batik solo,True,contrast1p08,8,333.37176513671875,1532.0,6.67104247708825,0.4191128178156559,6.6681247829350205,47.70626848476568
dataset_batik/non_batik/polos/polos (6).png,27a1a686fc67,non_batik,0,polos,False,original,-1,0.0,0.0,5.03269813584555,0.5612263405950499,6.304438996101338,76.1100559035744
dataset_batik/non_batik/polos/polos (6).png,27a1a686fc67,non_batik,0,polos,True,rot90,0,0.0,0.0,5.026221989874987,0.5619159409139194,6.30548432028216,76.12491063047081
dataset_batik/non_batik/polos/polos (6).png,27a1a686fc67,non_batik,0,polos,True,rot180,1,0.0,0.0,5.033774476520467,0.5609880546274001,6.306844792604788,76.10674734905724
dataset_batik/non_batik/polos/polos (6).png,27a1a686fc67,non_batik,0,polos,True,rot270,2,0.0,0.0,5.026058565032445,0.5617986707441014,6.306559702776269,76.12536093212053
dataset_batik/non_batik/polos/polos (6).png,27a1a686fc67,non_batik,0,polos,True,rot-2p0,3,0.0,0.0,4.370593154226555,0.642529868685088,6.444412413958051,60.19725678835315
dataset_batik/non_batik/polos/polos (6).png,27a1a686fc67,non_batik,0,polos,True,flip_h,4,0.0,0.0,5.033895925757772,0.5610293788700923,6.305715956577362,76.1144162836102
dataset_batik/non_batik/polos/polos (6).png,27a1a686fc67,non_batik,0,polos,True,flip_v,5,0.0,0.0,5.03282597398972,0.5611155732149762,6.304807113504234,76.10430661829065
dataset_batik/non_batik/polos/polos (6).png,27a1a686fc67,non_batik,0,polos,True,zoom06,6,0.0,0.0,4.40631044617615,0.6237755221205514,6.5594233437395175,64.04518202699413
dataset_batik/non_batik/polos/polos (6).png,27a1a686fc67,non_batik,0,polos,True,brightness0p96,7,0.0,0.0,4.919529599389117,0.5737316758592739,6.307142664912177,75.65252414604764
dataset_batik/non_batik/polos/polos (6).png,27a1a686fc67,non_batik,0,polos,True,contrast0p97,8,0.0,0.0,4.954767644252856,0.572184082174694,6.296949775962589,76.20296933199347
dataset_batik/batik/SumateraBarat_Rumah_Minang/0014.jpg,2a17bd6593bc,batik,1,SumateraBarat_Rumah_Minang,False,original,-1,134.36187744140625,860.0,6.6370735501037865,0.4807589757402574,6.695917449084156,18.76993984779059
dataset_batik/batik/SumateraBarat_Rumah_Minang/0014.jpg,2a17bd6593bc,batik,1,SumateraBarat_Rumah_Minang,True,rot90,0,141.83003997802734,898.0,6.638980632794601,0.4809181403093118,6.694291825646031,18.833831255760927
dataset_batik/batik/SumateraBarat_Rumah_Minang/0014.jpg,2a17bd6593bc,batik,1,SumateraBarat_Rumah_Minang,True,rot180,1,142.1251335144043,901.0,6.637028638032778,0.4813565104828784,6.694358290587241,18.79592876590313
dataset_batik/batik/SumateraBarat_Rumah_Minang/0014.jpg,2a17bd6593bc,batik,1,SumateraBarat_Rumah_Minang,True,rot270,2,136.0532455444336,873.0,6.638231181000913,0.4809400816578483,6.696484718436684,18.85788834399091
dataset_batik/batik/SumateraBarat_Rumah_Minang/0014.jpg,2a17bd6593bc,batik,1,SumateraBarat_Rumah_Minang,True,rot-2p0,3,122.75086212158203,906.0,6.382689204252471,0.5307241098953932,6.492390105739579,24.06109815084159
dataset_batik/batik/SumateraBarat_Rumah_Minang/0014.jpg,2a17bd6593bc,batik,1,SumateraBarat_Rumah_Minang,True,flip_h,4,141.47363662719727,897.0,6.636533901011812,0.48117284528093607,6.696639477410844,18.799844378645904
dataset_batik/batik/SumateraBarat_Rumah_Minang/0014.jpg,2a17bd6593bc,batik,1,SumateraBarat_Rumah_Minang,True,flip_v,5,138.04876708984375,868.0,6.6377128163960055,0.480863146147936,6.69603750949971,18.781343484675556
dataset_batik/batik/SumateraBarat_Rumah_Minang/0014.jpg,2a17bd6593bc,batik,1,SumateraBarat_Rumah_Minang,True,zoom09,6,100.86458206176758,815.0,6.317040611755117,0.5390183321082295,6.453415772463718,25.494913973183095
dataset_batik/batik/SumateraBarat_Rumah_Minang/0014.jpg,2a17bd6593bc,batik,1,SumateraBarat_Rumah_Minang,True,brightness1p05,7,139.15054321289062,871.0,6.625137558323223,0.48302070430657107,6.697004158281258,18.841489903335237
dataset_batik/batik/SumateraBarat_Rumah_Minang/0014.jpg,2a17bd6593bc,batik,1,SumateraBarat_Rumah_Minang,True,contrast0p90,8,129.82666015625,820.0,6.491487658925557,0.4938382676703146,6.691275902870621,18.498984464110173
dataset_batik/batik/Yogyakarta_Kawung/005.jpg,2a2a23410a51,batik,1,Yogyakarta_Kawung,False,original,-1,14.969879150390623,678.0,5.69438795030828,0.6542066320910015,6.202598659488917,133.35641191180173
dataset_batik/batik/Yogyakarta_Kawung/005.jpg,2a2a23410a51,batik,1,Yogyakarta_Kawung,True,rot90,0,14.789051055908203,653.0,5.691630953925211,0.6544808364221106,6.210777396245392,133.75854256773286
dataset_batik/batik/Yogyakarta_Kawung/005.jpg,2a2a23410a51,batik,1,Yogyakarta_Kawung,True,rot180,1,15.2127685546875,681.0,5.69460413622058,0.6538025864666428,6.203724100754984,133.7287745971497
dataset_batik/batik/Yogyakarta_Kawung/005.jpg,2a2a23410a51,batik,1,Yogyakarta_Kawung,True,rot270,2,15.486099243164062,689.0,5.697356087784387,0.6538556517034363,6.2026017877751904,133.36777276770235
dataset_batik/batik/Yogyakarta_Kawung/005.jpg,2a2a23410a51,batik,1,Yogyakarta_Kawung,True,rot-4p6,3,10.430282592773438,582.0,5.593133492137827,0.6709124644961082,5.965593686162315,152.66002261863565
dataset_batik/batik/Yogyakarta_Kawung/005.jpg,2a2a23410a51,batik,1,Yogyakarta_Kawung,True,flip_h,4,15.550827026367188,694.0,5.696567993924135,0.6538171881951342,6.199784477468205,133.33946500810563
dataset_batik/batik/Yogyakarta_Kawung/005.jpg,2a2a23410a51,batik,1,Yogyakarta_Kawung,True,flip_v,5,14.74365234375,660.0,5.692533011730223,0.6542323406900066,6.203850986293451,133.72761727496766
dataset_batik/batik/Yogyakarta_Kawung/005.jpg,2a2a23410a51,batik,1,Yogyakarta_Kawung,True,zoom10,6,9.854713439941406,527.0,5.491965351226254,0.6843697967191723,5.919036836011349,167.52818574508376
dataset_batik/batik/Yogyakarta_Kawung/005.jpg,2a2a23410a51,batik,1,Yogyakarta_Kawung,True,brightness1p03,7,15.123390197753906,689.0,5.680140078981959,0.6541511196797156,6.199232284021225,133.2189490528429
dataset_batik/batik/Yogyakarta_Kawung/005.jpg,2a2a23410a51,batik,1,Yogyakarta_Kawung,True,contrast1p06,8,16.415634155273438,702.0,5.756323107072765,0.6470673443919669,6.203151576858304,132.89510041482916
dataset_batik/batik/Yogyakarta_Kawung/003.jpg,318560941f39,batik,1,Yogyakarta_Kawung,False,original,-1,31.78413391113281,1129.0,6.050640383862473,0.5867372728674536,6.310762653713029,117.39669675484866
dataset_batik/batik/Yogyakarta_Kawung/003.jpg,318560941f39,batik,1,Yogyakarta_Kawung,True,rot90,0,34.248252868652344,1158.0,6.047096870570519,0.587519008161705,6.309621117689964,117.25861623671248
dataset_batik/batik/Yogyakarta_Kawung/003.jpg,318560941f39,batik,1,Yogyakarta_Kawung,True,rot180,1,32.623558044433594,1138.0,6.052109859686777,0.5868124320047214,6.3124934033562505,117.29497883927561
dataset_batik/batik/Yogyakarta_Kawung/003.jpg,318560941f39,batik,1,Yogyakarta_Kawung,True,rot270,2,31.59841537475586,1115.0,6.049056000628493,0.5870500934098442,6.3124829752487415,117.36904031996043
dataset_batik/batik/Yogyakarta_Kawung/003.jpg,318560941f39,batik,1,Yogyakarta_Kawung,True,rot-2p8,3,20.0650634765625,879.0,5.9352253597097775,0.6091724496272535,6.040219359381817,129.92469454592901
dataset_batik/batik/Yogyakarta_Kawung/003.jpg,318560941f39,batik,1,Yogyakarta_Kawung,True,flip_h,4,31.911865234375,1136.0,6.051602867787326,0.5865186257914596,6.310438545448725,117.36580598564265
dataset_batik/batik/Yogyakarta_Kawung/003.jpg,318560941f39,batik,1,Yogyakarta_Kawung,True,flip_v,5,31.864013671875,1130.0,6.051413649569232,0.5868734155430693,6.311215504022647,117.30406819417296
dataset_batik/batik/Yogyakarta_Kawung/003.jpg,318560941f39,batik,1,Yogyakarta_Kawung,True,zoom10,6,19.129016876220703,883.0,5.854757759985123,0.6247881073768361,5.992861977910508,138.12327765485634
dataset_batik/batik/Yogyakarta_Kawung/003.jpg,318560941f39,batik,1,Yogyakarta_Kawung,True,brightness0p97,7,30.421241760253906,1066.0,6.036095302201641,0.5887943796682937,6.303106967832543,117.95915807348858
dataset_batik/batik/Yogyakarta_Kawung/003.jpg,318560941f39,batik,1,Yogyakarta_Kawung,True,contrast0p96,8,28.937759399414062,1058.0,5.996575080144435,0.591544100322666,6.309126291567778,118.23511629661265
dataset_batik/non_batik/tenun/tenun (7).png,31a7bede42b0,non_batik,0,tenun,False,original,-1,0.0,0.0,7.333230062229758,0.3449318692455148,6.821949960209992,32.19764136563544
dataset_batik/non_batik/tenun/tenun (7).png,31a7bede42b0,non_batik,0,tenun,True,rot90,0,0.0,0.0,7.328122436036881,0.3454257880571703,6.81940359474634,32.198027189474374
dataset_batik/non_batik/tenun/tenun (7).png,31a7bede42b0,non_batik,0,tenun,True,rot180,1,0.0,0.0,7.332770896990577,0.3450922755299128,6.819262954788644,32.21050275344922
dataset_batik/non_batik/tenun/tenun (7).png,31a7bede42b0,non_batik,0,tenun,True,rot270,2,0.0,0.0,7.326884025207477,0.3455414730596263,6.819345212110572,32.18539114816924
dataset_batik/non_batik/tenun/tenun (7).png,31a7bede42b0,non_batik,0,tenun,True,rot-2p0,3,0.0,0.0,7.300599844403369,0.35184898976743456,6.8465781308221665,34.60940664115521
dataset_batik/non_batik/tenun/tenun (7).png,31a7bede42b0,non_batik,0,tenun,True,flip_h,4,0.0,0.0,7.332555818877538,0.34498885251001965,6.82111720211585,32.210805650872416
dataset_batik/non_batik/tenun/tenun (7).png,31a7bede42b0,non_batik,0,tenun,True,flip_v,5,0.0,0.0,7.333020239996842,0.3450257097528743,6.8202727565007315,32.20829717198742
dataset_batik/non_batik/tenun/tenun (7).png,31a7bede42b0,non_batik,0,tenun,True,zoom04,6,0.6454391479492188,2.0,7.498515466655501,0.30882704734882516,6.883658136717109,36.714604817322574
dataset_batik/non_batik/tenun/tenun (7).png,31a7bede42b0,non_batik,0,tenun,True,brightness0p87,7,0.0,0.0,7.1939716416565105,0.3596864098441673,6.825479842740337,29.393202719044545
dataset_batik/non_batik/tenun/tenun (7).png,31a7bede42b0,non_batik,0,tenun,True,contrast1p04,8,0.0,0.0,7.317867108485859,0.3434732631257353,6.872834976271994,32.23794667244608
dataset_batik/batik/SumateraBarat_Rumah_Minang/008.jpg,32d72ffa72f3,batik,1,SumateraBarat_Rumah_Minang,False,original,-1,132.9507179260254,1191.0,6.9761946202052645,0.4501246306939979,6.54213330072351,23.74054646629173
dataset_batik/batik/SumateraBarat_Rumah_Minang/008.jpg,32d72ffa72f3,batik,1,SumateraBarat_Rumah_Minang,True,rot90,0,155.55763244628906,1220.0,6.973630445749806,0.45060379446244603,6.543299465486092,23.785067274291425
dataset_batik/batik/SumateraBarat_Rumah_Minang/008.jpg,32d72ffa72f3,batik,1,SumateraBarat_Rumah_Minang,True,rot180,1,158.70928573608398,1213.0,6.975628276006159,0.45013271292958323,6.5434078362110295,23.75543970515286
dataset_batik/batik/SumateraBarat_Rumah_Minang/008.jpg,32d72ffa72f3,batik,1,SumateraBarat_Rumah_Minang,True,rot270,2,136.290771484375,1208.0,6.9769722315610885,0.4505800402818052,6.548060190219361,23.77078128035109
dataset_batik/batik/SumateraBarat_Rumah_Minang/008.jpg,32d72ffa72f3,batik,1,SumateraBarat_Rumah_Minang,True,rot+13p4,3,94.13832092285156,1182.0,6.852895982138529,0.4754337616053293,6.343730606973475,27.67269657744486
dataset_batik/batik/SumateraBarat_Rumah_Minang/008.jpg,32d72ffa72f3,batik,1,SumateraBarat_Rumah_Minang,True,flip_h,4,135.2255859375,1212.0,6.977855936907174,0.44999429046135925,6.544992765947017,23.74664661416867
dataset_batik/batik/SumateraBarat_Rumah_Minang/008.jpg,32d72ffa72f3,batik,1,SumateraBarat_Rumah_Minang,True,flip_v,5,157.2081413269043,1203.0,6.974817271893839,0.45036051809158534,6.545387936584394,23.74917637110323
dataset_batik/batik/SumateraBarat_Rumah_Minang/008.jpg,32d72ffa72f3,batik,1,SumateraBarat_Rumah_Minang,True,zoom02,6,72.38568878173828,1022.0,6.8113847548753945,0.4848883571093402,6.306889325558878,28.955736617229068
dataset_batik/batik/SumateraBarat_Rumah_Minang/008.jpg,32d72ffa72f3,batik,1,SumateraBarat_Rumah_Minang,True,brightness0p94,7,153.40374755859375,1164.0,6.995314446202661,0.45126082413333024,6.535714421484576,23.829597136240135
dataset_batik/batik/SumateraBarat_Rumah_Minang/008.jpg,32d72ffa72f3,batik,1,SumateraBarat_Rumah_Minang,True,contrast1p03,8,132.79527282714844,1198.0,6.981294540580707,0.4485266652690769,6.544073368414425,23.711779351920125
dataset_batik/batik/Solo_Parang/0011.jpg,32d738243497,batik,1,Solo_Parang,False,original,-1,118.45415878295898,943.0,6.675923153687892,0.5168654917855993,6.476390576772475,73.84379555981664
dataset_batik/batik/Solo_Parang/0011.jpg,32d738243497,batik,1,Solo_Parang,True,rot90,0,116.82061767578125,938.0,6.67417073046791,0.5167681293960463,6.475732979395896,74.24056266108335
dataset_batik/batik/Solo_Parang/0011.jpg,32d738243497,batik,1,Solo_Parang,True,rot180,1,117.92269134521484,949.0,6.677552426413858,0.5166452288562485,6.472997389682599,73.89062030454507
dataset_batik/batik/Solo_Parang/0011.jpg,32d738243497,batik,1,Solo_Parang,True,rot270,2,115.61105346679688,936.0,6.673405576425392,0.5169582528862724,6.476130243460146,74.22303114504338
dataset_batik/batik/Solo_Parang/0011.jpg,32d738243497,batik,1,Solo_Parang,True,rot+8p7,3,73.52222442626953,855.0,6.493171922857918,0.5490297601545058,6.247905902362926,81.44183605554821
dataset_batik/batik/Solo_Parang/0011.jpg,32d738243497,batik,1,Solo_Parang,True,flip_h,4,118.08921813964844,949.0,6.6769126353049355,0.516634604534326,6.473624665663214,73.8849253806425
dataset_batik/batik/Solo_Parang/0011.jpg,32d738243497,batik,1,Solo_Parang,True,flip_v,5,119.58629608154297,955.0,6.677293245152374,0.5165985826839107,6.475629692687569,73.89184369601666
dataset_batik/batik/Solo_Parang/0011.jpg,32d738243497,batik,1,Solo_Parang,True,zoom07,6,65.00231552124023,809.0,6.455988449579625,0.5624080871086445,6.204714141914118,82.63354610327409
dataset_batik/batik/Solo_Parang/0011.jpg,32d738243497,batik,1,Solo_Parang,True,brightness1p12,7,106.09684753417969,934.0,6.443655385671428,0.5392021418556496,6.479996020095319,77.21373379321713
dataset_batik/batik/Solo_Parang/0011.jpg,32d738243497,batik,1,Solo_Parang,True,contrast0p94,8,111.6912612915039,926.0,6.6375792674721845,0.5217936466457902,6.469543395100793,74.1205932182268
dataset_batik/batik/SulawesiSelatan_Lontara/006.jpg,339148643a6c,batik,1,SulawesiSelatan_Lontara,False,original,-1,52.01661682128906,1121.0,6.366874109543331,0.45348768663982,6.676220574430548,55.66618305144322
dataset_batik/batik/SulawesiSelatan_Lontara/006.jpg,339148643a6c,batik,1,SulawesiSelatan_Lontara,True,rot90,0,51.65431213378906,1111.0,6.36430941433647,0.4537026744460531,6.677133797628988,55.625968843884884
dataset_batik/batik/SulawesiSelatan_Lontara/006.jpg,339148643a6c,batik,1,SulawesiSelatan_Lontara,True,rot180,1,51.10931396484375,1100.0,6.366896780716398,0.45336289385467865,6.676302271336395,55.6848965409039
dataset_batik/batik/SulawesiSelatan_Lontara/006.jpg,339148643a6c,batik,1,SulawesiSelatan_Lontara,True,rot270,2,51.569305419921875,1112.0,6.364583835563076,0.45356679606364925,6.677396739285679,55.61335278890365
dataset_batik/batik/SulawesiSelatan_Lontara/006.jpg,339148643a6c,batik,1,SulawesiSelatan_Lontara,True,rot+2p3,3,19.250953674316406,754.0,6.140730539445458,0.49648815601171514,6.447249245963214,70.52863595545257
dataset_batik/batik/SulawesiSelatan_Lontara/006.jpg,339148643a6c,batik,1,SulawesiSelatan_Lontara,True,flip_h,4,50.22943115234375,1096.0,6.367218492672889,0.45336860434150045,6.678135258667276,55.674303409672056
dataset_batik/batik/SulawesiSelatan_Lontara/006.jpg,339148643a6c,batik,1,SulawesiSelatan_Lontara,True,flip_v,5,50.68549346923828,1098.0,6.367442380785899,0.45341303762508733,6.677029948172313,55.67252722918986
dataset_batik/batik/SulawesiSelatan_Lontara/006.jpg,339148643a6c,batik,1,SulawesiSelatan_Lontara,True,zoom03,6,18.486083984375,746.0,6.0872666215682605,0.5018950918485281,6.425187037226164,81.3698554492767
dataset_batik/batik/SulawesiSelatan_Lontara/006.jpg,339148643a6c,batik,1,SulawesiSelatan_Lontara,True,brightness0p92,7,37.91463088989258,997.0,6.32655493756187,0.46003511218547855,6.6620591430853615,56.144252708367326
dataset_batik/batik/SulawesiSelatan_Lontara/006.jpg,339148643a6c,batik,1,SulawesiSelatan_Lontara,True,contrast1p09,8,75.3935546875,1312.0,6.476104290556098,0.44288738611567735,6.680938135244761,55.393742004631065
dataset_batik/non_batik/modern/modern (3).png,33eb73d4c302,non_batik,0,modern,False,original,-1,80.43355941772461,635.0,6.136919367983731,0.5995893948919128,6.668522752915711,32.900230827848766
dataset_batik/non_batik/modern/modern (3).png,33eb73d4c302,non_batik,0,modern,True,rot90,0,81.00582885742188,638.0,6.137360152455391,0.6001007216136766,6.667258086584239,33.03297455818884
dataset_batik/non_batik/modern/modern (3).png,33eb73d4c302,non_batik,0,modern,True,rot180,1,82.46533203125,644.0,6.137085441871055,0.600162146014967,6.662886883714899,32.964318689629046
dataset_batik/non_batik/modern/modern (3).png,33eb73d4c302,non_batik,0,modern,True,rot270,2,80.48773956298828,631.0,6.138475270660983,0.5999793782634952,6.666349467436884,32.925071096226446
dataset_batik/non_batik/modern/modern (3).png,33eb73d4c302,non_batik,0,modern,True,rot+2p0,3,72.99810791015625,612.0,5.994937131940716,0.6234789820266987,6.6237981129433985,37.27700773813758
dataset_batik/non_batik/modern/modern (3).png,33eb73d4c302,non_batik,0,modern,True,flip_h,4,83.67748260498047,650.0,6.138578885178523,0.5994823801089341,6.666198472645757,32.885927003456054
dataset_batik/non_batik/modern/modern (3).png,33eb73d4c302,non_batik,0,modern,True,flip_v,5,83.78163528442383,657.0,6.136508671704341,0.5998264666389818,6.667395249188493,32.983771791503344
dataset_batik/non_batik/modern/modern (3).png,33eb73d4c302,non_batik,0,modern,True,zoom04,6,84.36559295654297,657.0,6.26603416191723,0.5935951663681998,6.64795216905572,34.60315893472244
dataset_batik/non_batik/modern/modern (3).png,33eb73d4c302,non_batik,0,modern,True,brightness1p13,7,80.69953918457031,650.0,5.961472097762471,0.6134576646452867,6.638812586505708,33.42359444968968
dataset_batik/non_batik/modern/modern (3).png,33eb73d4c302,non_batik,0,modern,True,contrast1p10,8,91.00996017456055,707.0,6.355467799753683,0.576380802639305,6.670465179470153,33.409372322131006
dataset_batik/non_batik/bunga_nonbatik/bunga (10).png,3424f5620431,non_batik,0,bunga_nonbatik,False,original,-1,156.0347900390625,908.0,5.444488647647303,0.5865594979224483,6.891784446353481,10.794496623059864
dataset_batik/non_batik/bunga_nonbatik/bunga (10).png,3424f5620431,non_batik,0,bunga_nonbatik,True,rot90,0,151.53430938720703,886.0,5.434681791184173,0.5861225788196407,6.896078673754115,10.717655019209728
dataset_batik/non_batik/bunga_nonbatik/bunga (10).png,3424f5620431,non_batik,0,bunga_nonbatik,True,rot180,1,155.40286254882812,902.0,5.443987037555593,0.5863333026333997,6.891795326698092,10.77127502592226
dataset_batik/non_batik/bunga_nonbatik/bunga (10).png,3424f5620431,non_batik,0,bunga_nonbatik,True,rot270,2,155.55723190307617,905.0,5.43279115289381,0.5863336174738046,6.892483286611766,10.734712445952647
dataset_batik/non_batik/bunga_nonbatik/bunga (10).png,3424f5620431,non_batik,0,bunga_nonbatik,True,rot-10p9,3,164.47893142700195,965.0,5.432258059399027,0.5963429265571372,6.912454653144425,10.273899999268613
dataset_batik/non_batik/bunga_nonbatik/bunga (10).png,3424f5620431,non_batik,0,bunga_nonbatik,True,flip_h,4,156.10406494140625,908.0,5.444262800384724,0.5865229839680897,6.89393376071601,10.778481857341236
dataset_batik/non_batik/bunga_nonbatik/bunga (10).png,3424f5620431,non_batik,0,bunga_nonbatik,True,flip_v,5,155.48719024658203,906.0,5.444638756837065,0.5863851707027077,6.893184790561342,10.78265389546747
dataset_batik/non_batik/bunga_nonbatik/bunga (10).png,3424f5620431,non_batik,0,bunga_nonbatik,True,zoom06,6,177.1950912475586,985.0,5.5116388974857955,0.5647184877478933,6.976076579123859,10.647964458210959
dataset_batik/non_batik/bunga_nonbatik/bunga (10).png,3424f5620431,non_batik,0,bunga_nonbatik,True,brightness1p08,7,153.584716796875,892.0,5.2461467767462855,0.6018216844060296,6.590153593887225,10.768003091954693
dataset_batik/non_batik/bunga_nonbatik/bunga (10).png,3424f5620431,non_batik,0,bunga_nonbatik,True,contrast1p07,8,151.44309997558594,900.0,5.3760310640787505,0.5937581662124698,6.896066340470959,10.814198717326407
dataset_batik/batik/SumateraBarat_Rumah_Minang/0027.jpg,35db741433f7,batik,1,SumateraBarat_Rumah_Minang,False,original,-1,66.9407844543457,735.0,6.246632489986478,0.4952536217189409,6.408911574924398,26.507530405927326
dataset_batik/batik/SumateraBarat_Rumah_Minang/0027.jpg,35db741433f7,batik,1,SumateraBarat_Rumah_Minang,True,rot90,0,69.91143035888672,762.0,6.257971568946342,0.49531087274987434,6.407599199001295,26.505306020323538
dataset_batik/batik/SumateraBarat_Rumah_Minang/0027.jpg,35db741433f7,batik,1,SumateraBarat_Rumah_Minang,True,rot180,1,65.80970764160156,740.0,6.246059957446817,0.49553377117510944,6.40844801394786,26.502199481663837
dataset_batik/batik/SumateraBarat_Rumah_Minang/0027.jpg,35db741433f7,batik,1,SumateraBarat_Rumah_Minang,True,rot270,2,64.72251892089844,726.0,6.256653590589492,0.49475555059198056,6.409248849909143,26.505011344582805
dataset_batik/batik/SumateraBarat_Rumah_Minang/0027.jpg,35db741433f7,batik,1,SumateraBarat_Rumah_Minang,True,rot-2p5,3,51.258392333984375,610.0,6.116211135641137,0.5216278448783719,6.267814713337984,30.688887552939054
dataset_batik/batik/SumateraBarat_Rumah_Minang/0027.jpg,35db741433f7,batik,1,SumateraBarat_Rumah_Minang,True,flip_h,4,64.50891494750977,725.0,6.245376185021168,0.4952692800186245,6.409323349583935,26.50187174270572
dataset_batik/batik/SumateraBarat_Rumah_Minang/0027.jpg,35db741433f7,batik,1,SumateraBarat_Rumah_Minang,True,flip_v,5,65.90965270996094,739.0,6.248261297701873,0.4954308701423442,6.409211501085256,26.498040468047705
dataset_batik/batik/SumateraBarat_Rumah_Minang/0027.jpg,35db741433f7,batik,1,SumateraBarat_Rumah_Minang,True,zoom09,6,41.715171813964844,622.0,5.9887106725979775,0.5416892700378653,6.174636598298569,35.03838013281774
dataset_batik/batik/SumateraBarat_Rumah_Minang/0027.jpg,35db741433f7,batik,1,SumateraBarat_Rumah_Minang,True,brightness0p90,7,68.62405776977539,755.0,6.218745855676848,0.49449322893728,6.403848951735364,26.524624671825528
dataset_batik/batik/SumateraBarat_Rumah_Minang/0027.jpg,35db741433f7,batik,1,SumateraBarat_Rumah_Minang,True,contrast1p06,8,69.82536315917969,790.0,6.329184082076763,0.48861343030248117,6.409006935551131,26.74002997541273
dataset_batik/non_batik/tenun/tenun (8).png,372c786cc900,non_batik,0,tenun,False,original,-1,0.0,0.0,6.796646778984325,0.4822821439457818,6.761917228815987,30.960043011763
dataset_batik/non_batik/tenun/tenun (8).png,372c786cc900,non_batik,0,tenun,True,rot90,0,0.0,0.0,6.795204675240599,0.48226134552700395,6.749220092919365,30.998217851084195
dataset_batik/non_batik/tenun/tenun (8).png,372c786cc900,non_batik,0,tenun,True,rot180,1,0.0,0.0,6.795166934379397,0.48225104849972555,6.761182729171749,30.965937074581735
dataset_batik/non_batik/tenun/tenun (8).png,372c786cc900,non_batik,0,tenun,True,rot270,2,0.0,0.0,6.794900557836715,0.4821496880389146,6.749701569320521,30.98252682116821
dataset_batik/non_batik/tenun/tenun (8).png,372c786cc900,non_batik,0,tenun,True,rot-12p4,3,123.7393569946289,1110.0,6.817081036295145,0.47672778849635766,6.868915333699654,32.33708736673115
dataset_batik/non_batik/tenun/tenun (8).png,372c786cc900,non_batik,0,tenun,True,flip_h,4,0.0,0.0,6.795617968572614,0.4822432798597655,6.76084451540832,30.960322232799733
dataset_batik/non_batik/tenun/tenun (8).png,372c786cc900,non_batik,0,tenun,True,flip_v,5,0.0,0.0,6.795679398628636,0.48228741503824646,6.762420481442663,30.972847339636285
dataset_batik/non_batik/tenun/tenun (8).png,372c786cc900,non_batik,0,tenun,True,zoom03,6,0.0,0.0,6.899942808054112,0.466316281898119,6.759867890640821,33.68841309069623
dataset_batik/non_batik/tenun/tenun (8).png,372c786cc900,non_batik,0,tenun,True,brightness1p05,7,0.0,0.0,6.799485339717372,0.48341568228760123,6.7446521329412565,31.01695800715365
dataset_batik/non_batik/tenun/tenun (8).png,372c786cc900,non_batik,0,tenun,True,contrast1p08,8,0.0,0.0,6.902054618064431,0.47199301898087453,6.786939783761036,31.254121442916965
dataset_batik/non_batik/polos/polos (4).png,378df26e0ccb,non_batik,0,polos,False,original,-1,0.0,0.0,3.698682878674974,0.714018092595798,6.492196579748569,12.719750528094046
dataset_batik/non_batik/polos/polos (4).png,378df26e0ccb,non_batik,0,polos,True,rot90,0,0.0,0.0,3.6936872955560953,0.7154561783878906,6.486953588797407,12.654451890522802
dataset_batik/non_batik/polos/polos (4).png,378df26e0ccb,non_batik,0,polos,True,rot180,1,0.0,0.0,3.699363212178528,0.7142305682406839,6.487267028673853,12.715267500266041
dataset_batik/non_batik/polos/polos (4).png,378df26e0ccb,non_batik,0,polos,True,rot270,2,0.0,0.0,3.6939640722604006,0.7153939046007085,6.485824999448057,12.660189863250263
dataset_batik/non_batik/polos/polos (4).png,378df26e0ccb,non_batik,0,polos,True,rot-3p9,3,0.0,0.0,3.368350217760393,0.7596789031495383,6.479132959408297,12.963293626911064
dataset_batik/non_batik/polos/polos (4).png,378df26e0ccb,non_batik,0,polos,True,flip_h,4,0.0,0.0,3.6993575770263947,0.7141864833522806,6.489812935392905,12.731367821668602
dataset_batik/non_batik/polos/polos (4).png,378df26e0ccb,non_batik,0,polos,True,flip_v,5,0.0,0.0,3.698734164763842,0.7140860799651829,6.488668556514503,12.702737426083855
dataset_batik/non_batik/polos/polos (4).png,378df26e0ccb,non_batik,0,polos,True,zoom03,6,0.0,0.0,3.352748192375271,0.754656096921086,6.53412410852905,10.932073477425247
dataset_batik/non_batik/polos/polos (4).png,378df26e0ccb,non_batik,0,polos,True,brightness0p88,7,0.0,0.0,3.6103908729297913,0.7241253332153701,6.489755538252528,12.655332824511637
dataset_batik/non_batik/polos/polos (4).png,378df26e0ccb,non_batik,0,polos,True,contrast0p87,8,0.0,0.0,3.368696612541662,0.7474553698861959,6.498653532007351,12.474156510047477
dataset_batik/batik/Solo_Parang/0038.jpg,37dc41276bd9,batik,1,Solo_Parang,False,original,-1,78.67816162109375,808.0,6.77761185242653,0.4708851402978534,6.38324211741466,67.18798718781157
dataset_batik/batik/Solo_Parang/0038.jpg,37dc41276bd9,batik,1,Solo_Parang,True,rot90,0,78.36616516113281,810.0,6.777903068012317,0.4713057312090494,6.380804628653716,67.25434355328221
dataset_batik/batik/Solo_Parang/0038.jpg,37dc41276bd9,batik,1,Solo_Parang,True,rot180,1,80.24007797241211,807.0,6.778791527759401,0.47091604404640625,6.379963808869591,67.19868256763924
dataset_batik/batik/Solo_Parang/0038.jpg,37dc41276bd9,batik,1,Solo_Parang,True,rot270,2,79.71194458007812,812.0,6.777228595871497,0.4710357057481468,6.381976980846877,67.25936459951332
dataset_batik/batik/Solo_Parang/0038.jpg,37dc41276bd9,batik,1,Solo_Parang,True,rot+4p5,3,46.436119079589844,635.0,6.641610968355206,0.4916556894842583,6.106448073721741,83.85961489404545
dataset_batik/batik/Solo_Parang/0038.jpg,37dc41276bd9,batik,1,Solo_Parang,True,flip_h,4,78.54833602905273,815.0,6.777388723539422,0.47094091673534594,6.38268379002045,67.21177084683832
dataset_batik/batik/Solo_Parang/0038.jpg,37dc41276bd9,batik,1,Solo_Parang,True,flip_v,5,78.40214538574219,804.0,6.778244108273239,0.47111148825205795,6.382279661227714,67.20185630141867
dataset_batik/batik/Solo_Parang/0038.jpg,37dc41276bd9,batik,1,Solo_Parang,True,zoom10,6,32.95440673828125,600.0,6.54968743334359,0.5106014508679588,6.0557114725844166,93.30421854627777
dataset_batik/batik/Solo_Parang/0038.jpg,37dc41276bd9,batik,1,Solo_Parang,True,brightness0p96,7,63.45151901245117,695.0,6.750382604637818,0.47868996383920925,6.353590269362179,67.69321511693246
dataset_batik/batik/Solo_Parang/0038.jpg,37dc41276bd9,batik,1,Solo_Parang,True,contrast0p96,8,71.55791473388672,751.0,6.7579699108199005,0.4742878638831354,6.38478881734215,67.22752114589971
dataset_batik/non_batik/polos/polos (8).png,3b5356f36723,non_batik,0,polos,False,original,-1,0.5673294067382812,42.0,3.8192458072843873,0.6963434024121749,6.579531136823196,10.303604397802571
dataset_batik/non_batik/polos/polos (8).png,3b5356f36723,non_batik,0,polos,True,rot90,0,0.5684967041015625,44.0,3.7990390869892368,0.6979472392546985,6.584841911465771,10.254620140351824
dataset_batik/non_batik/polos/polos (8).png,3b5356f36723,non_batik,0,polos,True,rot180,1,0.5675506591796875,43.0,3.820489028611566,0.6964379756032205,6.582043737949437,10.2800394194807
dataset_batik/non_batik/polos/polos (8).png,3b5356f36723,non_batik,0,polos,True,rot270,2,0.5829315185546875,44.0,3.8005079134252004,0.6978699302152322,6.586382492168981,10.255880233656347
dataset_batik/non_batik/polos/polos (8).png,3b5356f36723,non_batik,0,polos,True,rot-11p0,3,0.10895156860351562,13.0,3.612620010226864,0.7214244270308714,6.600892645625423,5.614094161638054
dataset_batik/non_batik/polos/polos (8).png,3b5356f36723,non_batik,0,polos,True,flip_h,4,0.5506668090820312,42.0,3.820396240794866,0.6963233201822284,6.58268226426328,10.270624154261217
dataset_batik/non_batik/polos/polos (8).png,3b5356f36723,non_batik,0,polos,True,flip_v,5,0.5650825500488281,41.0,3.819489752970032,0.6964615065562259,6.579469764447966,10.323753016833246
dataset_batik/non_batik/polos/polos (8).png,3b5356f36723,non_batik,0,polos,True,zoom09,6,0.08737564086914062,9.0,3.8374904634744977,0.6698457769836454,6.656794922461624,10.250718179131722
dataset_batik/non_batik/polos/polos (8).png,3b5356f36723,non_batik,0,polos,True,brightness1p04,7,0.5553131103515625,42.0,3.7596081822576557,0.70082025498889,6.589175263202313,10.256127711071509
dataset_batik/non_batik/polos/polos (8).png,3b5356f36723,non_batik,0,polos,True,contrast0p92,8,0.1784515380859375,20.0,3.9597613305500383,0.6910278949813834,6.580121631358098,10.243165018766781
dataset_batik/non_batik/polos/polos (1).png,3c1f730579dc,non_batik,0,polos,False,original,-1,0.0,0.0,2.630068192185964,0.8466534916597876,6.682060799806283,11.452391830501504
dataset_batik/non_batik/polos/polos (1).png,3c1f730579dc,non_batik,0,polos,True,rot90,0,0.0,0.0,2.6295086647000527,0.8464674901873168,6.6714157789569075,11.554667272845984
dataset_batik/non_batik/polos/polos (1).png,3c1f730579dc,non_batik,0,polos,True,rot180,1,0.0,0.0,2.637963311355665,0.846037975073458,6.6821546930321905,11.459921050991623
dataset_batik/non_batik/polos/polos (1).png,3c1f730579dc,non_batik,0,polos,True,rot270,2,0.0,0.0,2.635817098453383,0.8460369861372194,6.675272778817142,11.555870586907611
dataset_batik/non_batik/polos/polos (1).png,3c1f730579dc,non_batik,0,polos,True,rot+3p5,3,0.0,0.0,2.312158410927413,0.8855121415135485,6.618143299234546,7.247690185798908
dataset_batik/non_batik/polos/polos (1).png,3c1f730579dc,non_batik,0,polos,True,flip_h,4,0.0,0.0,2.637740807028819,0.8460752352511137,6.683437141124568,11.448761525800878
dataset_batik/non_batik/polos/polos (1).png,3c1f730579dc,non_batik,0,polos,True,flip_v,5,0.0,0.0,2.6318128766423428,0.846422635019353,6.680314030129098,11.453190153147085
dataset_batik/non_batik/polos/polos (1).png,3c1f730579dc,non_batik,0,polos,True,zoom06,6,0.0,0.0,2.129584694872037,0.8780918503176247,6.682251196841538,9.241695195725356
dataset_batik/non_batik/polos/polos (1).png,3c1f730579dc,non_batik,0,polos,True,brightness0p94,7,0.0,0.0,2.916268706887928,0.8004346586220765,6.681764151526357,11.31416938419909
dataset_batik/non_batik/polos/polos (1).png,3c1f730579dc,non_batik,0,polos,True,contrast0p86,8,0.0,0.0,2.7391716976156317,0.808817325843265,6.603101015695295,11.389596105702866
dataset_batik/batik/Yogyakarta_Parang/0038.jpg,3c68bb5f2327,batik,1,Yogyakarta_Parang,False,original,-1,36.994422912597656,877.0,6.276523517907348,0.5480683056023327,6.311910547707959,144.5767624076077
dataset_batik/batik/Yogyakarta_Parang/0038.jpg,3c68bb5f2327,batik,1,Yogyakarta_Parang,True,rot90,0,36.537872314453125,876.0,6.27585845181777,0.547996341289256,6.312852659852921,144.54135274163136
dataset_batik/batik/Yogyakarta_Parang/0038.jpg,3c68bb5f2327,batik,1,Yogyakarta_Parang,True,rot180,1,37.874698638916016,875.0,6.274485728485465,0.5480973893423482,6.308257551211022,144.5871663001542
dataset_batik/batik/Yogyakarta_Parang/0038.jpg,3c68bb5f2327,batik,1,Yogyakarta_Parang,True,rot270,2,38.035457611083984,887.0,6.277742399029826,0.5478962185915226,6.311951398716479,144.59075429355292
dataset_batik/batik/Yogyakarta_Parang/0038.jpg,3c68bb5f2327,batik,1,Yogyakarta_Parang,True,rot+6p3,3,7.320919036865234,463.0,6.142244455651461,0.5727227810079073,6.0091240897504115,171.66672124045843
dataset_batik/batik/Yogyakarta_Parang/0038.jpg,3c68bb5f2327,batik,1,Yogyakarta_Parang,True,flip_h,4,37.31015396118164,879.0,6.276273653256299,0.5478973982804137,6.309914381789443,144.59284504455476
dataset_batik/batik/Yogyakarta_Parang/0038.jpg,3c68bb5f2327,batik,1,Yogyakarta_Parang,True,flip_v,5,38.715179443359375,888.0,6.274293469256831,0.5482045213025497,6.3121041598690635,144.55412675827031
dataset_batik/batik/Yogyakarta_Parang/0038.jpg,3c68bb5f2327,batik,1,Yogyakarta_Parang,True,zoom10,6,4.55657958984375,560.0,6.036917411858129,0.5915391148183123,6.007277678003983,218.55476845889254
dataset_batik/batik/Yogyakarta_Parang/0038.jpg,3c68bb5f2327,batik,1,Yogyakarta_Parang,True,brightness1p08,7,29.4013671875,748.0,6.05880715180828,0.5717062108631751,6.31138200341579,149.93289525624618
dataset_batik/batik/Yogyakarta_Parang/0038.jpg,3c68bb5f2327,batik,1,Yogyakarta_Parang,True,contrast1p05,8,41.92822265625,928.0,6.292953093590977,0.5470685146353147,6.314833785355295,146.2694668524008
dataset_batik/non_batik/modern/modern (5).png,3ca855a91edc,non_batik,0,modern,False,original,-1,60.8565559387207,811.0,4.267684822403192,0.7445294473034927,6.692946969911676,13.89336484934909
dataset_batik/non_batik/modern/modern (5).png,3ca855a91edc,non_batik,0,modern,True,rot90,0,60.120121002197266,809.0,4.268175582847292,0.7447062846170908,6.700381969852133,13.931814534014727
dataset_batik/non_batik/modern/modern (5).png,3ca855a91edc,non_batik,0,modern,True,rot180,1,61.308265686035156,809.0,4.268588560754246,0.744426070648867,6.690767936538714,13.88441317183631
dataset_batik/non_batik/modern/modern (5).png,3ca855a91edc,non_batik,0,modern,True,rot270,2,61.383514404296875,808.0,4.26675592848809,0.744922237558706,6.698861708562066,13.917050809163433
dataset_batik/non_batik/modern/modern (5).png,3ca855a91edc,non_batik,0,modern,True,rot-4p4,3,62.20517349243164,831.0,4.355973728433468,0.744149413559102,6.728506367376799,15.057441577521201
dataset_batik/non_batik/modern/modern (5).png,3ca855a91edc,non_batik,0,modern,True,flip_h,4,60.755855560302734,809.0,4.266726229113945,0.7446722216110676,6.691148596562108,13.881984612775168
dataset_batik/non_batik/modern/modern (5).png,3ca855a91edc,non_batik,0,modern,True,flip_v,5,61.38233184814453,809.0,4.2687957822756015,0.7443617595038428,6.692557137944863,13.898718606200623
dataset_batik/non_batik/modern/modern (5).png,3ca855a91edc,non_batik,0,modern,True,zoom03,6,64.29872131347656,844.0,4.340592238141486,0.7327875020711964,6.7262913433026945,15.761384807046888
dataset_batik/non_batik/modern/modern (5).png,3ca855a91edc,non_batik,0,modern,True,brightness0p97,7,59.99050521850586,809.0,3.8186622240659553,0.7846334046215717,6.699159486343388,13.918993860194096
dataset_batik/non_batik/modern/modern (5).png,3ca855a91edc,non_batik,0,modern,True,contrast0p91,8,58.162899017333984,785.0,4.210521274153916,0.7516553744650009,6.69371572133885,13.931805063072357
dataset_batik/non_batik/geometris/geometris (9).png,3d11a9f87152,non_batik,0,geometris,False,original,-1,5.038204193115234,169.0,3.474965624344267,0.8011690827684239,6.674740130628089,122.00231267422902
dataset_batik/non_batik/geometris/geometris (9).png,3d11a9f87152,non_batik,0,geometris,True,rot90,0,4.729400634765625,169.0,3.4771964396270367,0.8003074304908832,6.6742719434609095,122.03937177952191
dataset_batik/non_batik/geometris/geometris (9).png,3d11a9f87152,non_batik,0,geometris,True,rot180,1,5.038848876953125,169.0,3.4758075450902344,0.8012512902483481,6.67256538797573,121.94693226337165
dataset_batik/non_batik/geometris/geometris (9).png,3d11a9f87152,non_batik,0,geometris,True,rot270,2,4.728111267089844,169.0,3.473362283064867,0.8007944455279112,6.674686749583426,122.06018757345589
dataset_batik/non_batik/geometris/geometris (9).png,3d11a9f87152,non_batik,0,geometris,True,rot-10p1,3,4.95013427734375,176.0,3.09620703471177,0.8468095409443381,6.750829448710246,154.19415689514454
dataset_batik/non_batik/geometris/geometris (9).png,3d11a9f87152,non_batik,0,geometris,True,flip_h,4,5.039493560791016,169.0,3.474551361910074,0.8012337400665207,6.672021910681078,121.96906958884327
dataset_batik/non_batik/geometris/geometris (9).png,3d11a9f87152,non_batik,0,geometris,True,flip_v,5,5.038204193115234,169.0,3.4755522404954227,0.8011863635593386,6.675680556835152,121.95407550474296
dataset_batik/non_batik/geometris/geometris (9).png,3d11a9f87152,non_batik,0,geometris,True,zoom06,6,5.097515106201172,169.0,3.0421919653166505,0.8321427623636327,6.719133934996095,148.87206153709695
dataset_batik/non_batik/geometris/geometris (9).png,3d11a9f87152,non_batik,0,geometris,True,brightness1p13,7,4.464111328125,159.0,1.481869015657411,0.9255818197166741,2.8634009196698056,135.44921459316046
dataset_batik/non_batik/geometris/geometris (9).png,3d11a9f87152,non_batik,0,geometris,True,contrast0p87,8,4.69244384765625,168.0,3.500278414438591,0.7761036749767601,6.617478272365066,121.94269039773482
dataset_batik/non_batik/bunga_nonbatik/bunga1.jpg,3d5238641255,non_batik,0,bunga_nonbatik,False,original,-1,178.56937408447266,1109.0,7.001166839147958,0.4476415083561275,6.953624755760709,26.921744919426075
dataset_batik/non_batik/bunga_nonbatik/bunga1.jpg,3d5238641255,non_batik,0,bunga_nonbatik,True,rot90,0,184.5712890625,1142.0,7.001964708570864,0.44715544821917347,6.95440481596109,26.93821871035027
dataset_batik/non_batik/bunga_nonbatik/bunga1.jpg,3d5238641255,non_batik,0,bunga_nonbatik,True,rot180,1,180.26589965820312,1118.0,7.0025352212247745,0.44738940107429,6.9544518984617145,26.934718431867918
dataset_batik/non_batik/bunga_nonbatik/bunga1.jpg,3d5238641255,non_batik,0,bunga_nonbatik,True,rot270,2,178.8343162536621,1107.0,7.00395483887945,0.4468947059166151,6.955893037788181,26.875697465380846
dataset_batik/non_batik/bunga_nonbatik/bunga1.jpg,3d5238641255,non_batik,0,bunga_nonbatik,True,rot-11p7,3,192.84010314941406,1172.0,6.949356058465632,0.4524310467359602,6.963302522419686,27.52693561987571
dataset_batik/non_batik/bunga_nonbatik/bunga1.jpg,3d5238641255,non_batik,0,bunga_nonbatik,True,flip_h,4,178.5625991821289,1103.0,7.003720861850497,0.4472690827665629,6.956878451030306,26.89378913419123
dataset_batik/non_batik/bunga_nonbatik/bunga1.jpg,3d5238641255,non_batik,0,bunga_nonbatik,True,flip_v,5,184.13454055786133,1145.0,7.001642721249386,0.4476079911579747,6.953951620071575,26.962827329202632
dataset_batik/non_batik/bunga_nonbatik/bunga1.jpg,3d5238641255,non_batik,0,bunga_nonbatik,True,zoom06,6,184.90431213378906,1106.0,6.958340092483942,0.45863432881228483,6.9565397309812536,30.618659236195683
dataset_batik/non_batik/bunga_nonbatik/bunga1.jpg,3d5238641255,non_batik,0,bunga_nonbatik,True,brightness0p87,7,184.5774040222168,1139.0,7.041605662965352,0.44427839422117876,6.951363005385931,26.85905110872989
dataset_batik/non_batik/bunga_nonbatik/bunga1.jpg,3d5238641255,non_batik,0,bunga_nonbatik,True,contrast1p04,8,183.12565994262695,1141.0,7.002898026603958,0.44728428572311413,6.9633011341131485,27.239420839849014
dataset_batik/batik/Solo_Parang/0032.jpg,3db0cabb6a47,batik,1,Solo_Parang,False,original,-1,94.24220657348631,829.0,6.694536171285151,0.4822378710482236,6.094256052259755,111.35752034315664
dataset_batik/batik/Solo_Parang/0032.jpg,3db0cabb6a47,batik,1,Solo_Parang,True,rot90,0,97.43814468383789,825.0,6.69518132687605,0.4824063690511381,6.09378664218575,111.47854745560346
dataset_batik/batik/Solo_Parang/0032.jpg,3db0cabb6a47,batik,1,Solo_Parang,True,rot180,1,95.53916931152344,834.0,6.697483017252047,0.48194729307549633,6.092396813155823,111.37472932604142
dataset_batik/batik/Solo_Parang/0032.jpg,3db0cabb6a47,batik,1,Solo_Parang,True,rot270,2,94.13633346557617,805.0,6.695421892085205,0.48216327213333915,6.091834626023537,111.57047657409129
dataset_batik/batik/Solo_Parang/0032.jpg,3db0cabb6a47,batik,1,Solo_Parang,True,rot+12p5,3,56.49602508544922,657.0,6.505997594001727,0.5106143209281864,5.9101049414638345,126.40312315325504
dataset_batik/batik/Solo_Parang/0032.jpg,3db0cabb6a47,batik,1,Solo_Parang,True,flip_h,4,94.03115844726562,821.0,6.6961626888906585,0.4818000184364235,6.093974779159197,111.39883379953841
dataset_batik/batik/Solo_Parang/0032.jpg,3db0cabb6a47,batik,1,Solo_Parang,True,flip_v,5,99.85640716552734,834.0,6.696436903657345,0.4823636000827661,6.093438063555756,111.30859265147625
dataset_batik/batik/Solo_Parang/0032.jpg,3db0cabb6a47,batik,1,Solo_Parang,True,zoom03,6,44.50364303588867,577.0,6.456756445949334,0.519442577229678,5.8695006994442265,135.41391111002733
dataset_batik/batik/Solo_Parang/0032.jpg,3db0cabb6a47,batik,1,Solo_Parang,True,brightness1p10,7,98.17784881591797,818.0,6.6596520567791435,0.4859967324269059,6.093101416245823,111.4009151376109
dataset_batik/batik/Solo_Parang/0032.jpg,3db0cabb6a47,batik,1,Solo_Parang,True,contrast0p95,8,89.63159561157227,781.0,6.624497296459015,0.48954121783563925,6.097523343312115,111.68358824021567
dataset_batik/non_batik/tenun/tenun (4).png,3db82daf6e86,non_batik,0,tenun,False,original,-1,0.0,0.0,6.297014091992616,0.5347768804991424,6.674118941908112,44.5708291157499
dataset_batik/non_batik/tenun/tenun (4).png,3db82daf6e86,non_batik,0,tenun,True,rot90,0,0.0,0.0,6.300576205171815,0.5343401618838651,6.67900959551167,44.58535272657223
dataset_batik/non_batik/tenun/tenun (4).png,3db82daf6e86,non_batik,0,tenun,True,rot180,1,0.0,0.0,6.2960379228027685,0.5348312060348488,6.671121285887389,44.55107385861489
dataset_batik/non_batik/tenun/tenun (4).png,3db82daf6e86,non_batik,0,tenun,True,rot270,2,0.0,0.0,6.300235685236984,0.5344094191232996,6.677036129870052,44.56758558183133
dataset_batik/non_batik/tenun/tenun (4).png,3db82daf6e86,non_batik,0,tenun,True,rot-10p0,3,53.669525146484375,584.0,6.369392450006178,0.5306795363276892,6.817523493934059,40.026667168349626
dataset_batik/non_batik/tenun/tenun (4).png,3db82daf6e86,non_batik,0,tenun,True,flip_h,4,0.0,0.0,6.297058547375409,0.5347764097633816,6.673117022142987,44.54893935523029
dataset_batik/non_batik/tenun/tenun (4).png,3db82daf6e86,non_batik,0,tenun,True,flip_v,5,0.0,0.0,6.297480593898165,0.5347158555692946,6.6741055048163735,44.56226873032899
dataset_batik/non_batik/tenun/tenun (4).png,3db82daf6e86,non_batik,0,tenun,True,zoom06,6,2.775054931640625,17.0,6.419325214580091,0.5100941556843102,6.705240182330648,43.57038578666102
dataset_batik/non_batik/tenun/tenun (4).png,3db82daf6e86,non_batik,0,tenun,True,brightness0p95,7,0.0,0.0,6.300163678149408,0.5327520469134258,6.654811577735227,43.964134768352295
dataset_batik/non_batik/tenun/tenun (4).png,3db82daf6e86,non_batik,0,tenun,True,contrast1p07,8,0.0,0.0,6.413129601303553,0.5274173237459758,6.67158421503855,44.900779404846205
dataset_batik/non_batik/modern/modern (8).png,3f3ad4376dd0,non_batik,0,modern,False,original,-1,172.9478759765625,1452.0,4.619904804868966,0.6975321336618803,6.860122182309766,22.02317495752639
dataset_batik/non_batik/modern/modern (8).png,3f3ad4376dd0,non_batik,0,modern,True,rot90,0,174.37894821166992,1465.0,4.610592167585359,0.6973863307029035,6.860338903247812,22.10314097717331
dataset_batik/non_batik/modern/modern (8).png,3f3ad4376dd0,non_batik,0,modern,True,rot180,1,173.49896240234375,1457.0,4.614865133100119,0.6978192725833591,6.860985586581467,22.094506539379275
dataset_batik/non_batik/modern/modern (8).png,3f3ad4376dd0,non_batik,0,modern,True,rot270,2,175.1744842529297,1469.0,4.610886743957375,0.6971980967001818,6.861301421220233,22.034821038021065
dataset_batik/non_batik/modern/modern (8).png,3f3ad4376dd0,non_batik,0,modern,True,rot+2p0,3,174.82378005981445,1471.0,4.614291235995227,0.6946804006822438,6.846991319506644,22.32218276152556
dataset_batik/non_batik/modern/modern (8).png,3f3ad4376dd0,non_batik,0,modern,True,flip_h,4,172.60279083251953,1446.0,4.617456295588614,0.6974655979790509,6.862057844767462,22.0341220723042
dataset_batik/non_batik/modern/modern (8).png,3f3ad4376dd0,non_batik,0,modern,True,flip_v,5,173.68146514892578,1459.0,4.6165599762831855,0.6979243929991787,6.8597811910406445,22.09313776649114
dataset_batik/non_batik/modern/modern (8).png,3f3ad4376dd0,non_batik,0,modern,True,zoom08,6,235.31405639648438,1752.0,4.940117985612437,0.6585564147210254,6.94608865618529,23.125610532185718
dataset_batik/non_batik/modern/modern (8).png,3f3ad4376dd0,non_batik,0,modern,True,brightness1p06,7,174.01070404052734,1462.0,4.458210652502935,0.7050341633242163,6.846957092375765,22.080720089804984
dataset_batik/non_batik/modern/modern (8).png,3f3ad4376dd0,non_batik,0,modern,True,contrast1p09,8,184.25493240356445,1525.0,4.489484140658357,0.698024580963692,6.865219720196116,22.092651897281204
dataset_batik/batik/Solo_Parang/0025.jpg,418868e904b3,batik,1,Solo_Parang,False,original,-1,85.88479614257812,792.0,6.583537202899956,0.5262675656091683,6.468477413220306,62.02944682765902
dataset_batik/batik/Solo_Parang/0025.jpg,418868e904b3,batik,1,Solo_Parang,True,rot90,0,84.55824279785156,772.0,6.583606472554716,0.5260836257670577,6.47052148619051,62.1362677693037
dataset_batik/batik/Solo_Parang/0025.jpg,418868e904b3,batik,1,Solo_Parang,True,rot180,1,84.7869873046875,784.0,6.583939523653234,0.5264570092741971,6.467612197986639,62.04557368626468
dataset_batik/batik/Solo_Parang/0025.jpg,418868e904b3,batik,1,Solo_Parang,True,rot270,2,87.8782958984375,799.0,6.584488607177894,0.526362473678304,6.469540275986832,62.08128774355719
dataset_batik/batik/Solo_Parang/0025.jpg,418868e904b3,batik,1,Solo_Parang,True,rot+6p3,3,58.22410583496094,675.0,6.400617844172286,0.5599308375280809,6.276051127463467,70.7823317237256
dataset_batik/batik/Solo_Parang/0025.jpg,418868e904b3,batik,1,Solo_Parang,True,flip_h,4,86.34899139404297,790.0,6.584665388391565,0.5263440666370085,6.468925039158636,62.01185099409067
dataset_batik/batik/Solo_Parang/0025.jpg,418868e904b3,batik,1,Solo_Parang,True,flip_v,5,85.10856628417969,775.0,6.583324558244767,0.5261724635884417,6.469025264817993,62.034252225682984
dataset_batik/batik/Solo_Parang/0025.jpg,418868e904b3,batik,1,Solo_Parang,True,zoom04,6,49.835426330566406,646.0,6.414207113289617,0.561312928661163,6.2341258944587565,72.6342391097139
dataset_batik/batik/Solo_Parang/0025.jpg,418868e904b3,batik,1,Solo_Parang,True,brightness0p91,7,75.31086730957031,684.0,6.389310347430073,0.5511180155659722,6.46706461674931,66.33341811982821
dataset_batik/batik/Solo_Parang/0025.jpg,418868e904b3,batik,1,Solo_Parang,True,contrast0p92,8,74.5715103149414,723.0,6.499052988821061,0.5363577655767844,6.471694634476394,62.60292048428096
dataset_batik/non_batik/geometris/geometris (6).png,41c663680f51,non_batik,0,geometris,False,original,-1,0.0,0.0,5.253594411379813,0.5934459377198356,6.5889557716284575,29.955217145472503
dataset_batik/non_batik/geometris/geometris (6).png,41c663680f51,non_batik,0,geometris,True,rot90,0,0.0,0.0,5.256302899868337,0.5928455172912135,6.592181714054194,29.924856858072584
dataset_batik/non_batik/geometris/geometris (6).png,41c663680f51,non_batik,0,geometris,True,rot180,1,0.0,0.0,5.254566300273554,0.5934557410208405,6.591262156474533,30.038942923286676
dataset_batik/non_batik/geometris/geometris (6).png,41c663680f51,non_batik,0,geometris,True,rot270,2,0.0,0.0,5.257318017282197,0.5927154898571615,6.589336092218724,30.07212165149403
dataset_batik/non_batik/geometris/geometris (6).png,41c663680f51,non_batik,0,geometris,True,rot+10p8,3,10.058605194091797,89.0,5.086324735575096,0.6168779941626381,6.704965904806064,32.25637346126078
dataset_batik/non_batik/geometris/geometris (6).png,41c663680f51,non_batik,0,geometris,True,flip_h,4,0.0,0.0,5.254051910119785,0.5934811726760069,6.591017883738833,30.06348466933768
dataset_batik/non_batik/geometris/geometris (6).png,41c663680f51,non_batik,0,geometris,True,flip_v,5,0.0,0.0,5.254349150596048,0.593433585412491,6.5895977768533545,29.927858167120384
dataset_batik/non_batik/geometris/geometris (6).png,41c663680f51,non_batik,0,geometris,True,zoom02,6,0.0,0.0,4.97164939356202,0.6233799057443228,6.549457860322035,36.24673669908991
dataset_batik/non_batik/geometris/geometris (6).png,41c663680f51,non_batik,0,geometris,True,brightness0p93,7,0.0,0.0,5.18418791158855,0.6182199010146764,6.538917500632637,34.62616752707479
dataset_batik/non_batik/geometris/geometris (6).png,41c663680f51,non_batik,0,geometris,True,contrast1p03,8,0.0,0.0,5.332464363015223,0.5826238044518938,6.581832124949098,29.822161639115237
dataset_batik/batik/SumateraBarat_Rumah_Minang/0012.jpg,4296840cb96e,batik,1,SumateraBarat_Rumah_Minang,False,original,-1,249.7566261291504,1167.0,7.322625148863096,0.3903409934601181,6.722442789562684,34.58663934841886
dataset_batik/batik/SumateraBarat_Rumah_Minang/0012.jpg,4296840cb96e,batik,1,SumateraBarat_Rumah_Minang,True,rot90,0,245.17398834228516,1143.0,7.321026934881092,0.39000641532363733,6.719926899049494,34.64727168956756
dataset_batik/batik/SumateraBarat_Rumah_Minang/0012.jpg,4296840cb96e,batik,1,SumateraBarat_Rumah_Minang,True,rot180,1,245.24877166748047,1154.0,7.3214613117313325,0.39055638324068637,6.724011380741595,34.42315019128227
dataset_batik/batik/SumateraBarat_Rumah_Minang/0012.jpg,4296840cb96e,batik,1,SumateraBarat_Rumah_Minang,True,rot270,2,249.44625091552734,1163.0,7.32028768242699,0.39064383215057574,6.720880516340467,34.42942262816545
dataset_batik/batik/SumateraBarat_Rumah_Minang/0012.jpg,4296840cb96e,batik,1,SumateraBarat_Rumah_Minang,True,rot+9p7,3,207.14171600341797,1142.0,7.096048067116252,0.429488466331167,6.547180229970065,40.68971853437102
dataset_batik/batik/SumateraBarat_Rumah_Minang/0012.jpg,4296840cb96e,batik,1,SumateraBarat_Rumah_Minang,True,flip_h,4,245.71914672851562,1150.0,7.321942766472341,0.3908721720846795,6.722558234295359,34.39388556133915
dataset_batik/batik/SumateraBarat_Rumah_Minang/0012.jpg,4296840cb96e,batik,1,SumateraBarat_Rumah_Minang,True,flip_v,5,250.12084197998047,1166.0,7.322158459972288,0.3901626398234934,6.723225059883408,34.61549423387602
dataset_batik/batik/SumateraBarat_Rumah_Minang/0012.jpg,4296840cb96e,batik,1,SumateraBarat_Rumah_Minang,True,zoom07,6,161.3372802734375,928.0,7.020386213633796,0.4498573289906119,6.478259277581097,40.968152494681284
dataset_batik/batik/SumateraBarat_Rumah_Minang/0012.jpg,4296840cb96e,batik,1,SumateraBarat_Rumah_Minang,True,brightness1p14,7,247.51637649536133,1163.0,7.229390480767571,0.3983837843124779,6.723240737152757,34.5082331580894
dataset_batik/batik/SumateraBarat_Rumah_Minang/0012.jpg,4296840cb96e,batik,1,SumateraBarat_Rumah_Minang,True,contrast0p85,8,219.82665252685547,1082.0,7.216792138008694,0.40597104026305963,6.721702671779761,34.608407744332865
dataset_batik/batik/SumateraBarat_Rumah_Minang/007.jpg,4378ec5c01d7,batik,1,SumateraBarat_Rumah_Minang,False,original,-1,34.827880859375,554.0,6.347655094965495,0.5133931682071415,6.298573371674049,33.63253740077933
dataset_batik/batik/SumateraBarat_Rumah_Minang/007.jpg,4378ec5c01d7,batik,1,SumateraBarat_Rumah_Minang,True,rot90,0,34.97930145263672,558.0,6.348528963831855,0.5128525043083313,6.299510947525276,33.58830968693852
dataset_batik/batik/SumateraBarat_Rumah_Minang/007.jpg,4378ec5c01d7,batik,1,SumateraBarat_Rumah_Minang,True,rot180,1,34.23832702636719,532.0,6.35156112093415,0.5131234930365627,6.302144439166263,33.529113795719454
dataset_batik/batik/SumateraBarat_Rumah_Minang/007.jpg,4378ec5c01d7,batik,1,SumateraBarat_Rumah_Minang,True,rot270,2,38.8240966796875,557.0,6.346820287733797,0.5133182528874382,6.301654408088087,33.629108188476486
dataset_batik/batik/SumateraBarat_Rumah_Minang/007.jpg,4378ec5c01d7,batik,1,SumateraBarat_Rumah_Minang,True,rot-2p0,3,26.708980560302734,487.0,6.268044512356074,0.5318553836374689,6.135021573342089,36.43587411898148
dataset_batik/batik/SumateraBarat_Rumah_Minang/007.jpg,4378ec5c01d7,batik,1,SumateraBarat_Rumah_Minang,True,flip_h,4,36.29669189453125,560.0,6.349758516770036,0.5132546999092806,6.305526014306048,33.59617170383123
dataset_batik/batik/SumateraBarat_Rumah_Minang/007.jpg,4378ec5c01d7,batik,1,SumateraBarat_Rumah_Minang,True,flip_v,5,33.901336669921875,539.0,6.35000414348777,0.5131393747366909,6.301191250087714,33.555959526776064
dataset_batik/batik/SumateraBarat_Rumah_Minang/007.jpg,4378ec5c01d7,batik,1,SumateraBarat_Rumah_Minang,True,zoom09,6,16.00897216796875,496.0,6.193242879834376,0.5419419143407634,6.074674982036404,42.71943036048978
dataset_batik/batik/SumateraBarat_Rumah_Minang/007.jpg,4378ec5c01d7,batik,1,SumateraBarat_Rumah_Minang,True,brightness0p94,7,34.81168746948242,559.0,6.333525553213496,0.5132017429514106,6.297031859201844,33.78030067494557
dataset_batik/batik/SumateraBarat_Rumah_Minang/007.jpg,4378ec5c01d7,batik,1,SumateraBarat_Rumah_Minang,True,contrast1p09,8,39.98191833496094,605.0,6.426851545914496,0.5054101078033992,6.303332128935905,33.81182536352893
dataset_batik/batik/Yogyakarta_Kawung/0039.jpg,46224a6951cd,batik,1,Yogyakarta_Kawung,False,original,-1,37.44140625,512.0,6.355250879849191,0.5264076559118427,6.383217757187907,46.3945860161648
dataset_batik/batik/Yogyakarta_Kawung/0039.jpg,46224a6951cd,batik,1,Yogyakarta_Kawung,True,rot90,0,37.164241790771484,513.0,6.347458800574273,0.5270426001277747,6.383698238899418,46.34434499947065
dataset_batik/batik/Yogyakarta_Kawung/0039.jpg,46224a6951cd,batik,1,Yogyakarta_Kawung,True,rot180,1,36.05009841918945,493.0,6.350477604242483,0.5266888248387527,6.383226822483104,46.48564354461564
dataset_batik/batik/Yogyakarta_Kawung/0039.jpg,46224a6951cd,batik,1,Yogyakarta_Kawung,True,rot270,2,36.44315719604492,499.0,6.349212023505442,0.526994544805621,6.385565966914722,46.3556951353051
dataset_batik/batik/Yogyakarta_Kawung/0039.jpg,46224a6951cd,batik,1,Yogyakarta_Kawung,True,rot+11p4,3,31.110538482666016,469.0,6.261513541319184,0.5447327449609027,6.244903076034608,52.44589507373256
dataset_batik/batik/Yogyakarta_Kawung/0039.jpg,46224a6951cd,batik,1,Yogyakarta_Kawung,True,flip_h,4,36.38985824584961,499.0,6.35315269433746,0.5265673378347392,6.3861709656502335,46.44910268564282
dataset_batik/batik/Yogyakarta_Kawung/0039.jpg,46224a6951cd,batik,1,Yogyakarta_Kawung,True,flip_v,5,37.93272399902344,516.0,6.351822527000094,0.5267489148069924,6.384657047135192,46.449311354938565
dataset_batik/batik/Yogyakarta_Kawung/0039.jpg,46224a6951cd,batik,1,Yogyakarta_Kawung,True,zoom08,6,17.784942626953125,306.0,6.0889248532726175,0.5717799111748896,6.1781034137733295,59.44116924394726
dataset_batik/batik/Yogyakarta_Kawung/0039.jpg,46224a6951cd,batik,1,Yogyakarta_Kawung,True,brightness0p97,7,35.13591384887695,481.0,6.365109889485831,0.526131518220797,6.383816058856552,46.39786070733213
dataset_batik/batik/Yogyakarta_Kawung/0039.jpg,46224a6951cd,batik,1,Yogyakarta_Kawung,True,contrast1p10,8,42.64707946777344,578.0,6.428141098656976,0.5150936489247198,6.388924203855277,45.73430416176285
dataset_batik/batik/Yogyakarta_Kawung/0010.jpg,4685b3b6f662,batik,1,Yogyakarta_Kawung,False,original,-1,52.05940628051758,991.0,5.948991144506764,0.5273755567558327,6.620256457080574,271.20505904600685
dataset_batik/batik/Yogyakarta_Kawung/0010.jpg,4685b3b6f662,batik,1,Yogyakarta_Kawung,True,rot90,0,52.1501350402832,991.0,5.950053942753742,0.5268606330454538,6.62482143729064,271.44063479878764
dataset_batik/batik/Yogyakarta_Kawung/0010.jpg,4685b3b6f662,batik,1,Yogyakarta_Kawung,True,rot180,1,53.835819244384766,1039.0,5.948348966737232,0.5275863011861652,6.622272782734597,271.3358131018148
dataset_batik/batik/Yogyakarta_Kawung/0010.jpg,4685b3b6f662,batik,1,Yogyakarta_Kawung,True,rot270,2,52.40042495727539,1011.0,5.950730973447778,0.5266549713776119,6.625729046219464,271.2893927048606
dataset_batik/batik/Yogyakarta_Kawung/0010.jpg,4685b3b6f662,batik,1,Yogyakarta_Kawung,True,rot-3p6,3,12.714107513427734,449.0,5.619901432826694,0.5738576422514936,6.390785888446637,291.92167136659987
dataset_batik/batik/Yogyakarta_Kawung/0010.jpg,4685b3b6f662,batik,1,Yogyakarta_Kawung,True,flip_h,4,56.30155563354492,1073.0,5.948836760366054,0.5273558871600494,6.622180610686882,271.2382957573383
dataset_batik/batik/Yogyakarta_Kawung/0010.jpg,4685b3b6f662,batik,1,Yogyakarta_Kawung,True,flip_v,5,52.87411880493164,1009.0,5.948245052449289,0.5276088741908218,6.6236879455937165,271.29444943352485
dataset_batik/batik/Yogyakarta_Kawung/0010.jpg,4685b3b6f662,batik,1,Yogyakarta_Kawung,True,zoom09,6,12.284290313720703,437.0,5.679004870147335,0.566323951012442,6.362659027449279,195.0310670368703
dataset_batik/batik/Yogyakarta_Kawung/0010.jpg,4685b3b6f662,batik,1,Yogyakarta_Kawung,True,brightness1p15,7,22.01458740234375,502.0,5.216905043386763,0.5954044168817018,6.6639844109720165,295.7217206256332
dataset_batik/batik/Yogyakarta_Kawung/0010.jpg,4685b3b6f662,batik,1,Yogyakarta_Kawung,True,contrast1p10,8,51.58213806152344,979.0,5.908765111817965,0.5287561728626887,6.6315079052879495,274.27288058088567
dataset_batik/batik/SumateraBarat_Rumah_Minang/0011.jpg,482d00c6689f,batik,1,SumateraBarat_Rumah_Minang,False,original,-1,67.26874160766602,767.0,6.215274351303714,0.4995665556381923,6.382393456442106,27.55561955886729
dataset_batik/batik/SumateraBarat_Rumah_Minang/0011.jpg,482d00c6689f,batik,1,SumateraBarat_Rumah_Minang,True,rot90,0,68.41619491577148,785.0,6.214234591966082,0.5000623033661267,6.384216512646271,27.625857362193994
dataset_batik/batik/SumateraBarat_Rumah_Minang/0011.jpg,482d00c6689f,batik,1,SumateraBarat_Rumah_Minang,True,rot180,1,67.61560440063477,775.0,6.213255435855807,0.49992206298950687,6.383455342815096,27.531036355678555
dataset_batik/batik/SumateraBarat_Rumah_Minang/0011.jpg,482d00c6689f,batik,1,SumateraBarat_Rumah_Minang,True,rot270,2,67.13040161132812,763.0,6.213474851927512,0.499996098146923,6.381313877334032,27.627589437657235
dataset_batik/batik/SumateraBarat_Rumah_Minang/0011.jpg,482d00c6689f,batik,1,SumateraBarat_Rumah_Minang,True,rot-9p3,3,54.594051361083984,659.0,6.101732628366307,0.5214318377407847,6.249236358167469,29.26121090471454
dataset_batik/batik/SumateraBarat_Rumah_Minang/0011.jpg,482d00c6689f,batik,1,SumateraBarat_Rumah_Minang,True,flip_h,4,66.43314361572266,758.0,6.214070563865954,0.49966827423495574,6.381785347333718,27.573446456432503
dataset_batik/batik/SumateraBarat_Rumah_Minang/0011.jpg,482d00c6689f,batik,1,SumateraBarat_Rumah_Minang,True,flip_v,5,66.343505859375,758.0,6.214319570572772,0.49984054571168707,6.3833620434260965,27.555383476674486
dataset_batik/batik/SumateraBarat_Rumah_Minang/0011.jpg,482d00c6689f,batik,1,SumateraBarat_Rumah_Minang,True,zoom05,6,48.61573791503906,599.0,6.044658669642329,0.5334195483413322,6.19156851018519,32.44452916239414
dataset_batik/batik/SumateraBarat_Rumah_Minang/0011.jpg,482d00c6689f,batik,1,SumateraBarat_Rumah_Minang,True,brightness0p95,7,68.11019897460938,779.0,6.197715507854991,0.5009506955515796,6.381138880801266,27.53461823056244
dataset_batik/batik/SumateraBarat_Rumah_Minang/0011.jpg,482d00c6689f,batik,1,SumateraBarat_Rumah_Minang,True,contrast0p97,8,68.60384750366211,781.0,6.160737614432206,0.5046906689432086,6.382647360044932,27.46768412140725
dataset_batik/batik/Batik Sekar Jagad/38.jpg,4887f2b0b9db,batik,1,Batik Sekar Jagad,False,original,-1,293.0018081665039,1474.0,7.413206549661114,0.3561909118369993,6.67783445995817,19.04285149394624
dataset_batik/batik/Batik Sekar Jagad/38.jpg,4887f2b0b9db,batik,1,Batik Sekar Jagad,True,rot90,0,291.71016693115234,1465.0,7.413568960140989,0.35614005927882647,6.673633661216268,19.06065807123627
dataset_batik/batik/Batik Sekar Jagad/38.jpg,4887f2b0b9db,batik,1,Batik Sekar Jagad,True,rot180,1,287.07370376586914,1461.0,7.414270477519684,0.35633515390265635,6.676850709159561,19.061073619154158
dataset_batik/batik/Batik Sekar Jagad/38.jpg,4887f2b0b9db,batik,1,Batik Sekar Jagad,True,rot270,2,291.69078826904297,1470.0,7.415072387815842,0.3559637525057892,6.675035984121429,19.059988745408145
dataset_batik/batik/Batik Sekar Jagad/38.jpg,4887f2b0b9db,batik,1,Batik Sekar Jagad,True,rot+10p0,3,232.56153106689453,1414.0,7.204238072982123,0.3953107363931869,6.544728591066895,23.96655435203673
dataset_batik/batik/Batik Sekar Jagad/38.jpg,4887f2b0b9db,batik,1,Batik Sekar Jagad,True,flip_h,4,292.9512023925781,1474.0,7.414442528564057,0.3560952590979987,6.678208926444492,19.057950057796617
dataset_batik/batik/Batik Sekar Jagad/38.jpg,4887f2b0b9db,batik,1,Batik Sekar Jagad,True,flip_v,5,298.98343658447266,1499.0,7.412845653474699,0.35625084824811004,6.6768131533742805,19.040226463834962
dataset_batik/batik/Batik Sekar Jagad/38.jpg,4887f2b0b9db,batik,1,Batik Sekar Jagad,True,zoom09,6,229.8089599609375,1430.0,7.160305347170634,0.40612668545281205,6.463097797538882,27.830082536113654
dataset_batik/batik/Batik Sekar Jagad/38.jpg,4887f2b0b9db,batik,1,Batik Sekar Jagad,True,brightness0p97,7,290.4414710998535,1471.0,7.418396920808423,0.35668611941631867,6.675978731435108,19.1051874937286
dataset_batik/batik/Batik Sekar Jagad/38.jpg,4887f2b0b9db,batik,1,Batik Sekar Jagad,True,contrast0p97,8,294.1685371398926,1483.0,7.3999751790971935,0.35805024206194963,6.674056870429446,19.19237475811916
dataset_batik/batik/SumateraBarat_Rumah_Minang/0017.jpg,494cc5d151c0,batik,1,SumateraBarat_Rumah_Minang,False,original,-1,27.765106201171875,692.0,5.9699006052058206,0.6252291792703075,6.344178942227933,45.18125694347438
dataset_batik/batik/SumateraBarat_Rumah_Minang/0017.jpg,494cc5d151c0,batik,1,SumateraBarat_Rumah_Minang,True,rot90,0,28.533050537109375,698.0,5.975149773181175,0.6249119537806461,6.342708545709956,44.946907870260794
dataset_batik/batik/SumateraBarat_Rumah_Minang/0017.jpg,494cc5d151c0,batik,1,SumateraBarat_Rumah_Minang,True,rot180,1,32.147377014160156,694.0,5.975299116323616,0.6246712833740017,6.346367647549172,44.85667900352008
dataset_batik/batik/SumateraBarat_Rumah_Minang/0017.jpg,494cc5d151c0,batik,1,SumateraBarat_Rumah_Minang,True,rot270,2,28.323745727539062,700.0,5.975701068726322,0.6246053999688597,6.342533539282316,45.15952455672205
dataset_batik/batik/SumateraBarat_Rumah_Minang/0017.jpg,494cc5d151c0,batik,1,SumateraBarat_Rumah_Minang,True,rot-3p4,3,14.460807800292969,529.0,5.842150482032794,0.6476195899054293,6.166801160308806,52.401385451106435
dataset_batik/batik/SumateraBarat_Rumah_Minang/0017.jpg,494cc5d151c0,batik,1,SumateraBarat_Rumah_Minang,True,flip_h,4,31.407577514648438,684.0,5.972317711899684,0.6250095212703963,6.342539981331814,45.125387051923134
dataset_batik/batik/SumateraBarat_Rumah_Minang/0017.jpg,494cc5d151c0,batik,1,SumateraBarat_Rumah_Minang,True,flip_v,5,28.22265625,680.0,5.972526679268879,0.6251618127177597,6.343683657872818,44.92077347793554
dataset_batik/batik/SumateraBarat_Rumah_Minang/0017.jpg,494cc5d151c0,batik,1,SumateraBarat_Rumah_Minang,True,zoom10,6,13.301292419433594,526.0,5.745676912013607,0.6631562169210634,6.070460301274954,60.32553629855395
dataset_batik/batik/SumateraBarat_Rumah_Minang/0017.jpg,494cc5d151c0,batik,1,SumateraBarat_Rumah_Minang,True,brightness0p97,7,21.618839263916016,633.0,5.828115446738581,0.6501001882693257,6.322441866829148,45.20228581634024
dataset_batik/batik/SumateraBarat_Rumah_Minang/0017.jpg,494cc5d151c0,batik,1,SumateraBarat_Rumah_Minang,True,contrast1p13,8,31.542438507080078,713.0,6.046479032965556,0.6179652141733882,6.333945555885877,44.66923696095507
dataset_batik/batik/SumateraBarat_Rumah_Minang/0025.jpg,49e6fc0351e9,batik,1,SumateraBarat_Rumah_Minang,False,original,-1,95.45394515991212,957.0,6.846616389974365,0.452608442903895,6.512394407211557,31.658166510238285
dataset_batik/batik/SumateraBarat_Rumah_Minang/0025.jpg,49e6fc0351e9,batik,1,SumateraBarat_Rumah_Minang,True,rot90,0,90.17693710327148,917.0,6.844710907040122,0.4530108335886508,6.512048538453397,31.653757098689315
dataset_batik/batik/SumateraBarat_Rumah_Minang/0025.jpg,49e6fc0351e9,batik,1,SumateraBarat_Rumah_Minang,True,rot180,1,93.40086364746094,953.0,6.848169082857939,0.452535449771012,6.511536306207564,31.652027392969593
dataset_batik/batik/SumateraBarat_Rumah_Minang/0025.jpg,49e6fc0351e9,batik,1,SumateraBarat_Rumah_Minang,True,rot270,2,93.51345443725586,941.0,6.846078198467328,0.4527458518545502,6.5119528877722335,31.595699225559752
dataset_batik/batik/SumateraBarat_Rumah_Minang/0025.jpg,49e6fc0351e9,batik,1,SumateraBarat_Rumah_Minang,True,rot-12p5,3,67.32421875,768.0,6.711160428587259,0.4750528367694603,6.318765052605041,35.27810784574338
dataset_batik/batik/SumateraBarat_Rumah_Minang/0025.jpg,49e6fc0351e9,batik,1,SumateraBarat_Rumah_Minang,True,flip_h,4,94.79381561279297,951.0,6.848588464661951,0.452364246993229,6.511642068955959,31.621357193162726
dataset_batik/batik/SumateraBarat_Rumah_Minang/0025.jpg,49e6fc0351e9,batik,1,SumateraBarat_Rumah_Minang,True,flip_v,5,91.97145080566406,939.0,6.846469559597807,0.4526222915303992,6.513309118935815,31.67051871352439
dataset_batik/batik/SumateraBarat_Rumah_Minang/0025.jpg,49e6fc0351e9,batik,1,SumateraBarat_Rumah_Minang,True,zoom05,6,60.04405212402344,713.0,6.651576551703374,0.48572519907497524,6.279520315789142,40.926079077423225
dataset_batik/batik/SumateraBarat_Rumah_Minang/0025.jpg,49e6fc0351e9,batik,1,SumateraBarat_Rumah_Minang,True,brightness1p14,7,82.48899459838867,835.0,6.632345470231888,0.4745555878352809,6.513960111282117,32.002896974055
dataset_batik/batik/SumateraBarat_Rumah_Minang/0025.jpg,49e6fc0351e9,batik,1,SumateraBarat_Rumah_Minang,True,contrast0p89,8,75.58570861816406,798.0,6.777608931211936,0.46213938544482214,6.514210493933689,31.384071524401826
dataset_batik/non_batik/geometris/geometris (1).png,4b2cb2577a69,non_batik,0,geometris,False,original,-1,0.1606101989746093,1.0,6.274412883792831,0.5749068119792454,6.082930847129743,175.99133780063045
dataset_batik/non_batik/geometris/geometris (1).png,4b2cb2577a69,non_batik,0,geometris,True,rot90,0,0.645477294921875,4.0,6.277139997600974,0.5735666000583381,6.080031500239372,176.1395594557712
dataset_batik/non_batik/geometris/geometris (1).png,4b2cb2577a69,non_batik,0,geometris,True,rot180,1,0.4524192810058594,3.0,6.274822085676892,0.5747836122443257,6.086490870493461,175.86620403772707
dataset_batik/non_batik/geometris/geometris (1).png,4b2cb2577a69,non_batik,0,geometris,True,rot270,2,0.6070404052734375,4.0,6.277346645061436,0.5734200829400451,6.085166773658427,176.08281096039022
dataset_batik/non_batik/geometris/geometris (1).png,4b2cb2577a69,non_batik,0,geometris,True,rot-4p9,3,0.597015380859375,4.0,6.204248022379154,0.5700855560715721,6.272078212718088,279.0199993508673
dataset_batik/non_batik/geometris/geometris (1).png,4b2cb2577a69,non_batik,0,geometris,True,flip_h,4,0.0,0.0,6.2751766889678375,0.5747482519305378,6.0816813975429085,175.90150417323417
dataset_batik/non_batik/geometris/geometris (1).png,4b2cb2577a69,non_batik,0,geometris,True,flip_v,5,0.452911376953125,3.0,6.273907572325584,0.5749523147396878,6.081973930969802,175.96303492427404
dataset_batik/non_batik/geometris/geometris (1).png,4b2cb2577a69,non_batik,0,geometris,True,zoom06,6,5.658073425292969,30.0,6.502905667163387,0.5373341642788816,6.010286704995923,156.23213856068566
dataset_batik/non_batik/geometris/geometris (1).png,4b2cb2577a69,non_batik,0,geometris,True,brightness0p92,7,0.8075141906738281,5.0,6.179811475710197,0.5826656419444167,6.099743123565242,175.8247182297576
dataset_batik/non_batik/geometris/geometris (1).png,4b2cb2577a69,non_batik,0,geometris,True,contrast1p14,8,0.475250244140625,3.0,6.0490940714923305,0.5795093798027047,6.02246147262677,170.29461058064567
dataset_batik/non_batik/polkadot/polkadot5.jpg,4bd0134802da,non_batik,0,polkadot,False,original,-1,34.789581298828125,360.0,5.893305394843212,0.6908777273395736,6.005228794684486,132.21668761003016
dataset_batik/non_batik/polkadot/polkadot5.jpg,4bd0134802da,non_batik,0,polkadot,True,rot90,0,34.7113037109375,356.0,5.8920411831104555,0.6909544763414053,6.0074675237621165,132.2817604199417
dataset_batik/non_batik/polkadot/polkadot5.jpg,4bd0134802da,non_batik,0,polkadot,True,rot180,1,35.10857391357422,363.0,5.893169848842081,0.6908714168056886,6.004877010134507,132.23100158315455
dataset_batik/non_batik/polkadot/polkadot5.jpg,4bd0134802da,non_batik,0,polkadot,True,rot270,2,34.638641357421875,358.0,5.890443766532468,0.6914438589554119,6.013242035379176,132.30091617662399
dataset_batik/non_batik/polkadot/polkadot5.jpg,4bd0134802da,non_batik,0,polkadot,True,rot+13p3,3,35.321876525878906,371.0,5.964769057858828,0.6766839124878639,5.959144620986794,147.00418405710357
dataset_batik/non_batik/polkadot/polkadot5.jpg,4bd0134802da,non_batik,0,polkadot,True,flip_h,4,34.726409912109375,360.0,5.89288033025545,0.6909278788892911,6.0105591068102795,132.21867948577992
dataset_batik/non_batik/polkadot/polkadot5.jpg,4bd0134802da,non_batik,0,polkadot,True,flip_v,5,34.16789245605469,354.0,5.892599555601953,0.6909348502518747,6.003457434641577,132.23007254359095
dataset_batik/non_batik/polkadot/polkadot5.jpg,4bd0134802da,non_batik,0,polkadot,True,zoom08,6,17.704811096191406,278.0,5.818638550169221,0.7009751229269668,5.886940541191432,150.95016919729468
dataset_batik/non_batik/polkadot/polkadot5.jpg,4bd0134802da,non_batik,0,polkadot,True,brightness1p07,7,35.297698974609375,360.0,5.776553129294765,0.6970857937544666,5.9319430633792205,132.34818656897465
dataset_batik/non_batik/polkadot/polkadot5.jpg,4bd0134802da,non_batik,0,polkadot,True,contrast0p97,8,33.27216339111328,341.0,5.8732335923051675,0.693470481796788,6.000574379357065,132.65947970843527
dataset_batik/batik/Solo_Parang/004.jpg,4ce26e238996,batik,1,Solo_Parang,False,original,-1,63.208740234375,688.0,6.101510800825051,0.5588353445611328,6.266905556604573,47.63039475074244
dataset_batik/batik/Solo_Parang/004.jpg,4ce26e238996,batik,1,Solo_Parang,True,rot90,0,64.60743713378906,702.0,6.1053243856511346,0.5582416169781026,6.259802303559649,47.66482302971742
dataset_batik/batik/Solo_Parang/004.jpg,4ce26e238996,batik,1,Solo_Parang,True,rot180,1,61.71171569824219,676.0,6.101973748195037,0.5586994572342862,6.265842320948414,47.56329103340334
dataset_batik/batik/Solo_Parang/004.jpg,4ce26e238996,batik,1,Solo_Parang,True,rot270,2,62.35382080078125,676.0,6.106723746430964,0.5581148782898379,6.258706648527074,47.59820670173725
dataset_batik/batik/Solo_Parang/004.jpg,4ce26e238996,batik,1,Solo_Parang,True,rot+9p2,3,53.74946594238281,670.0,5.850986538508213,0.598636854513119,6.102454035613448,59.083508091012696
dataset_batik/batik/Solo_Parang/004.jpg,4ce26e238996,batik,1,Solo_Parang,True,flip_h,4,61.72589111328125,688.0,6.102308360485267,0.5587994858943319,6.265209648179936,47.556381777444585
dataset_batik/batik/Solo_Parang/004.jpg,4ce26e238996,batik,1,Solo_Parang,True,flip_v,5,63.78749465942383,691.0,6.1016093668835865,0.5587219046759506,6.263642464598164,47.62537729005173
dataset_batik/batik/Solo_Parang/004.jpg,4ce26e238996,batik,1,Solo_Parang,True,zoom10,6,46.288421630859375,594.0,5.8308027948133905,0.6059080473492593,6.106209969068727,65.24685065194198
dataset_batik/batik/Solo_Parang/004.jpg,4ce26e238996,batik,1,Solo_Parang,True,brightness0p96,7,60.656707763671875,669.0,6.278347319857499,0.5465003064217995,6.276561451725119,47.81767959850261
dataset_batik/batik/Solo_Parang/004.jpg,4ce26e238996,batik,1,Solo_Parang,True,contrast1p06,8,67.17861938476562,683.0,5.800391336898929,0.5880740175227036,5.813680628827477,47.302826776841954
dataset_batik/batik/Batik Sekar Jagad/1.jpg,4cf5c0621088,batik,1,Batik Sekar Jagad,False,original,-1,329.4780387878418,1507.0,6.9696440420374906,0.4098979449571672,6.547917264538107,21.136414514935485
dataset_batik/batik/Batik Sekar Jagad/1.jpg,4cf5c0621088,batik,1,Batik Sekar Jagad,True,rot90,0,327.1254348754883,1490.0,6.969409533442995,0.4099794404938969,6.549256155511925,21.073797853941336
dataset_batik/batik/Batik Sekar Jagad/1.jpg,4cf5c0621088,batik,1,Batik Sekar Jagad,True,rot180,1,303.9798469543457,1517.0,6.969410878343172,0.40957066950374166,6.547687590389821,21.17729634768772
dataset_batik/batik/Batik Sekar Jagad/1.jpg,4cf5c0621088,batik,1,Batik Sekar Jagad,True,rot270,2,303.5857849121094,1508.0,6.969768069162224,0.409823834540515,6.550277476755378,21.110385882043985
dataset_batik/batik/Batik Sekar Jagad/1.jpg,4cf5c0621088,batik,1,Batik Sekar Jagad,True,rot+5p2,3,210.20828247070312,1295.0,6.668930861625922,0.46313332644594624,6.383481559528988,27.57638803586607
dataset_batik/batik/Batik Sekar Jagad/1.jpg,4cf5c0621088,batik,1,Batik Sekar Jagad,True,flip_h,4,299.4636535644531,1496.0,6.969406230146951,0.4096047163058102,6.54866724507211,21.190893872958213
dataset_batik/batik/Batik Sekar Jagad/1.jpg,4cf5c0621088,batik,1,Batik Sekar Jagad,True,flip_v,5,329.30162811279297,1502.0,6.969396089676918,0.40986585273413584,6.546413688113623,21.135054490014944
dataset_batik/batik/Batik Sekar Jagad/1.jpg,4cf5c0621088,batik,1,Batik Sekar Jagad,True,zoom03,6,190.3543701171875,1214.0,6.64643772526925,0.4661523381469524,6.361778146547547,27.11498605126035
dataset_batik/batik/Batik Sekar Jagad/1.jpg,4cf5c0621088,batik,1,Batik Sekar Jagad,True,brightness0p92,7,327.0835876464844,1500.0,6.979197083657541,0.40901138891577,6.5484814670073765,21.166165480419227
dataset_batik/batik/Batik Sekar Jagad/1.jpg,4cf5c0621088,batik,1,Batik Sekar Jagad,True,contrast0p97,8,322.2340507507324,1459.0,6.934886822162453,0.41401938580606057,6.554623591144644,21.089501474482216
dataset_batik/non_batik/polos/polos (3).png,51819fbbc26f,non_batik,0,polos,False,original,-1,0.0,0.0,4.218742876210691,0.6508360074546871,6.715482606985384,10.930210747772351
dataset_batik/non_batik/polos/polos (3).png,51819fbbc26f,non_batik,0,polos,True,rot90,0,0.0,0.0,4.219327706358525,0.6505827288396657,6.716446669147604,10.861225574982688
dataset_batik/non_batik/polos/polos (3).png,51819fbbc26f,non_batik,0,polos,True,rot180,1,0.0,0.0,4.2189034996106605,0.6509598057509057,6.715293274727314,10.916250765191316
dataset_batik/non_batik/polos/polos (3).png,51819fbbc26f,non_batik,0,polos,True,rot270,2,0.0,0.0,4.219539701692464,0.6506788359133271,6.717332801759288,10.856259864680704
dataset_batik/non_batik/polos/polos (3).png,51819fbbc26f,non_batik,0,polos,True,rot-5p2,3,0.028533935546875,4.0,3.722960265495382,0.7355115799232191,6.716106735902732,11.250982807161346
dataset_batik/non_batik/polos/polos (3).png,51819fbbc26f,non_batik,0,polos,True,flip_h,4,0.0,0.0,4.219734370264134,0.6509215971018336,6.715613976460785,10.914743668889393
dataset_batik/non_batik/polos/polos (3).png,51819fbbc26f,non_batik,0,polos,True,flip_v,5,0.0,0.0,4.218893283761705,0.6507494079841444,6.715153749315562,10.922474612218755
dataset_batik/non_batik/polos/polos (3).png,51819fbbc26f,non_batik,0,polos,True,zoom05,6,0.0,0.0,3.8008200162602455,0.7053600145345775,6.793993227455907,16.755945931863607
dataset_batik/non_batik/polos/polos (3).png,51819fbbc26f,non_batik,0,polos,True,brightness1p06,7,0.0,0.0,4.516177684766924,0.6217008371954249,6.714603586239684,10.87069083548603
dataset_batik/non_batik/polos/polos (3).png,51819fbbc26f,non_batik,0,polos,True,contrast1p12,8,0.0,0.0,4.378002001648094,0.6294491716204376,6.82038146509251,10.785155158423876
dataset_batik/batik/Yogyakarta_Parang/0039.jpg,519b6e1dfbd9,batik,1,Yogyakarta_Parang,False,original,-1,263.989860534668,1477.0,7.194945518726295,0.3724283704042261,6.444824375316728,52.82063346636534
dataset_batik/batik/Yogyakarta_Parang/0039.jpg,519b6e1dfbd9,batik,1,Yogyakarta_Parang,True,rot90,0,264.59455490112305,1475.0,7.194033392093234,0.3725775734573963,6.444854976548273,52.8601043944278
dataset_batik/batik/Yogyakarta_Parang/0039.jpg,519b6e1dfbd9,batik,1,Yogyakarta_Parang,True,rot180,1,278.10045623779297,1499.0,7.193557306947039,0.3723589952653913,6.446126280719856,52.76054573973862
dataset_batik/batik/Yogyakarta_Parang/0039.jpg,519b6e1dfbd9,batik,1,Yogyakarta_Parang,True,rot270,2,276.4520263671875,1504.0,7.193476925995933,0.37257115242612054,6.442075912468583,52.85156377614154
dataset_batik/batik/Yogyakarta_Parang/0039.jpg,519b6e1dfbd9,batik,1,Yogyakarta_Parang,True,rot-3p6,3,203.85406494140625,1449.0,6.949132354002257,0.41101038231024933,6.20000699604927,67.636213789202
dataset_batik/batik/Yogyakarta_Parang/0039.jpg,519b6e1dfbd9,batik,1,Yogyakarta_Parang,True,flip_h,4,282.55027770996094,1546.0,7.193970819123912,0.3724660022426338,6.446251862324469,52.78509668316826
dataset_batik/batik/Yogyakarta_Parang/0039.jpg,519b6e1dfbd9,batik,1,Yogyakarta_Parang,True,flip_v,5,262.8361587524414,1497.0,7.194184455024305,0.37246549205782853,6.445096862452964,52.80003027654044
dataset_batik/batik/Yogyakarta_Parang/0039.jpg,519b6e1dfbd9,batik,1,Yogyakarta_Parang,True,zoom04,6,188.61741638183594,1396.0,6.926683454173641,0.4151154838551835,6.165687195002748,65.0496499379761
dataset_batik/batik/Yogyakarta_Parang/0039.jpg,519b6e1dfbd9,batik,1,Yogyakarta_Parang,True,brightness0p91,7,270.72440338134766,1513.0,7.227478106284467,0.3706387742495934,6.446251391754087,53.09350265234451
dataset_batik/batik/Yogyakarta_Parang/0039.jpg,519b6e1dfbd9,batik,1,Yogyakarta_Parang,True,contrast1p03,8,287.71288299560547,1517.0,7.216101887000485,0.37034793918101006,6.446415775967132,52.531732910785614
dataset_batik/batik/Yogyakarta_Parang/0028.jpg,5417f1939333,batik,1,Yogyakarta_Parang,False,original,-1,51.15251541137695,549.0,6.47334288322601,0.5137051962251813,6.32275893618532,99.67472630580488
dataset_batik/batik/Yogyakarta_Parang/0028.jpg,5417f1939333,batik,1,Yogyakarta_Parang,True,rot90,0,50.160552978515625,543.0,6.470360714666571,0.513298147848221,6.3219761965070145,99.85829530961537
dataset_batik/batik/Yogyakarta_Parang/0028.jpg,5417f1939333,batik,1,Yogyakarta_Parang,True,rot180,1,50.233768463134766,541.0,6.471376202218975,0.5134406926506896,6.324081737311952,99.76564492499082
dataset_batik/batik/Yogyakarta_Parang/0028.jpg,5417f1939333,batik,1,Yogyakarta_Parang,True,rot270,2,51.33535385131836,553.0,6.468885732301201,0.5133859640254594,6.322901457608397,99.93145696222167
dataset_batik/batik/Yogyakarta_Parang/0028.jpg,5417f1939333,batik,1,Yogyakarta_Parang,True,rot-2p9,3,36.458221435546875,456.0,6.391067041538377,0.5359360829821046,6.135009905629612,116.86156080743996
dataset_batik/batik/Yogyakarta_Parang/0028.jpg,5417f1939333,batik,1,Yogyakarta_Parang,True,flip_h,4,49.851287841796875,536.0,6.472418700475372,0.5134047867703971,6.3227314309531994,99.75367588096515
dataset_batik/batik/Yogyakarta_Parang/0028.jpg,5417f1939333,batik,1,Yogyakarta_Parang,True,flip_v,5,49.985992431640625,538.0,6.473409700021782,0.5134523694663129,6.323998421926863,99.68956710362677
dataset_batik/batik/Yogyakarta_Parang/0028.jpg,5417f1939333,batik,1,Yogyakarta_Parang,True,zoom09,6,25.875732421875,412.0,6.31914587153113,0.5447663365980449,6.091615375655208,133.5462244843463
dataset_batik/batik/Yogyakarta_Parang/0028.jpg,5417f1939333,batik,1,Yogyakarta_Parang,True,brightness0p92,7,40.7669677734375,513.0,6.3996266386050875,0.5249507918429744,6.35939137223985,102.28268330725375
dataset_batik/batik/Yogyakarta_Parang/0028.jpg,5417f1939333,batik,1,Yogyakarta_Parang,True,contrast1p10,8,59.62028503417969,590.0,6.050815464671469,0.5598226798918488,6.113550938934913,99.76051764878517
dataset_batik/batik/Solo_Parang/001.jpg,54bfb8bd54ab,batik,1,Solo_Parang,False,original,-1,104.92248916625977,1359.0,6.807581322978425,0.4619964105248759,5.970267405879426,88.46304842254152
dataset_batik/batik/Solo_Parang/001.jpg,54bfb8bd54ab,batik,1,Solo_Parang,True,rot90,0,108.25698852539062,1384.0,6.8063733296736775,0.46239798539783933,5.969791732827833,88.8165372951238
dataset_batik/batik/Solo_Parang/001.jpg,54bfb8bd54ab,batik,1,Solo_Parang,True,rot180,1,106.05583190917969,1350.0,6.807431726143513,0.46212043454819374,5.968664143143477,88.53219318156694
dataset_batik/batik/Solo_Parang/001.jpg,54bfb8bd54ab,batik,1,Solo_Parang,True,rot270,2,111.66387176513672,1366.0,6.807004009914382,0.46230573475158526,5.968729790151292,88.50935014798927
dataset_batik/batik/Solo_Parang/001.jpg,54bfb8bd54ab,batik,1,Solo_Parang,True,rot-3p5,3,77.23388671875,1140.0,6.710532945219294,0.48088496683900667,5.731182270953925,98.73159105509205
dataset_batik/batik/Solo_Parang/001.jpg,54bfb8bd54ab,batik,1,Solo_Parang,True,flip_h,4,107.53326416015625,1352.0,6.807307154908485,0.46200657320186017,5.969624365054336,88.35137219257334
dataset_batik/batik/Solo_Parang/001.jpg,54bfb8bd54ab,batik,1,Solo_Parang,True,flip_v,5,104.38833618164062,1338.0,6.807234858241783,0.46216187929995656,5.967938560952863,88.63961272043554
dataset_batik/batik/Solo_Parang/001.jpg,54bfb8bd54ab,batik,1,Solo_Parang,True,zoom04,6,76.40843200683594,1156.0,6.677932271707626,0.48694396560908115,5.7246632985167025,94.67081642740936
dataset_batik/batik/Solo_Parang/001.jpg,54bfb8bd54ab,batik,1,Solo_Parang,True,brightness0p92,7,118.76335144042969,1322.0,6.742986975732375,0.4683765262525065,6.117261240169405,94.75542651292469
dataset_batik/batik/Solo_Parang/001.jpg,54bfb8bd54ab,batik,1,Solo_Parang,True,contrast1p14,8,102.850341796875,1230.0,6.782019445310934,0.4660777020085205,5.967661182148805,86.80751923852341
dataset_batik/batik/SumateraBarat_Rumah_Minang/0037.jpg,56fa039f7fcf,batik,1,SumateraBarat_Rumah_Minang,False,original,-1,128.9460411071777,949.0,6.737050363366384,0.4879824467733068,6.552647091486115,25.156031673205103
dataset_batik/batik/SumateraBarat_Rumah_Minang/0037.jpg,56fa039f7fcf,batik,1,SumateraBarat_Rumah_Minang,True,rot90,0,127.854248046875,947.0,6.735883575384447,0.4879189158956876,6.549236009812132,25.161107461567436
dataset_batik/batik/SumateraBarat_Rumah_Minang/0037.jpg,56fa039f7fcf,batik,1,SumateraBarat_Rumah_Minang,True,rot180,1,127.95538330078125,942.0,6.7366870208628296,0.48798941013022246,6.549925057237161,25.178772044774302
dataset_batik/batik/SumateraBarat_Rumah_Minang/0037.jpg,56fa039f7fcf,batik,1,SumateraBarat_Rumah_Minang,True,rot270,2,128.3232307434082,945.0,6.737949633362705,0.48771137487093574,6.5543533224930846,25.243470057441524
dataset_batik/batik/SumateraBarat_Rumah_Minang/0037.jpg,56fa039f7fcf,batik,1,SumateraBarat_Rumah_Minang,True,rot-2p0,3,74.54490661621094,646.0,6.5512948532718305,0.5248593773036921,6.396729559869621,30.131860673513334
dataset_batik/batik/SumateraBarat_Rumah_Minang/0037.jpg,56fa039f7fcf,batik,1,SumateraBarat_Rumah_Minang,True,flip_h,4,124.44494247436523,915.0,6.738294250706073,0.48780128203635154,6.553005240677098,25.21108652779409
dataset_batik/batik/SumateraBarat_Rumah_Minang/0037.jpg,56fa039f7fcf,batik,1,SumateraBarat_Rumah_Minang,True,flip_v,5,130.157958984375,958.0,6.736868817272441,0.48793051300683354,6.548888096591422,25.116663743602984
dataset_batik/batik/SumateraBarat_Rumah_Minang/0037.jpg,56fa039f7fcf,batik,1,SumateraBarat_Rumah_Minang,True,zoom08,6,82.03971481323242,713.0,6.590307436792337,0.5127828290770549,6.324862424632938,32.404363911482164
dataset_batik/batik/SumateraBarat_Rumah_Minang/0037.jpg,56fa039f7fcf,batik,1,SumateraBarat_Rumah_Minang,True,brightness0p87,7,101.677734375,804.0,6.534755479415663,0.5216348791648299,6.502294430143795,23.823086261978617
dataset_batik/batik/SumateraBarat_Rumah_Minang/0037.jpg,56fa039f7fcf,batik,1,SumateraBarat_Rumah_Minang,True,contrast1p06,8,126.32659912109375,905.0,6.769780650154397,0.48505665000473763,6.548316394820889,25.545506360544216
dataset_batik/non_batik/modern/modern (10).png,5749ecfbcd39,non_batik,0,modern,False,original,-1,75.45356750488281,695.0,6.238932757117409,0.6237079529536425,6.898382860846603,44.1990496847453
dataset_batik/non_batik/modern/modern (10).png,5749ecfbcd39,non_batik,0,modern,True,rot90,0,74.71036148071289,693.0,6.235004149872879,0.6244648561058785,6.898741158963657,44.238038308636554
dataset_batik/non_batik/modern/modern (10).png,5749ecfbcd39,non_batik,0,modern,True,rot180,1,75.72704315185547,705.0,6.236683055316685,0.6244347588569807,6.901375563334924,44.140524869995254
dataset_batik/non_batik/modern/modern (10).png,5749ecfbcd39,non_batik,0,modern,True,rot270,2,74.39790344238281,702.0,6.237494724977334,0.6238030919294745,6.896201994478227,44.21844456340553
dataset_batik/non_batik/modern/modern (10).png,5749ecfbcd39,non_batik,0,modern,True,rot+2p0,3,82.58889770507812,778.0,6.180281935547095,0.6338408560199819,6.889145903507403,45.7385054859131
dataset_batik/non_batik/modern/modern (10).png,5749ecfbcd39,non_batik,0,modern,True,flip_h,4,71.82421875,681.0,6.238044741344838,0.6240245587782787,6.9000645421948175,44.15369463369707
dataset_batik/non_batik/modern/modern (10).png,5749ecfbcd39,non_batik,0,modern,True,flip_v,5,74.98430252075195,695.0,6.237533502342038,0.6242392279765419,6.899230847196312,44.18378184674868
dataset_batik/non_batik/modern/modern (10).png,5749ecfbcd39,non_batik,0,modern,True,zoom08,6,109.6662483215332,893.0,6.616210709634032,0.5813017228000237,6.951446893850919,49.93548115709125
dataset_batik/non_batik/modern/modern (10).png,5749ecfbcd39,non_batik,0,modern,True,brightness1p03,7,73.8112907409668,689.0,6.216651408723056,0.6238510635476473,6.897176792447275,44.215237750705484
dataset_batik/non_batik/modern/modern (10).png,5749ecfbcd39,non_batik,0,modern,True,contrast0p92,8,70.27714157104492,661.0,6.221566573438913,0.6310406911719619,6.887922240547547,44.275820580594164
dataset_batik/batik/Yogyakarta_Kawung/0032.jpg,5a0b830d2c1b,batik,1,Yogyakarta_Kawung,False,original,-1,22.53567123413086,909.0,5.831762338472706,0.6190059242839219,6.2372544696713845,117.5461300918995
dataset_batik/batik/Yogyakarta_Kawung/0032.jpg,5a0b830d2c1b,batik,1,Yogyakarta_Kawung,True,rot90,0,22.79827880859375,924.0,5.829445682996198,0.6195540439764456,6.2337119763473074,118.24462335206387
dataset_batik/batik/Yogyakarta_Kawung/0032.jpg,5a0b830d2c1b,batik,1,Yogyakarta_Kawung,True,rot180,1,21.854930877685547,897.0,5.831925366368819,0.619433469124504,6.233695783750384,118.32464399702147
dataset_batik/batik/Yogyakarta_Kawung/0032.jpg,5a0b830d2c1b,batik,1,Yogyakarta_Kawung,True,rot270,2,23.550949096679688,934.0,5.83010780482097,0.6190941928478341,6.232222545544902,117.4309932919527
dataset_batik/batik/Yogyakarta_Kawung/0032.jpg,5a0b830d2c1b,batik,1,Yogyakarta_Kawung,True,rot-8p0,3,18.531036376953125,856.0,5.787396314725491,0.6358456560056202,5.989103994074174,134.72474720678244
dataset_batik/batik/Yogyakarta_Kawung/0032.jpg,5a0b830d2c1b,batik,1,Yogyakarta_Kawung,True,flip_h,4,22.30876922607422,905.0,5.830932157766706,0.6191064090030823,6.237894173530604,117.48700893943541
dataset_batik/batik/Yogyakarta_Kawung/0032.jpg,5a0b830d2c1b,batik,1,Yogyakarta_Kawung,True,flip_v,5,21.866775512695312,903.0,5.831311344192088,0.6195320547129446,6.23407803899427,118.33337553595923
dataset_batik/batik/Yogyakarta_Kawung/0032.jpg,5a0b830d2c1b,batik,1,Yogyakarta_Kawung,True,zoom03,6,15.122722625732422,727.0,5.711151711472628,0.642476986137719,5.979482732393686,141.0424226007991
dataset_batik/batik/Yogyakarta_Kawung/0032.jpg,5a0b830d2c1b,batik,1,Yogyakarta_Kawung,True,brightness1p05,7,22.748153686523438,906.0,5.8056561072289075,0.6208072752647114,6.231974758378181,117.68925850729546
dataset_batik/batik/Yogyakarta_Kawung/0032.jpg,5a0b830d2c1b,batik,1,Yogyakarta_Kawung,True,contrast0p97,8,21.428272247314453,867.0,5.791324947865138,0.6224727818930351,6.23948088244199,117.78944401778028
dataset_batik/batik/batik pekalongan/pekalongan1.jpg,5bfe72414caf,batik,1,batik pekalongan,False,original,-1,305.0590209960937,1773.0,7.321140707420215,0.3680652739725636,6.573518017867485,41.41694069517459
dataset_batik/batik/batik pekalongan/pekalongan1.jpg,5bfe72414caf,batik,1,batik pekalongan,True,rot90,0,308.4657669067383,1770.0,7.321602804888362,0.3682703681953904,6.572436241196675,41.42852598573134
dataset_batik/batik/batik pekalongan/pekalongan1.jpg,5bfe72414caf,batik,1,batik pekalongan,True,rot180,1,299.1031074523926,1745.0,7.3220967941566855,0.3680569259282069,6.57449658932245,41.416964156510645
dataset_batik/batik/batik pekalongan/pekalongan1.jpg,5bfe72414caf,batik,1,batik pekalongan,True,rot270,2,298.2554626464844,1746.0,7.322082535905059,0.36823837286037864,6.57133124050301,41.43898347054672
dataset_batik/batik/batik pekalongan/pekalongan1.jpg,5bfe72414caf,batik,1,batik pekalongan,True,rot-13p3,3,214.69828033447266,1479.0,7.044476512121189,0.4190623050325336,6.4344581859766,60.598020904666676
dataset_batik/batik/batik pekalongan/pekalongan1.jpg,5bfe72414caf,batik,1,batik pekalongan,True,flip_h,4,302.54364013671875,1750.0,7.321938093899617,0.3682688130760798,6.572367991187431,41.428394196672386
dataset_batik/batik/batik pekalongan/pekalongan1.jpg,5bfe72414caf,batik,1,batik pekalongan,True,flip_v,5,301.75274658203125,1766.0,7.320616887618634,0.3682950304690966,6.573448364057077,41.416663277721184
dataset_batik/batik/batik pekalongan/pekalongan1.jpg,5bfe72414caf,batik,1,batik pekalongan,True,zoom05,6,211.23001861572266,1454.0,7.019705750698208,0.4234821643398946,6.375413624076601,58.73634891268312
dataset_batik/batik/batik pekalongan/pekalongan1.jpg,5bfe72414caf,batik,1,batik pekalongan,True,brightness0p97,7,303.82208251953125,1756.0,7.332101216910704,0.3683817073001328,6.570770646642694,41.398543969887896
dataset_batik/batik/batik pekalongan/pekalongan1.jpg,5bfe72414caf,batik,1,batik pekalongan,True,contrast0p90,8,281.9348373413086,1694.0,7.224335383311411,0.37903143503991765,6.573325801992707,41.138627615657036
dataset_batik/batik/SulawesiSelatan_Lontara/0030.jpg,5dc0a5b5e0e3,batik,1,SulawesiSelatan_Lontara,False,original,-1,208.9667854309082,1319.0,5.162429274894771,0.6017722666311031,6.522635502078378,54.5922462377019
dataset_batik/batik/SulawesiSelatan_Lontara/0030.jpg,5dc0a5b5e0e3,batik,1,SulawesiSelatan_Lontara,True,rot90,0,212.1302032470703,1340.0,5.163629224671194,0.6018280740374198,6.526008014515181,54.566756326300286
dataset_batik/batik/SulawesiSelatan_Lontara/0030.jpg,5dc0a5b5e0e3,batik,1,SulawesiSelatan_Lontara,True,rot180,1,210.33733749389648,1323.0,5.164287226806977,0.601876146487092,6.523700464161427,54.51460564422517
dataset_batik/batik/SulawesiSelatan_Lontara/0030.jpg,5dc0a5b5e0e3,batik,1,SulawesiSelatan_Lontara,True,rot270,2,212.89131546020508,1339.0,5.162079005457695,0.602137767328132,6.5285029994904225,54.66561466481904
dataset_batik/batik/SulawesiSelatan_Lontara/0030.jpg,5dc0a5b5e0e3,batik,1,SulawesiSelatan_Lontara,True,rot-5p4,3,53.7615966796875,720.0,4.732227163365088,0.6735041298723858,6.495491981751753,72.0189798452135
dataset_batik/batik/SulawesiSelatan_Lontara/0030.jpg,5dc0a5b5e0e3,batik,1,SulawesiSelatan_Lontara,True,flip_h,4,210.2475471496582,1317.0,5.163295568996173,0.6018804829994269,6.525120781772829,54.61215672202385
dataset_batik/batik/SulawesiSelatan_Lontara/0030.jpg,5dc0a5b5e0e3,batik,1,SulawesiSelatan_Lontara,True,flip_v,5,211.4958953857422,1330.0,5.163088829965723,0.601842764995614,6.525438647805734,54.52442043673144
dataset_batik/batik/SulawesiSelatan_Lontara/0030.jpg,5dc0a5b5e0e3,batik,1,SulawesiSelatan_Lontara,True,zoom10,6,50.4865837097168,731.0,4.719683832891927,0.6755828636361408,6.409819134692946,39.30253128745441
dataset_batik/batik/SulawesiSelatan_Lontara/0030.jpg,5dc0a5b5e0e3,batik,1,SulawesiSelatan_Lontara,True,brightness1p11,7,210.39413452148438,1320.0,5.197504237095517,0.602498001945837,6.530180144946235,54.49835118978362
dataset_batik/batik/SulawesiSelatan_Lontara/0030.jpg,5dc0a5b5e0e3,batik,1,SulawesiSelatan_Lontara,True,contrast0p90,8,147.60303497314453,1125.0,4.93450307824731,0.6253340975920196,6.519379031059941,54.71790004705257
dataset_batik/batik/Yogyakarta_Kawung/0029.jpg,5f3323d49daf,batik,1,Yogyakarta_Kawung,False,original,-1,23.110671997070312,901.0,5.878490130493169,0.614889829735366,6.315108579478426,115.20470547248264
dataset_batik/batik/Yogyakarta_Kawung/0029.jpg,5f3323d49daf,batik,1,Yogyakarta_Kawung,True,rot90,0,22.120807647705078,869.0,5.875819593596546,0.6152240792288475,6.310695847454318,115.2124988435372
dataset_batik/batik/Yogyakarta_Kawung/0029.jpg,5f3323d49daf,batik,1,Yogyakarta_Kawung,True,rot180,1,22.20600128173828,870.0,5.879338960229069,0.6148460022886654,6.313814704138985,115.28904560475013
dataset_batik/batik/Yogyakarta_Kawung/0029.jpg,5f3323d49daf,batik,1,Yogyakarta_Kawung,True,rot270,2,23.137115478515625,893.0,5.87654343890172,0.6151897876692618,6.313970762970985,115.14652458104293
dataset_batik/batik/Yogyakarta_Kawung/0029.jpg,5f3323d49daf,batik,1,Yogyakarta_Kawung,True,rot+9p2,3,15.694198608398438,764.0,5.772605265896985,0.6304265977996566,6.051158638161798,126.96323346789447
dataset_batik/batik/Yogyakarta_Kawung/0029.jpg,5f3323d49daf,batik,1,Yogyakarta_Kawung,True,flip_h,4,23.072853088378906,895.0,5.878681598682634,0.6149415452445508,6.314993699567751,115.22009477385377
dataset_batik/batik/Yogyakarta_Kawung/0029.jpg,5f3323d49daf,batik,1,Yogyakarta_Kawung,True,flip_v,5,21.96572494506836,857.0,5.87877625263994,0.6149367092786795,6.31286317282547,115.27595709148325
dataset_batik/batik/Yogyakarta_Kawung/0029.jpg,5f3323d49daf,batik,1,Yogyakarta_Kawung,True,zoom08,6,13.758544921875,680.0,5.638292974704498,0.6517106531552395,6.030292613457642,143.66009239060577
dataset_batik/batik/Yogyakarta_Kawung/0029.jpg,5f3323d49daf,batik,1,Yogyakarta_Kawung,True,brightness1p06,7,23.3447265625,896.0,5.846686566813896,0.6171504034644573,6.31506678125789,115.2088780376626
dataset_batik/batik/Yogyakarta_Kawung/0029.jpg,5f3323d49daf,batik,1,Yogyakarta_Kawung,True,contrast0p86,8,17.956993103027344,759.0,5.695773655006693,0.6311786885237676,6.327092827654129,116.27312136489452
dataset_batik/non_batik/polos/polos (10).png,5f82b8c47ed9,non_batik,0,polos,False,original,-1,0.0,0.0,4.875953391884923,0.5768454915559103,6.665531609271382,8.90915478056594
dataset_batik/non_batik/polos/polos (10).png,5f82b8c47ed9,non_batik,0,polos,True,rot90,0,0.0,0.0,4.863447604803294,0.5779176012999256,6.659370897839059,8.926816410312933
dataset_batik/non_batik/polos/polos (10).png,5f82b8c47ed9,non_batik,0,polos,True,rot180,1,0.0,0.0,4.876344927055159,0.5768914931773754,6.668018716307207,8.905416561655425
dataset_batik/non_batik/polos/polos (10).png,5f82b8c47ed9,non_batik,0,polos,True,rot270,2,0.0,0.0,4.864008232830452,0.5777955364423049,6.65821204398903,8.92011280440323
dataset_batik/non_batik/polos/polos (10).png,5f82b8c47ed9,non_batik,0,polos,True,rot-2p0,3,0.0,0.0,4.038228594533424,0.6837516270272115,6.673200579313431,7.575956248123234
dataset_batik/non_batik/polos/polos (10).png,5f82b8c47ed9,non_batik,0,polos,True,flip_h,4,0.0,0.0,4.876388354121877,0.5768582751890801,6.666897264625041,8.909117094043376
dataset_batik/non_batik/polos/polos (10).png,5f82b8c47ed9,non_batik,0,polos,True,flip_v,5,0.0,0.0,4.876234577292534,0.5768485094745148,6.666828745596804,8.913301457069569
dataset_batik/non_batik/polos/polos (10).png,5f82b8c47ed9,non_batik,0,polos,True,zoom03,6,0.0,0.0,4.213560553326588,0.6548615779686594,6.677831985071174,8.664687445461631
dataset_batik/non_batik/polos/polos (10).png,5f82b8c47ed9,non_batik,0,polos,True,brightness0p88,7,0.0,0.0,4.989391932739035,0.5745357412830447,6.680603042002012,8.938986906721022
dataset_batik/non_batik/polos/polos (10).png,5f82b8c47ed9,non_batik,0,polos,True,contrast0p90,8,0.0,0.0,4.702937087598571,0.601977519295835,6.6721643791897485,9.040513834252662
dataset_batik/batik/SumateraBarat_Rumah_Minang/0024.jpg,5fbb49767a26,batik,1,SumateraBarat_Rumah_Minang,False,original,-1,228.1184844970703,1091.0,7.326245241816602,0.3894260676578023,6.717661860889139,33.91838763482048
dataset_batik/batik/SumateraBarat_Rumah_Minang/0024.jpg,5fbb49767a26,batik,1,SumateraBarat_Rumah_Minang,True,rot90,0,228.5775146484375,1092.0,7.327079699340861,0.388946279173635,6.72138177000397,33.83349395277168
dataset_batik/batik/SumateraBarat_Rumah_Minang/0024.jpg,5fbb49767a26,batik,1,SumateraBarat_Rumah_Minang,True,rot180,1,231.34504318237305,1105.0,7.324802348652589,0.3893919470414585,6.721403986078187,33.7550647938677
dataset_batik/batik/SumateraBarat_Rumah_Minang/0024.jpg,5fbb49767a26,batik,1,SumateraBarat_Rumah_Minang,True,rot270,2,231.7294921875,1104.0,7.3273603306079025,0.38931604582423895,6.723821076249748,33.60666328775199
dataset_batik/batik/SumateraBarat_Rumah_Minang/0024.jpg,5fbb49767a26,batik,1,SumateraBarat_Rumah_Minang,True,rot-2p4,3,197.54402923583984,1097.0,7.0767695456424144,0.4353895249445216,6.5310267547982725,40.82931941336432
dataset_batik/batik/SumateraBarat_Rumah_Minang/0024.jpg,5fbb49767a26,batik,1,SumateraBarat_Rumah_Minang,True,flip_h,4,234.86427307128906,1118.0,7.326530892692313,0.38935819712013764,6.719854555650867,33.73421944179585
dataset_batik/batik/SumateraBarat_Rumah_Minang/0024.jpg,5fbb49767a26,batik,1,SumateraBarat_Rumah_Minang,True,flip_v,5,231.0493927001953,1101.0,7.325178012696792,0.3892081540129234,6.719761083289402,33.953096423361316
dataset_batik/batik/SumateraBarat_Rumah_Minang/0024.jpg,5fbb49767a26,batik,1,SumateraBarat_Rumah_Minang,True,zoom05,6,182.56759643554688,1032.0,7.0318251898102595,0.44324603904745213,6.5064238265519965,43.78184020314667
dataset_batik/batik/SumateraBarat_Rumah_Minang/0024.jpg,5fbb49767a26,batik,1,SumateraBarat_Rumah_Minang,True,brightness0p86,7,217.93263244628906,1026.0,7.301299952364676,0.396178063479815,6.679070409752265,34.66759257740924
dataset_batik/batik/SumateraBarat_Rumah_Minang/0024.jpg,5fbb49767a26,batik,1,SumateraBarat_Rumah_Minang,True,contrast0p92,8,226.04277420043945,1089.0,7.281840833779108,0.39618991298264616,6.718799783855443,33.89531646195924
dataset_batik/non_batik/bunga_nonbatik/bunga2.jpg,62ac50dcc85a,non_batik,0,bunga_nonbatik,False,original,-1,118.8874855041504,1053.0,6.083652105302193,0.5725087626670982,6.976476286633066,31.49912060577457
dataset_batik/non_batik/bunga_nonbatik/bunga2.jpg,62ac50dcc85a,non_batik,0,bunga_nonbatik,True,rot90,0,116.27256774902344,1036.0,6.081820216503188,0.5728115747251973,6.977875568620055,31.48121174110955
dataset_batik/non_batik/bunga_nonbatik/bunga2.jpg,62ac50dcc85a,non_batik,0,bunga_nonbatik,True,rot180,1,119.75024032592773,1061.0,6.080862174614912,0.5730368519932537,6.981042310601119,31.5229692607933
dataset_batik/non_batik/bunga_nonbatik/bunga2.jpg,62ac50dcc85a,non_batik,0,bunga_nonbatik,True,rot270,2,118.329345703125,1044.0,6.08194582545681,0.5728148350520741,6.977025303610368,31.52853001655307
dataset_batik/non_batik/bunga_nonbatik/bunga2.jpg,62ac50dcc85a,non_batik,0,bunga_nonbatik,True,rot-5p2,3,105.04893493652344,963.0,5.99361790801876,0.5873683230525654,6.951120286789962,41.4091343435059
dataset_batik/non_batik/bunga_nonbatik/bunga2.jpg,62ac50dcc85a,non_batik,0,bunga_nonbatik,True,flip_h,4,118.329345703125,1044.0,6.08194582545681,0.5728148350520741,6.977025303610368,31.528530016553077
dataset_batik/non_batik/bunga_nonbatik/bunga2.jpg,62ac50dcc85a,non_batik,0,bunga_nonbatik,True,flip_v,5,116.27256774902344,1036.0,6.081820216503188,0.5728115747251974,6.977875568620055,31.48121174110955
dataset_batik/non_batik/bunga_nonbatik/bunga2.jpg,62ac50dcc85a,non_batik,0,bunga_nonbatik,True,zoom09,6,95.500244140625,886.0,5.947185260497671,0.5982972384472222,6.94695272752437,38.358508795830346
dataset_batik/non_batik/bunga_nonbatik/bunga2.jpg,62ac50dcc85a,non_batik,0,bunga_nonbatik,True,brightness1p05,7,118.91450500488281,1059.0,6.040413961115262,0.5762542267982301,6.9763924215349915,31.44913896415867
dataset_batik/non_batik/bunga_nonbatik/bunga2.jpg,62ac50dcc85a,non_batik,0,bunga_nonbatik,True,contrast1p08,8,129.58053588867188,1090.0,6.17406818313334,0.5624240710668811,6.977736275589326,31.16186198274654
dataset_batik/batik/Solo_Parang/0010.jpg,6442e19a4f03,batik,1,Solo_Parang,False,original,-1,105.16461181640624,773.0,6.15638593357844,0.5529192213673282,6.276383266287202,138.34043296261072
dataset_batik/batik/Solo_Parang/0010.jpg,6442e19a4f03,batik,1,Solo_Parang,True,rot90,0,108.53839874267578,798.0,6.157386819352276,0.552849508206887,6.2740538716214935,138.2318645109739
dataset_batik/batik/Solo_Parang/0010.jpg,6442e19a4f03,batik,1,Solo_Parang,True,rot180,1,107.45044708251953,778.0,6.155797962612211,0.5529295313858565,6.276592883835895,138.44447017826315
dataset_batik/batik/Solo_Parang/0010.jpg,6442e19a4f03,batik,1,Solo_Parang,True,rot270,2,111.49269104003906,818.0,6.1595510462930845,0.5524186192139806,6.273384564641096,138.4144800443458
dataset_batik/batik/Solo_Parang/0010.jpg,6442e19a4f03,batik,1,Solo_Parang,True,rot-6p8,3,87.32819366455078,747.0,5.929998269645425,0.5904637764542842,6.1096878610764485,160.65607977545517
dataset_batik/batik/Solo_Parang/0010.jpg,6442e19a4f03,batik,1,Solo_Parang,True,flip_h,4,108.76282501220703,793.0,6.15756148629034,0.5526038098222912,6.275261989524161,138.46838743145733
dataset_batik/batik/Solo_Parang/0010.jpg,6442e19a4f03,batik,1,Solo_Parang,True,flip_v,5,106.09249877929688,771.0,6.155452988693092,0.5528863003430182,6.276773056271713,138.2670621482403
dataset_batik/batik/Solo_Parang/0010.jpg,6442e19a4f03,batik,1,Solo_Parang,True,zoom05,6,78.22279357910156,684.0,5.951746270134177,0.5934983921218444,6.023875641011923,171.19080142970702
dataset_batik/batik/Solo_Parang/0010.jpg,6442e19a4f03,batik,1,Solo_Parang,True,brightness0p97,7,109.01348876953125,797.0,6.1599496941931315,0.5520392697729345,6.2724404942523835,138.44388651777206
dataset_batik/batik/Solo_Parang/0010.jpg,6442e19a4f03,batik,1,Solo_Parang,True,contrast1p03,8,108.34661865234375,798.0,6.203630401390072,0.5464773445194304,6.275540117804936,138.14565401635642
dataset_batik/non_batik/kotak/kotak5.jpg,648259d35596,non_batik,0,kotak,False,original,-1,6.7340087890625,59.0,5.400286676210922,0.6054553204312508,5.589616497034856,136.4008166198201
dataset_batik/non_batik/kotak/kotak5.jpg,648259d35596,non_batik,0,kotak,True,rot90,0,6.400360107421875,56.0,5.398571995055364,0.6058671221607779,5.5982962521938,136.20287277661967
dataset_batik/non_batik/kotak/kotak5.jpg,648259d35596,non_batik,0,kotak,True,rot180,1,6.736034393310547,59.0,5.404017256734516,0.6053211736163664,5.590721872186622,136.37906128274022
dataset_batik/non_batik/kotak/kotak5.jpg,648259d35596,non_batik,0,kotak,True,rot270,2,6.619651794433594,58.0,5.407499134332429,0.6053163031475256,5.593600501420182,136.1349694577199
dataset_batik/non_batik/kotak/kotak5.jpg,648259d35596,non_batik,0,kotak,True,rot+2p0,3,9.950641632080078,89.0,4.9235862069185945,0.6882967733745288,5.635967611026946,197.46867976937588
dataset_batik/non_batik/kotak/kotak5.jpg,648259d35596,non_batik,0,kotak,True,flip_h,4,6.85089111328125,60.0,5.404729532759247,0.6052530678972383,5.584869280971932,136.32757208345222
dataset_batik/non_batik/kotak/kotak5.jpg,648259d35596,non_batik,0,kotak,True,flip_v,5,6.504650115966797,57.0,5.400312404245289,0.6054678992836573,5.588370183980743,136.3927864746448
dataset_batik/non_batik/kotak/kotak5.jpg,648259d35596,non_batik,0,kotak,True,zoom05,6,10.515289306640625,93.0,4.891597285022915,0.6917069186950843,5.664217780241282,221.59256815018796
dataset_batik/non_batik/kotak/kotak5.jpg,648259d35596,non_batik,0,kotak,True,brightness1p14,7,8.356842041015625,74.0,5.24828911165681,0.6146100341315903,5.5859618399102065,138.7149211261074
dataset_batik/non_batik/kotak/kotak5.jpg,648259d35596,non_batik,0,kotak,True,contrast0p97,8,6.617218017578125,58.0,5.473289171683931,0.6062873937887068,5.617102386769323,136.6811593070126
dataset_batik/batik/Yogyakarta_Parang/0024.jpg,64c221c7e69e,batik,1,Yogyakarta_Parang,False,original,-1,43.87874221801758,771.0,6.347433721761181,0.5397727616533412,6.3330235250316536,175.84445711474902
dataset_batik/batik/Yogyakarta_Parang/0024.jpg,64c221c7e69e,batik,1,Yogyakarta_Parang,True,rot90,0,42.84127426147461,739.0,6.348423495667166,0.5401377356840928,6.327435468324406,175.56450916996562
dataset_batik/batik/Yogyakarta_Parang/0024.jpg,64c221c7e69e,batik,1,Yogyakarta_Parang,True,rot180,1,43.615997314453125,758.0,6.348130823999423,0.5397583212619642,6.330781235510765,175.33268095750168
dataset_batik/batik/Yogyakarta_Parang/0024.jpg,64c221c7e69e,batik,1,Yogyakarta_Parang,True,rot270,2,43.82988739013672,759.0,6.346234105762258,0.5402285559107323,6.326970328818534,175.2963073582401
dataset_batik/batik/Yogyakarta_Parang/0024.jpg,64c221c7e69e,batik,1,Yogyakarta_Parang,True,rot+9p7,3,25.6722412109375,544.0,6.214191607604159,0.5626381305015424,6.101091241518397,216.0779758309785
dataset_batik/batik/Yogyakarta_Parang/0024.jpg,64c221c7e69e,batik,1,Yogyakarta_Parang,True,flip_h,4,44.301509857177734,775.0,6.3471794678198155,0.5398359289381394,6.329383360548814,175.47165113517553
dataset_batik/batik/Yogyakarta_Parang/0024.jpg,64c221c7e69e,batik,1,Yogyakarta_Parang,True,flip_v,5,44.4097900390625,772.0,6.347295941319369,0.5399811709546414,6.3299334070270845,175.70248470141706
dataset_batik/batik/Yogyakarta_Parang/0024.jpg,64c221c7e69e,batik,1,Yogyakarta_Parang,True,zoom02,6,21.488258361816406,493.0,6.174256032977928,0.5692175762721912,6.116271720044898,212.1855609406003
dataset_batik/batik/Yogyakarta_Parang/0024.jpg,64c221c7e69e,batik,1,Yogyakarta_Parang,True,brightness1p03,7,42.999114990234375,756.0,6.303316812507769,0.5429704587238533,6.3259873375954365,176.37491970369717
dataset_batik/batik/Yogyakarta_Parang/0024.jpg,64c221c7e69e,batik,1,Yogyakarta_Parang,True,contrast0p89,8,38.1566162109375,681.0,6.2541190777141225,0.5500359677838695,6.331305253765137,176.9649849445572
dataset_batik/batik/Solo_Parang/009.jpg,68d05da78831,batik,1,Solo_Parang,False,original,-1,36.79901123046875,740.0,6.116563662316114,0.6091557286218683,6.23003222961796,132.64830032001015
dataset_batik/batik/Solo_Parang/009.jpg,68d05da78831,batik,1,Solo_Parang,True,rot90,0,38.54302978515625,746.0,6.115573815812491,0.6095446839411274,6.232820674178952,132.65579332127794
dataset_batik/batik/Solo_Parang/009.jpg,68d05da78831,batik,1,Solo_Parang,True,rot180,1,40.53678894042969,764.0,6.116604818508771,0.6088817345815287,6.229951123278936,132.60105968178038
dataset_batik/batik/Solo_Parang/009.jpg,68d05da78831,batik,1,Solo_Parang,True,rot270,2,40.32831954956055,751.0,6.119038725564566,0.6091238006673823,6.229705120005166,132.45482613463838
dataset_batik/batik/Solo_Parang/009.jpg,68d05da78831,batik,1,Solo_Parang,True,rot-3p5,3,19.135391235351562,588.0,6.015926585869703,0.6304853650716385,5.98540612125411,158.68010111512908
dataset_batik/batik/Solo_Parang/009.jpg,68d05da78831,batik,1,Solo_Parang,True,flip_h,4,39.23130798339844,748.0,6.1182851636248925,0.6089268149667011,6.23182332054322,132.50137738680195
dataset_batik/batik/Solo_Parang/009.jpg,68d05da78831,batik,1,Solo_Parang,True,flip_v,5,40.143341064453125,764.0,6.115218057795994,0.6092704421323921,6.232199225832753,132.6977651002082
dataset_batik/batik/Solo_Parang/009.jpg,68d05da78831,batik,1,Solo_Parang,True,zoom09,6,16.342098236083984,527.0,5.944920399476448,0.6415847291312842,5.9442328811534875,174.6889628831717
dataset_batik/batik/Solo_Parang/009.jpg,68d05da78831,batik,1,Solo_Parang,True,brightness1p03,7,38.749053955078125,738.0,6.092167588319624,0.6096210982650828,6.231185970736963,133.25476549671313
dataset_batik/batik/Solo_Parang/009.jpg,68d05da78831,batik,1,Solo_Parang,True,contrast1p12,8,34.44534683227539,673.0,5.607592438810007,0.6432466695374746,6.012547161871317,139.49954746741062
dataset_batik/batik/batik pekalongan/pekalongan5.jpg,6900868add34,batik,1,batik pekalongan,False,original,-1,410.09239196777344,1660.0,7.453876871472065,0.3438481435746053,6.829599429526503,14.650736903023454
dataset_batik/batik/batik pekalongan/pekalongan5.jpg,6900868add34,batik,1,batik pekalongan,True,rot90,0,396.64156341552734,1613.0,7.453985958922116,0.3434020164708582,6.829336708070272,14.600612539861626
dataset_batik/batik/batik pekalongan/pekalongan5.jpg,6900868add34,batik,1,batik pekalongan,True,rot180,1,404.05101013183594,1636.0,7.453249124511818,0.3437647292694848,6.8286672295416295,14.661299100013046
dataset_batik/batik/batik pekalongan/pekalongan5.jpg,6900868add34,batik,1,batik pekalongan,True,rot270,2,400.1982879638672,1620.0,7.454018110985558,0.3437383161032115,6.829311130341053,14.640585200127456
dataset_batik/batik/batik pekalongan/pekalongan5.jpg,6900868add34,batik,1,batik pekalongan,True,rot+5p5,3,319.1275634765625,1584.0,7.219312538497162,0.39242319498084427,6.627252823231849,23.005831854406974
dataset_batik/batik/batik pekalongan/pekalongan5.jpg,6900868add34,batik,1,batik pekalongan,True,flip_h,4,406.40087127685547,1650.0,7.453950477234043,0.3436859048809766,6.827429926222594,14.66075429240018
dataset_batik/batik/batik pekalongan/pekalongan5.jpg,6900868add34,batik,1,batik pekalongan,True,flip_v,5,402.64599609375,1632.0,7.453952883375967,0.34355906237387235,6.829843168670186,14.649600369773744
dataset_batik/batik/batik pekalongan/pekalongan5.jpg,6900868add34,batik,1,batik pekalongan,True,zoom04,6,310.7614326477051,1585.0,7.192997692102568,0.3973908017550205,6.607294499115907,19.33119213378634
dataset_batik/batik/batik pekalongan/pekalongan5.jpg,6900868add34,batik,1,batik pekalongan,True,brightness0p93,7,403.5236473083496,1637.0,7.467374440244509,0.3438507965575539,6.825690883738271,14.681901854710043
dataset_batik/batik/batik pekalongan/pekalongan5.jpg,6900868add34,batik,1,batik pekalongan,True,contrast1p06,8,399.3083953857422,1620.0,7.467965681933899,0.3409912709076963,6.8298842300363125,14.583256994082932
dataset_batik/non_batik/modern/modern (6).png,699c4602a8e0,non_batik,0,modern,False,original,-1,77.2172622680664,647.0,6.322497611972094,0.6080713819713806,6.872036893518128,27.95703117070798
dataset_batik/non_batik/modern/modern (6).png,699c4602a8e0,non_batik,0,modern,True,rot90,0,77.97318649291992,659.0,6.333830947051338,0.6068572575382435,6.870105049085565,28.090184957596023
dataset_batik/non_batik/modern/modern (6).png,699c4602a8e0,non_batik,0,modern,True,rot180,1,78.30645751953125,652.0,6.32305705392713,0.6084753712399185,6.87459229683966,28.130696624876453
dataset_batik/non_batik/modern/modern (6).png,699c4602a8e0,non_batik,0,modern,True,rot270,2,78.2772216796875,654.0,6.3289231925165765,0.6072476067319728,6.87541569909002,28.160515522158573
dataset_batik/non_batik/modern/modern (6).png,699c4602a8e0,non_batik,0,modern,True,rot-5p2,3,76.94053649902344,650.0,6.247710901158804,0.6164242560923929,6.872074802787035,26.636152612050154
dataset_batik/non_batik/modern/modern (6).png,699c4602a8e0,non_batik,0,modern,True,flip_h,4,77.6326675415039,646.0,6.31869157575189,0.6087204945047678,6.873992410261225,28.089519665872157
dataset_batik/non_batik/modern/modern (6).png,699c4602a8e0,non_batik,0,modern,True,flip_v,5,75.15945434570312,632.0,6.326998089202884,0.6076880811975225,6.871662511015661,27.9921460918745
dataset_batik/non_batik/modern/modern (6).png,699c4602a8e0,non_batik,0,modern,True,zoom08,6,111.34506225585938,801.0,6.646627659265681,0.5651899959925311,6.936995720184774,30.745353893687913
dataset_batik/non_batik/modern/modern (6).png,699c4602a8e0,non_batik,0,modern,True,brightness0p88,7,76.72979354858398,665.0,6.269780710449134,0.6287755938612445,6.880473904722562,27.42243205576058
dataset_batik/non_batik/modern/modern (6).png,699c4602a8e0,non_batik,0,modern,True,contrast0p93,8,74.02896881103516,621.0,6.223263943486285,0.6206778023515892,6.868784293228584,27.989787587890756
dataset_batik/non_batik/modern/modern (9).png,6a5fca546dc0,non_batik,0,modern,False,original,-1,33.92526626586914,321.0,5.828646378627633,0.6493065211593516,6.775244365265508,34.71487081618749
dataset_batik/non_batik/modern/modern (9).png,6a5fca546dc0,non_batik,0,modern,True,rot90,0,32.217933654785156,322.0,5.834190640785101,0.6485581055562288,6.773299718347607,34.664352152255624
dataset_batik/non_batik/modern/modern (9).png,6a5fca546dc0,non_batik,0,modern,True,rot180,1,30.705284118652344,302.0,5.827877703797184,0.6491328738356221,6.775285620846008,34.68840179097657
dataset_batik/non_batik/modern/modern (9).png,6a5fca546dc0,non_batik,0,modern,True,rot270,2,35.570274353027344,339.0,5.833921612891922,0.6485011170765664,6.774457954720539,34.60327758855453
dataset_batik/non_batik/modern/modern (9).png,6a5fca546dc0,non_batik,0,modern,True,rot-14p7,3,35.14947509765625,388.0,5.676304677833674,0.6604256382382747,6.835473954762051,35.75828502426958
dataset_batik/non_batik/modern/modern (9).png,6a5fca546dc0,non_batik,0,modern,True,flip_h,4,35.500160217285156,338.0,5.830931687364581,0.6487868315757128,6.774632476823333,34.678579805344434
dataset_batik/non_batik/modern/modern (9).png,6a5fca546dc0,non_batik,0,modern,True,flip_v,5,29.48157501220703,307.0,5.826827107113181,0.6492970776980174,6.773988328687805,34.731025704747104
dataset_batik/non_batik/modern/modern (9).png,6a5fca546dc0,non_batik,0,modern,True,zoom06,6,46.107704162597656,413.0,6.025200346391006,0.6349659049864895,6.774558400458842,33.3197567407046
dataset_batik/non_batik/modern/modern (9).png,6a5fca546dc0,non_batik,0,modern,True,brightness1p03,7,34.888916015625,336.0,5.814300672835435,0.6498973046434913,6.766862790325708,34.600664443916706
dataset_batik/non_batik/modern/modern (9).png,6a5fca546dc0,non_batik,0,modern,True,contrast0p88,8,29.18920135498047,302.0,5.716859402016559,0.6675720293959975,6.750755494265619,35.36531345783118
dataset_batik/non_batik/polos/polos (7).png,6b6b7bdfe34a,non_batik,0,polos,False,original,-1,1.611663818359375,88.0,4.256925690381396,0.6454832245258124,6.465874911160103,9.324110059050687
dataset_batik/non_batik/polos/polos (7).png,6b6b7bdfe34a,non_batik,0,polos,True,rot90,0,1.8716583251953125,99.0,4.259860738779949,0.6451994015127189,6.4609183294904,9.27968897661302
dataset_batik/non_batik/polos/polos (7).png,6b6b7bdfe34a,non_batik,0,polos,True,rot180,1,1.807891845703125,93.0,4.256588446428509,0.6454620962359766,6.466954723122097,9.35217216146647
dataset_batik/non_batik/polos/polos (7).png,6b6b7bdfe34a,non_batik,0,polos,True,rot270,2,1.9641838073730469,99.0,4.259212547323292,0.6451449134749665,6.459611182432226,9.279595095551565
dataset_batik/non_batik/polos/polos (7).png,6b6b7bdfe34a,non_batik,0,polos,True,rot+4p7,3,0.07350921630859375,10.0,3.7569215860207734,0.7052536138280703,6.4794969308064365,10.757905529983297
dataset_batik/non_batik/polos/polos (7).png,6b6b7bdfe34a,non_batik,0,polos,True,flip_h,4,1.8006019592285156,91.0,4.256599177733461,0.6454708999405476,6.466775703571761,9.326403546898312
dataset_batik/non_batik/polos/polos (7).png,6b6b7bdfe34a,non_batik,0,polos,True,flip_v,5,1.6259040832519531,89.0,4.256956274274951,0.6455899783029402,6.4666333497808886,9.334891699053834
dataset_batik/non_batik/polos/polos (7).png,6b6b7bdfe34a,non_batik,0,polos,True,zoom05,6,0.11263275146484375,14.0,4.0269782505088125,0.6650175340372998,6.549701291535092,13.90259902219044
dataset_batik/non_batik/polos/polos (7).png,6b6b7bdfe34a,non_batik,0,polos,True,brightness0p90,7,1.7645797729492188,94.0,4.2017632970580205,0.6457461824108262,6.4764992323192825,9.288397463459694
dataset_batik/non_batik/polos/polos (7).png,6b6b7bdfe34a,non_batik,0,polos,True,contrast1p08,8,5.278038024902344,158.0,4.313044626515399,0.6318730414386902,6.458465128059087,9.294183590946172
dataset_batik/batik/Solo_Parang/0033.jpg,6dc41f6c55a3,batik,1,Solo_Parang,False,original,-1,194.5881805419922,1628.0,6.605164617777666,0.4454958719551833,6.15129155417552,166.24823121329925
dataset_batik/batik/Solo_Parang/0033.jpg,6dc41f6c55a3,batik,1,Solo_Parang,True,rot90,0,199.9005889892578,1651.0,6.6038577856752685,0.4457973148613932,6.155856037457864,166.21757892210715
dataset_batik/batik/Solo_Parang/0033.jpg,6dc41f6c55a3,batik,1,Solo_Parang,True,rot180,1,196.61431121826172,1634.0,6.60448246207261,0.4458099730360833,6.1518056477853875,166.29591880032302
dataset_batik/batik/Solo_Parang/0033.jpg,6dc41f6c55a3,batik,1,Solo_Parang,True,rot270,2,194.1124725341797,1615.0,6.6033070895782044,0.4455627987344324,6.149794837757264,166.1885324191966
dataset_batik/batik/Solo_Parang/0033.jpg,6dc41f6c55a3,batik,1,Solo_Parang,True,rot-9p7,3,185.90211868286133,1875.0,6.4003968653555185,0.4806205875855618,5.88487508652787,200.1882018240142
dataset_batik/batik/Solo_Parang/0033.jpg,6dc41f6c55a3,batik,1,Solo_Parang,True,flip_h,4,199.86040878295898,1641.0,6.603856245412819,0.4457718024051258,6.151182573622075,166.22871270192744
dataset_batik/batik/Solo_Parang/0033.jpg,6dc41f6c55a3,batik,1,Solo_Parang,True,flip_v,5,195.83544921875,1616.0,6.603943278159334,0.44594145888994774,6.15366049212968,166.2811103181828
dataset_batik/batik/Solo_Parang/0033.jpg,6dc41f6c55a3,batik,1,Solo_Parang,True,zoom03,6,164.86935424804688,1624.0,6.392277590463792,0.4836519261642899,5.852333735399057,193.89557381373243
dataset_batik/batik/Solo_Parang/0033.jpg,6dc41f6c55a3,batik,1,Solo_Parang,True,brightness1p06,7,183.93320846557617,1563.0,6.4548158643113265,0.4641089821807682,6.146974241329318,168.77779519152784
dataset_batik/batik/Solo_Parang/0033.jpg,6dc41f6c55a3,batik,1,Solo_Parang,True,contrast1p03,8,190.121826171875,1619.0,6.5840440260807,0.44993256940311843,6.142742530829349,165.82674403161045
dataset_batik/batik/Solo_Parang/0020.jpg,6ee03ea4ad8e,batik,1,Solo_Parang,False,original,-1,209.75909423828125,1583.0,7.044844847050813,0.4080098237592126,6.2292566391626645,71.70867505594809
dataset_batik/batik/Solo_Parang/0020.jpg,6ee03ea4ad8e,batik,1,Solo_Parang,True,rot90,0,212.38649368286133,1605.0,7.043027464945278,0.4081130370191108,6.228313629919944,71.57747847094411
dataset_batik/batik/Solo_Parang/0020.jpg,6ee03ea4ad8e,batik,1,Solo_Parang,True,rot180,1,211.48883056640625,1599.0,7.044128321857524,0.4083091025336242,6.227363541031671,71.6580370998355
dataset_batik/batik/Solo_Parang/0020.jpg,6ee03ea4ad8e,batik,1,Solo_Parang,True,rot270,2,212.64215469360352,1585.0,7.043000765179349,0.40799736272199266,6.2284615347555174,71.50521460475467
dataset_batik/batik/Solo_Parang/0020.jpg,6ee03ea4ad8e,batik,1,Solo_Parang,True,rot+6p1,3,130.0047607421875,1264.0,6.874530367241936,0.43762385452649055,6.024212737292458,75.03756275464582
dataset_batik/batik/Solo_Parang/0020.jpg,6ee03ea4ad8e,batik,1,Solo_Parang,True,flip_h,4,213.90380859375,1584.0,7.044449779936911,0.40802847299893497,6.228516179906627,71.6557598626662
dataset_batik/batik/Solo_Parang/0020.jpg,6ee03ea4ad8e,batik,1,Solo_Parang,True,flip_v,5,210.70556640625,1600.0,7.044639739492963,0.4080016593500281,6.227931734934352,71.72835180640692
dataset_batik/batik/Solo_Parang/0020.jpg,6ee03ea4ad8e,batik,1,Solo_Parang,True,zoom04,6,110.89411926269531,1254.0,6.834898054685436,0.44771496870113686,5.991355195985321,89.58318808779467
dataset_batik/batik/Solo_Parang/0020.jpg,6ee03ea4ad8e,batik,1,Solo_Parang,True,brightness1p11,7,200.203125,1536.0,6.967140582425264,0.4123067460686265,6.230538005814776,70.8259543644777
dataset_batik/batik/Solo_Parang/0020.jpg,6ee03ea4ad8e,batik,1,Solo_Parang,True,contrast1p05,8,222.723388671875,1604.0,7.072024606046728,0.403454374044499,6.227896142893723,70.99878292526608
dataset_batik/batik/Yogyakarta_Parang/0030.jpg,71b47ddc1aef,batik,1,Yogyakarta_Parang,False,original,-1,50.91609191894531,798.0,6.066648874693797,0.5726456927251272,6.337919503875096,119.25086090459922
dataset_batik/batik/Yogyakarta_Parang/0030.jpg,71b47ddc1aef,batik,1,Yogyakarta_Parang,True,rot90,0,49.855079650878906,770.0,6.070169766050205,0.5720040979519441,6.33504196185071,119.46317727386246
dataset_batik/batik/Yogyakarta_Parang/0030.jpg,71b47ddc1aef,batik,1,Yogyakarta_Parang,True,rot180,1,50.14629364013672,771.0,6.063214539316407,0.5723079777418538,6.337194511390192,119.68610167247755
dataset_batik/batik/Yogyakarta_Parang/0030.jpg,71b47ddc1aef,batik,1,Yogyakarta_Parang,True,rot270,2,48.20267868041992,763.0,6.0609930495291815,0.5724146158739911,6.336120542416149,119.6216849709357
dataset_batik/batik/Yogyakarta_Parang/0030.jpg,71b47ddc1aef,batik,1,Yogyakarta_Parang,True,rot-2p0,3,28.49256134033203,634.0,5.960018584084743,0.5981380679633603,6.126139082920451,155.06002138323672
dataset_batik/batik/Yogyakarta_Parang/0030.jpg,71b47ddc1aef,batik,1,Yogyakarta_Parang,True,flip_h,4,49.4783821105957,777.0,6.060887158497571,0.5726349855827194,6.335678364769953,119.54327044866068
dataset_batik/batik/Yogyakarta_Parang/0030.jpg,71b47ddc1aef,batik,1,Yogyakarta_Parang,True,flip_v,5,50.29701614379883,773.0,6.0690385194141285,0.5724193691552998,6.335432897849271,119.43092299888687
dataset_batik/batik/Yogyakarta_Parang/0030.jpg,71b47ddc1aef,batik,1,Yogyakarta_Parang,True,zoom07,6,26.321537017822266,643.0,5.868704912738663,0.6052967132089171,6.074615561602824,155.0634829967723
dataset_batik/batik/Yogyakarta_Parang/0030.jpg,71b47ddc1aef,batik,1,Yogyakarta_Parang,True,brightness0p86,7,46.56696701049805,721.0,6.036287017596861,0.5806031875650332,6.38900037172167,117.5688174039022
dataset_batik/batik/Yogyakarta_Parang/0030.jpg,71b47ddc1aef,batik,1,Yogyakarta_Parang,True,contrast1p03,8,49.09454345703125,760.0,6.1046500885062,0.5683389578757582,6.329027611172007,119.62559329686998
dataset_batik/batik/SulawesiSelatan_Lontara/0034.jpg,72312efd43da,batik,1,SulawesiSelatan_Lontara,False,original,-1,176.16613388061523,1679.0,6.389640709498945,0.5322756853363108,6.550866904934157,117.60911721408576
dataset_batik/batik/SulawesiSelatan_Lontara/0034.jpg,72312efd43da,batik,1,SulawesiSelatan_Lontara,True,rot90,0,178.473876953125,1696.0,6.3907725095948615,0.532811767075527,6.5498995499501005,117.66050294558515
dataset_batik/batik/SulawesiSelatan_Lontara/0034.jpg,72312efd43da,batik,1,SulawesiSelatan_Lontara,True,rot180,1,178.7135009765625,1677.0,6.39224107536087,0.5319549020339092,6.553812670901598,117.62591689316066
dataset_batik/batik/SulawesiSelatan_Lontara/0034.jpg,72312efd43da,batik,1,SulawesiSelatan_Lontara,True,rot270,2,182.0983657836914,1702.0,6.391103304653258,0.5327432594690985,6.551045785636073,117.69413413557777
dataset_batik/batik/SulawesiSelatan_Lontara/0034.jpg,72312efd43da,batik,1,SulawesiSelatan_Lontara,True,rot-7p3,3,89.11495590209961,1471.0,6.13029440562811,0.5803285278300625,6.378969101168492,133.66456372475744
dataset_batik/batik/SulawesiSelatan_Lontara/0034.jpg,72312efd43da,batik,1,SulawesiSelatan_Lontara,True,flip_h,4,177.72127151489258,1685.0,6.3895524629751,0.5322763638403467,6.5531882449503405,117.66394510836143
dataset_batik/batik/SulawesiSelatan_Lontara/0034.jpg,72312efd43da,batik,1,SulawesiSelatan_Lontara,True,flip_v,5,175.5944709777832,1671.0,6.391690883891689,0.5319302701781142,6.5513601949966915,117.58357898878863
dataset_batik/batik/SulawesiSelatan_Lontara/0034.jpg,72312efd43da,batik,1,SulawesiSelatan_Lontara,True,zoom08,6,85.25505065917969,1380.0,6.089910139550799,0.5905366306853512,6.326742643550144,138.1646087256646
dataset_batik/batik/SulawesiSelatan_Lontara/0034.jpg,72312efd43da,batik,1,SulawesiSelatan_Lontara,True,brightness0p97,7,176.6360855102539,1670.0,6.3832130550774995,0.5331826489221814,6.553179347359687,117.60001605625143
dataset_batik/batik/SulawesiSelatan_Lontara/0034.jpg,72312efd43da,batik,1,SulawesiSelatan_Lontara,True,contrast0p86,8,133.02243041992188,1484.0,6.192281991240197,0.5540912170672702,6.550585666661643,119.51123150192505
dataset_batik/batik/Yogyakarta_Parang/0018.jpg,72cc088c4040,batik,1,Yogyakarta_Parang,False,original,-1,2.5863265991210938,449.0,5.896735908313564,0.6143436361988749,6.123437937559316,114.10402152975244
dataset_batik/batik/Yogyakarta_Parang/0018.jpg,72cc088c4040,batik,1,Yogyakarta_Parang,True,rot90,0,2.6058197021484375,450.0,5.897267810636048,0.6141809559063818,6.12200717957119,114.27733668660909
dataset_batik/batik/Yogyakarta_Parang/0018.jpg,72cc088c4040,batik,1,Yogyakarta_Parang,True,rot180,1,2.5630645751953125,438.0,5.899514967313435,0.6138408625145981,6.122192981806515,114.33687770015099
dataset_batik/batik/Yogyakarta_Parang/0018.jpg,72cc088c4040,batik,1,Yogyakarta_Parang,True,rot270,2,2.7393836975097656,463.0,5.898164962968738,0.6143675531990651,6.123234304267451,114.19843922262231
dataset_batik/batik/Yogyakarta_Parang/0018.jpg,72cc088c4040,batik,1,Yogyakarta_Parang,True,rot+8p7,3,1.4024734497070312,342.0,5.79353014838633,0.6294397942220418,5.892281598840375,133.87610733298382
dataset_batik/batik/Yogyakarta_Parang/0018.jpg,72cc088c4040,batik,1,Yogyakarta_Parang,True,flip_h,4,2.7910499572753906,457.0,5.897093269407116,0.6144433095709294,6.125369511135219,114.20816812944305
dataset_batik/batik/Yogyakarta_Parang/0018.jpg,72cc088c4040,batik,1,Yogyakarta_Parang,True,flip_v,5,2.5646209716796875,450.0,5.898620974896863,0.6138076912387187,6.123474559906883,114.24324952605689
dataset_batik/batik/Yogyakarta_Parang/0018.jpg,72cc088c4040,batik,1,Yogyakarta_Parang,True,zoom04,6,0.7235641479492188,303.0,5.802680468522533,0.634209910327894,5.910786258772951,152.55277585445702
dataset_batik/batik/Yogyakarta_Parang/0018.jpg,72cc088c4040,batik,1,Yogyakarta_Parang,True,brightness0p86,7,3.3324241638183594,421.0,5.937352691675693,0.6221318353995415,6.2166477906858,106.12641416516934
dataset_batik/batik/Yogyakarta_Parang/0018.jpg,72cc088c4040,batik,1,Yogyakarta_Parang,True,contrast1p03,8,2.7257919311523438,461.0,5.9566780600875715,0.6088345685144281,6.128634941294866,113.34175288812679
dataset_batik/batik/SumateraBarat_Rumah_Minang/0015.jpg,73e531fe1cee,batik,1,SumateraBarat_Rumah_Minang,False,original,-1,209.515625,1012.0,7.292521643809173,0.3830573432612934,6.656464630946184,26.825457458101265
dataset_batik/batik/SumateraBarat_Rumah_Minang/0015.jpg,73e531fe1cee,batik,1,SumateraBarat_Rumah_Minang,True,rot90,0,211.38465881347656,1019.0,7.2929063732179475,0.38325909580535844,6.655359815600255,26.84379314144127
dataset_batik/batik/SumateraBarat_Rumah_Minang/0015.jpg,73e531fe1cee,batik,1,SumateraBarat_Rumah_Minang,True,rot180,1,215.0459976196289,1031.0,7.292939184475562,0.3830588141658662,6.658244787798292,26.83289653675917
dataset_batik/batik/SumateraBarat_Rumah_Minang/0015.jpg,73e531fe1cee,batik,1,SumateraBarat_Rumah_Minang,True,rot270,2,209.02450561523438,1010.0,7.293060540578587,0.38319165849871295,6.656386913392902,26.814920422699796
dataset_batik/batik/SumateraBarat_Rumah_Minang/0015.jpg,73e531fe1cee,batik,1,SumateraBarat_Rumah_Minang,True,rot-7p2,3,164.72393798828125,944.0,7.120551670296704,0.41855162645875194,6.515747924880615,25.658029280302912
dataset_batik/batik/SumateraBarat_Rumah_Minang/0015.jpg,73e531fe1cee,batik,1,SumateraBarat_Rumah_Minang,True,flip_h,4,211.17538833618164,1017.0,7.292713138205842,0.3829255940460215,6.656310543496845,26.817489498682267
dataset_batik/batik/SumateraBarat_Rumah_Minang/0015.jpg,73e531fe1cee,batik,1,SumateraBarat_Rumah_Minang,True,flip_v,5,212.4924659729004,1025.0,7.2930401517012236,0.3830875731109773,6.6585807279337015,26.8418365470663
dataset_batik/batik/SumateraBarat_Rumah_Minang/0015.jpg,73e531fe1cee,batik,1,SumateraBarat_Rumah_Minang,True,zoom03,6,164.37921142578125,934.0,7.099531233965434,0.41831108890692703,6.51466984901341,30.023311518069
dataset_batik/batik/SumateraBarat_Rumah_Minang/0015.jpg,73e531fe1cee,batik,1,SumateraBarat_Rumah_Minang,True,brightness0p91,7,212.85546875,1024.0,7.316911836903532,0.37881098975859917,6.656679547649095,26.546489958413165
dataset_batik/batik/SumateraBarat_Rumah_Minang/0015.jpg,73e531fe1cee,batik,1,SumateraBarat_Rumah_Minang,True,contrast0p96,8,200.29405975341797,978.0,7.276667375058915,0.38483900928113346,6.65500293751453,26.849209812583915
dataset_batik/batik/batik pekalongan/pekalongan2.jpg,74dfb64fde15,batik,1,batik pekalongan,False,original,-1,159.12769317626953,1185.0,6.206165353912621,0.5260863065279264,6.927342842357314,21.580247158249623
dataset_batik/batik/batik pekalongan/pekalongan2.jpg,74dfb64fde15,batik,1,batik pekalongan,True,rot90,0,151.68973541259766,1174.0,6.206264697241437,0.5258536408827289,6.928703492966656,21.615285562048182
dataset_batik/batik/batik pekalongan/pekalongan2.jpg,74dfb64fde15,batik,1,batik pekalongan,True,rot180,1,161.9062728881836,1206.0,6.208678505862533,0.5257952284698375,6.925714332090002,21.63626649583972
dataset_batik/batik/batik pekalongan/pekalongan2.jpg,74dfb64fde15,batik,1,batik pekalongan,True,rot270,2,159.5036506652832,1177.0,6.208099501764616,0.5259004827239065,6.929735691734111,21.69231183132971
dataset_batik/batik/batik pekalongan/pekalongan2.jpg,74dfb64fde15,batik,1,batik pekalongan,True,rot-11p4,3,156.27670288085938,1154.0,6.231377587127594,0.528453620909652,6.912204195347317,22.389331650692917
dataset_batik/batik/batik pekalongan/pekalongan2.jpg,74dfb64fde15,batik,1,batik pekalongan,True,flip_h,4,159.93775177001953,1182.0,6.209989888239324,0.5257521982167216,6.925472989181009,21.648022626913427
dataset_batik/batik/batik pekalongan/pekalongan2.jpg,74dfb64fde15,batik,1,batik pekalongan,True,flip_v,5,161.32341766357422,1202.0,6.207044936290279,0.5258809270452522,6.926731631347284,21.57103505750352
dataset_batik/batik/batik pekalongan/pekalongan2.jpg,74dfb64fde15,batik,1,batik pekalongan,True,zoom02,6,158.04914093017578,1174.0,6.2224935881504635,0.5253590347827348,6.899279858514291,24.237950450021568
dataset_batik/batik/batik pekalongan/pekalongan2.jpg,74dfb64fde15,batik,1,batik pekalongan,True,brightness0p92,7,158.81637573242188,1180.0,6.113260030413579,0.5363192449655609,6.92089273404897,21.548386297180528
dataset_batik/batik/batik pekalongan/pekalongan2.jpg,74dfb64fde15,batik,1,batik pekalongan,True,contrast0p87,8,153.65346145629883,1129.0,6.102453654215518,0.5343796569300733,6.917293978581144,21.562828319257854
dataset_batik/batik/Yogyakarta_Parang/0025.jpg,7556e7595482,batik,1,Yogyakarta_Parang,False,original,-1,78.703857421875,952.0,6.746314401191469,0.4507874493387515,6.325022075041616,116.65245023538692
dataset_batik/batik/Yogyakarta_Parang/0025.jpg,7556e7595482,batik,1,Yogyakarta_Parang,True,rot90,0,79.37895965576172,958.0,6.746626162035721,0.4506140024559766,6.327601308735227,116.45548346270971
dataset_batik/batik/Yogyakarta_Parang/0025.jpg,7556e7595482,batik,1,Yogyakarta_Parang,True,rot180,1,79.39962768554688,959.0,6.745554543676818,0.45059154175349364,6.3249227767108405,116.4423836749294
dataset_batik/batik/Yogyakarta_Parang/0025.jpg,7556e7595482,batik,1,Yogyakarta_Parang,True,rot270,2,79.73384857177734,961.0,6.747722269037418,0.45045746864878095,6.325715436051311,116.39527545330509
dataset_batik/batik/Yogyakarta_Parang/0025.jpg,7556e7595482,batik,1,Yogyakarta_Parang,True,rot+3p3,3,66.83390045166016,967.0,6.580384094297466,0.48623609822922176,6.108606429912946,112.25636284973923
dataset_batik/batik/Yogyakarta_Parang/0025.jpg,7556e7595482,batik,1,Yogyakarta_Parang,True,flip_h,4,79.34452819824219,956.0,6.746471392512625,0.45067712580069946,6.3247011515721265,116.53566253437585
dataset_batik/batik/Yogyakarta_Parang/0025.jpg,7556e7595482,batik,1,Yogyakarta_Parang,True,flip_v,5,77.94078063964844,946.0,6.745990146639801,0.45076362350698673,6.32381592746213,116.58279405507317
dataset_batik/batik/Yogyakarta_Parang/0025.jpg,7556e7595482,batik,1,Yogyakarta_Parang,True,zoom03,6,66.01148986816406,972.0,6.560168387893503,0.4890450810790895,6.100339762166703,128.49505154859352
dataset_batik/batik/Yogyakarta_Parang/0025.jpg,7556e7595482,batik,1,Yogyakarta_Parang,True,brightness1p15,7,80.38330078125,960.0,6.506481640716036,0.48470308801123385,6.237390506508112,114.0649634761217
dataset_batik/batik/Yogyakarta_Parang/0025.jpg,7556e7595482,batik,1,Yogyakarta_Parang,True,contrast1p09,8,81.28787994384766,965.0,6.647234298999544,0.4660840021844116,6.313660678820842,116.35362855838704
dataset_batik/batik/Solo_Parang/0031.jpg,798dd241fbb7,batik,1,Solo_Parang,False,original,-1,129.18658065795898,1097.0,6.507142523316957,0.5063967605384043,6.356279635951118,101.93604178885865
dataset_batik/batik/Solo_Parang/0031.jpg,798dd241fbb7,batik,1,Solo_Parang,True,rot90,0,127.86091613769531,1094.0,6.506324665621461,0.5063962643041573,6.357922284122759,101.77280461183723
dataset_batik/batik/Solo_Parang/0031.jpg,798dd241fbb7,batik,1,Solo_Parang,True,rot180,1,130.5626220703125,1104.0,6.5059940886917165,0.5065016535649054,6.3575730257415275,101.97670503822943
dataset_batik/batik/Solo_Parang/0031.jpg,798dd241fbb7,batik,1,Solo_Parang,True,rot270,2,129.5233154296875,1095.0,6.505454509691179,0.5069241392467025,6.357526839195856,101.9057173750357
dataset_batik/batik/Solo_Parang/0031.jpg,798dd241fbb7,batik,1,Solo_Parang,True,rot-14p1,3,96.9495849609375,984.0,6.298773993173727,0.540908252760638,6.175409411812872,108.19859372558426
dataset_batik/batik/Solo_Parang/0031.jpg,798dd241fbb7,batik,1,Solo_Parang,True,flip_h,4,128.88107299804688,1100.0,6.506448101619002,0.5066263675390961,6.353206764811741,102.03237534162382
dataset_batik/batik/Solo_Parang/0031.jpg,798dd241fbb7,batik,1,Solo_Parang,True,flip_v,5,129.6570701599121,1111.0,6.506868439460485,0.5063272518646444,6.358650242746699,101.92628289018145
dataset_batik/batik/Solo_Parang/0031.jpg,798dd241fbb7,batik,1,Solo_Parang,True,zoom10,6,86.80399703979492,921.0,6.196455475156105,0.5607261323818657,6.093632016434423,125.46797374972168
dataset_batik/batik/Solo_Parang/0031.jpg,798dd241fbb7,batik,1,Solo_Parang,True,brightness1p11,7,130.77452087402344,1098.0,6.471228661802184,0.5090230332861354,6.358057376174898,101.55113291309658
dataset_batik/batik/Solo_Parang/0031.jpg,798dd241fbb7,batik,1,Solo_Parang,True,contrast1p13,8,137.87466430664062,1183.0,6.644259689929864,0.490711459541747,6.3603324203490175,100.08835907732139
dataset_batik/non_batik/bunga_nonbatik/bunga (4).png,7a26d7e18b89,non_batik,0,bunga_nonbatik,False,original,-1,105.43007278442384,739.0,5.587612148039105,0.605298917423689,6.827309173921156,14.501768188877517
dataset_batik/non_batik/bunga_nonbatik/bunga (4).png,7a26d7e18b89,non_batik,0,bunga_nonbatik,True,rot90,0,105.55194854736328,735.0,5.590470171036225,0.605246236859281,6.829761569688433,14.49672905129718
dataset_batik/non_batik/bunga_nonbatik/bunga (4).png,7a26d7e18b89,non_batik,0,bunga_nonbatik,True,rot180,1,105.61051559448242,731.0,5.5875886144153615,0.6052562566040696,6.828769507118077,14.486329152481858
dataset_batik/non_batik/bunga_nonbatik/bunga (4).png,7a26d7e18b89,non_batik,0,bunga_nonbatik,True,rot270,2,105.5567398071289,734.0,5.592138393510555,0.6052579839173293,6.829824051536612,14.468455605471627
dataset_batik/non_batik/bunga_nonbatik/bunga (4).png,7a26d7e18b89,non_batik,0,bunga_nonbatik,True,rot+10p1,3,107.77620697021484,761.0,5.602455157018589,0.6074856812515821,6.851754331394821,16.042761583114654
dataset_batik/non_batik/bunga_nonbatik/bunga (4).png,7a26d7e18b89,non_batik,0,bunga_nonbatik,True,flip_h,4,106.85275268554688,746.0,5.588167794648206,0.6052825481414491,6.828524223545569,14.478565018571079
dataset_batik/non_batik/bunga_nonbatik/bunga (4).png,7a26d7e18b89,non_batik,0,bunga_nonbatik,True,flip_v,5,105.08577728271484,733.0,5.587787954882643,0.6050867092514113,6.831173792442985,14.508252215189984
dataset_batik/non_batik/bunga_nonbatik/bunga (4).png,7a26d7e18b89,non_batik,0,bunga_nonbatik,True,zoom06,6,121.5545654296875,800.0,5.846131787681525,0.5751838806833891,6.932599424673622,15.986771306051244
dataset_batik/non_batik/bunga_nonbatik/bunga (4).png,7a26d7e18b89,non_batik,0,bunga_nonbatik,True,brightness0p86,7,103.40829849243164,729.0,5.758535203107123,0.5971567037886087,6.853303019371921,14.469395344900416
dataset_batik/non_batik/bunga_nonbatik/bunga (4).png,7a26d7e18b89,non_batik,0,bunga_nonbatik,True,contrast1p11,8,107.27230834960938,769.0,5.434849106713423,0.6055193909848936,6.070674730750239,14.293441072840091
dataset_batik/batik/Yogyakarta_Kawung/0022.jpg,7a6a08371391,batik,1,Yogyakarta_Kawung,False,original,-1,33.201026916503906,405.0,6.590873282716226,0.4579960924121083,6.704780891864051,336.1629846455089
dataset_batik/batik/Yogyakarta_Kawung/0022.jpg,7a6a08371391,batik,1,Yogyakarta_Kawung,True,rot90,0,32.15498352050781,394.0,6.589885501382391,0.4579097147773048,6.706079128822116,336.1689565178077
dataset_batik/batik/Yogyakarta_Kawung/0022.jpg,7a6a08371391,batik,1,Yogyakarta_Kawung,True,rot180,1,33.23809051513672,406.0,6.590924679540435,0.4579571869600317,6.704536725470893,336.22534698463426
dataset_batik/batik/Yogyakarta_Kawung/0022.jpg,7a6a08371391,batik,1,Yogyakarta_Kawung,True,rot270,2,32.25325012207031,396.0,6.590500767062821,0.45797981902412943,6.705034956681127,336.1963219967954
dataset_batik/batik/Yogyakarta_Kawung/0022.jpg,7a6a08371391,batik,1,Yogyakarta_Kawung,True,rot+2p2,3,19.940643310546875,280.0,6.440435475349566,0.4919649672258136,6.449598955622185,382.9819566747613
dataset_batik/batik/Yogyakarta_Kawung/0022.jpg,7a6a08371391,batik,1,Yogyakarta_Kawung,True,flip_h,4,32.87770462036133,401.0,6.5911407223536145,0.45795617438008285,6.704080162304869,336.1927117994099
dataset_batik/batik/Yogyakarta_Kawung/0022.jpg,7a6a08371391,batik,1,Yogyakarta_Kawung,True,flip_v,5,34.50611114501953,422.0,6.590717001004428,0.45796512118968374,6.705234876395581,336.15155808162706
dataset_batik/batik/Yogyakarta_Kawung/0022.jpg,7a6a08371391,batik,1,Yogyakarta_Kawung,True,zoom04,6,16.231201171875,249.0,6.401291962308164,0.49744253338904965,6.407173199063848,479.82832883907724
dataset_batik/batik/Yogyakarta_Kawung/0022.jpg,7a6a08371391,batik,1,Yogyakarta_Kawung,True,brightness0p97,7,26.414073944091797,321.0,6.561557064253927,0.4727933957784354,6.639684419690056,341.1802079229094
dataset_batik/batik/Yogyakarta_Kawung/0022.jpg,7a6a08371391,batik,1,Yogyakarta_Kawung,True,contrast1p13,8,30.4072265625,384.0,5.8796570957432275,0.5356068606181376,6.226089201078954,347.2909079402652
dataset_batik/batik/Yogyakarta_Parang/0019.jpg,7a71ef3f3ade,batik,1,Yogyakarta_Parang,False,original,-1,41.56615447998047,786.0,6.417123139949963,0.5005271757656836,6.011782026357937,192.6591379325762
dataset_batik/batik/Yogyakarta_Parang/0019.jpg,7a71ef3f3ade,batik,1,Yogyakarta_Parang,True,rot90,0,41.36890411376953,791.0,6.416585299627738,0.500970143642856,6.010718012965211,192.70558067121286
dataset_batik/batik/Yogyakarta_Parang/0019.jpg,7a71ef3f3ade,batik,1,Yogyakarta_Parang,True,rot180,1,40.74725341796875,779.0,6.417062040667547,0.5011228141227713,6.007975862621306,192.78356628876384
dataset_batik/batik/Yogyakarta_Parang/0019.jpg,7a71ef3f3ade,batik,1,Yogyakarta_Parang,True,rot270,2,39.579715728759766,781.0,6.417837115540022,0.5006462830601145,6.012080801501088,192.82044456953255
dataset_batik/batik/Yogyakarta_Parang/0019.jpg,7a71ef3f3ade,batik,1,Yogyakarta_Parang,True,rot-11p4,3,25.082015991210938,505.0,6.3328508525375735,0.5163719474987468,5.726908665559923,212.1968646624914
dataset_batik/batik/Yogyakarta_Parang/0019.jpg,7a71ef3f3ade,batik,1,Yogyakarta_Parang,True,flip_h,4,40.5362548828125,784.0,6.417463828696819,0.5006669821080615,6.0082156810752725,192.77932083403442
dataset_batik/batik/Yogyakarta_Parang/0019.jpg,7a71ef3f3ade,batik,1,Yogyakarta_Parang,True,flip_v,5,40.48554611206055,777.0,6.416992824755706,0.5008687022499992,6.008182284057931,192.6439752930955
dataset_batik/batik/Yogyakarta_Parang/0019.jpg,7a71ef3f3ade,batik,1,Yogyakarta_Parang,True,zoom07,6,13.478946685791016,427.0,6.255722152692495,0.5311367100011636,5.615223866170371,247.36253089325433
dataset_batik/batik/Yogyakarta_Parang/0019.jpg,7a71ef3f3ade,batik,1,Yogyakarta_Parang,True,brightness0p85,7,15.158203125,384.0,6.324194641677889,0.5103799907874664,6.078291274993708,172.14450442156212
dataset_batik/batik/Yogyakarta_Parang/0019.jpg,7a71ef3f3ade,batik,1,Yogyakarta_Parang,True,contrast0p88,8,31.022205352783203,665.0,6.391129587699416,0.5082009187388496,6.007170473398878,192.6987508621544
dataset_batik/batik/Yogyakarta_Parang/0029.jpg,7bdd4895a8f4,batik,1,Yogyakarta_Parang,False,original,-1,271.679931640625,1304.0,7.079301593300151,0.4114997484223475,6.637769369507367,50.20603892410559
dataset_batik/batik/Yogyakarta_Parang/0029.jpg,7bdd4895a8f4,batik,1,Yogyakarta_Parang,True,rot90,0,270.0506286621094,1294.0,7.078893891008645,0.4116184517013278,6.63802935482853,50.36083294205892
dataset_batik/batik/Yogyakarta_Parang/0029.jpg,7bdd4895a8f4,batik,1,Yogyakarta_Parang,True,rot180,1,268.3054733276367,1290.0,7.079248295025058,0.41152544791214685,6.639218183874616,50.366781115956286
dataset_batik/batik/Yogyakarta_Parang/0029.jpg,7bdd4895a8f4,batik,1,Yogyakarta_Parang,True,rot270,2,279.0179252624512,1339.0,7.079544608483259,0.41151098282032894,6.635609480049848,50.34991849393126
dataset_batik/batik/Yogyakarta_Parang/0029.jpg,7bdd4895a8f4,batik,1,Yogyakarta_Parang,True,rot+4p1,3,203.02005004882812,1256.0,6.688609436006074,0.4792330094418015,6.503288925870049,60.103152748570565
dataset_batik/batik/Yogyakarta_Parang/0029.jpg,7bdd4895a8f4,batik,1,Yogyakarta_Parang,True,flip_h,4,276.87840270996094,1332.0,7.079114129456004,0.4115630372960507,6.637240888769867,50.2768920931246
dataset_batik/batik/Yogyakarta_Parang/0029.jpg,7bdd4895a8f4,batik,1,Yogyakarta_Parang,True,flip_v,5,271.4759826660156,1304.0,7.078900030197433,0.4114186985470124,6.64056607551168,50.28663210556919
dataset_batik/batik/Yogyakarta_Parang/0029.jpg,7bdd4895a8f4,batik,1,Yogyakarta_Parang,True,zoom04,6,192.95258331298828,1202.0,6.674203153482358,0.4854643571949482,6.492191043943012,63.185870106299234
dataset_batik/batik/Yogyakarta_Parang/0029.jpg,7bdd4895a8f4,batik,1,Yogyakarta_Parang,True,brightness1p15,7,276.0134735107422,1324.0,6.979765241637475,0.41616990093173367,6.642280492723636,49.983040674608596
dataset_batik/batik/Yogyakarta_Parang/0029.jpg,7bdd4895a8f4,batik,1,Yogyakarta_Parang,True,contrast1p03,8,277.7647285461426,1337.0,7.104256692110454,0.40868984644930406,6.638279615537387,50.066528779462466
dataset_batik/batik/Yogyakarta_Kawung/0019.jpg,7cb908544ba8,batik,1,Yogyakarta_Kawung,False,original,-1,55.7391357421875,480.0,6.861689251680772,0.5014453930975499,6.53748961323617,64.94843708341605
dataset_batik/batik/Yogyakarta_Kawung/0019.jpg,7cb908544ba8,batik,1,Yogyakarta_Kawung,True,rot90,0,56.39323425292969,486.0,6.860334884764397,0.5013082994900352,6.537458736183623,64.85263398564862
dataset_batik/batik/Yogyakarta_Kawung/0019.jpg,7cb908544ba8,batik,1,Yogyakarta_Kawung,True,rot180,1,56.7779541015625,488.0,6.8607776047084155,0.5016010526417912,6.535903181936369,64.77222851364044
dataset_batik/batik/Yogyakarta_Kawung/0019.jpg,7cb908544ba8,batik,1,Yogyakarta_Kawung,True,rot270,2,56.70783996582031,490.0,6.858880358333186,0.5017685365889171,6.537050566004882,64.78476559614899
dataset_batik/batik/Yogyakarta_Kawung/0019.jpg,7cb908544ba8,batik,1,Yogyakarta_Kawung,True,rot-9p9,3,48.92797088623047,478.0,6.7010332918620215,0.5284468106405603,6.3576035721753215,90.48204646336478
dataset_batik/batik/Yogyakarta_Kawung/0019.jpg,7cb908544ba8,batik,1,Yogyakarta_Kawung,True,flip_h,4,56.654640197753906,486.0,6.8606276091564355,0.501667653151201,6.537642471633948,64.80362534265305
dataset_batik/batik/Yogyakarta_Kawung/0019.jpg,7cb908544ba8,batik,1,Yogyakarta_Kawung,True,flip_v,5,56.791831970214844,486.0,6.862181151939091,0.501339951367612,6.533091297185957,64.8762963803659
dataset_batik/batik/Yogyakarta_Kawung/0019.jpg,7cb908544ba8,batik,1,Yogyakarta_Kawung,True,zoom03,6,36.369327545166016,389.0,6.683606689179821,0.5352040350768442,6.318800737736931,85.0329427866399
dataset_batik/batik/Yogyakarta_Kawung/0019.jpg,7cb908544ba8,batik,1,Yogyakarta_Kawung,True,brightness0p97,7,54.86956787109375,472.0,6.8692120418820695,0.5009550680348833,6.536416157760641,65.0040341555458
dataset_batik/batik/Yogyakarta_Kawung/0019.jpg,7cb908544ba8,batik,1,Yogyakarta_Kawung,True,contrast0p86,8,51.362274169921875,456.0,6.73271455232231,0.5164460627461764,6.534609239036026,65.80109912915658
dataset_batik/batik/Solo_Parang/0029.jpg,7df4d5dd4fc0,batik,1,Solo_Parang,False,original,-1,29.62589263916016,545.0,6.092522898392868,0.5153676950397984,6.190175768039669,149.28866943981754
dataset_batik/batik/Solo_Parang/0029.jpg,7df4d5dd4fc0,batik,1,Solo_Parang,True,rot90,0,29.090087890625,544.0,6.087636653338979,0.5155387065553623,6.188674309174589,149.23933487221615
dataset_batik/batik/Solo_Parang/0029.jpg,7df4d5dd4fc0,batik,1,Solo_Parang,True,rot180,1,29.886962890625,544.0,6.092404734489315,0.5152733081732926,6.189163524183716,149.23697593929035
dataset_batik/batik/Solo_Parang/0029.jpg,7df4d5dd4fc0,batik,1,Solo_Parang,True,rot270,2,30.152587890625,544.0,6.087768758910014,0.5153868137700373,6.186037705537606,149.24520857279003
dataset_batik/batik/Solo_Parang/0029.jpg,7df4d5dd4fc0,batik,1,Solo_Parang,True,rot-7p8,3,16.882049560546875,388.0,5.889796124533617,0.5459578562699084,5.932973654888955,166.8649907494411
dataset_batik/batik/Solo_Parang/0029.jpg,7df4d5dd4fc0,batik,1,Solo_Parang,True,flip_h,4,29.516571044921875,542.0,6.091882694173775,0.5153871971099229,6.1891687021106865,149.25660735785024
dataset_batik/batik/Solo_Parang/0029.jpg,7df4d5dd4fc0,batik,1,Solo_Parang,True,flip_v,5,29.289138793945312,542.0,6.092541108094963,0.5153331705012631,6.188176024947381,149.27186294744996
dataset_batik/batik/Solo_Parang/0029.jpg,7df4d5dd4fc0,batik,1,Solo_Parang,True,zoom05,6,13.363250732421875,313.0,5.853192087516055,0.5554823487455041,5.9276843543878215,186.63033534153152
dataset_batik/batik/Solo_Parang/0029.jpg,7df4d5dd4fc0,batik,1,Solo_Parang,True,brightness1p10,7,30.849071502685547,543.0,6.085623414053674,0.5167343164143052,6.1836399454442335,149.47974210408356
dataset_batik/batik/Solo_Parang/0029.jpg,7df4d5dd4fc0,batik,1,Solo_Parang,True,contrast0p87,8,23.464141845703125,456.0,5.859554754704896,0.5398427594472189,6.182674682294932,149.49321214747326
dataset_batik/batik/SulawesiSelatan_Lontara/0013.jpg,7fbd1b9fbaf8,batik,1,SulawesiSelatan_Lontara,False,original,-1,45.00691986083984,698.0,6.805654076009814,0.532973068970663,6.688065027447559,60.42822379165772
dataset_batik/batik/SulawesiSelatan_Lontara/0013.jpg,7fbd1b9fbaf8,batik,1,SulawesiSelatan_Lontara,True,rot90,0,44.29332733154297,698.0,6.805921121541406,0.5327371886734846,6.688114264397274,60.670700307174464
dataset_batik/batik/SulawesiSelatan_Lontara/0013.jpg,7fbd1b9fbaf8,batik,1,SulawesiSelatan_Lontara,True,rot180,1,44.982662200927734,711.0,6.804992235656933,0.5328349762020873,6.689708804705261,60.56031022694638
dataset_batik/batik/SulawesiSelatan_Lontara/0013.jpg,7fbd1b9fbaf8,batik,1,SulawesiSelatan_Lontara,True,rot270,2,45.23334503173828,690.0,6.8058106434629755,0.5331455800864803,6.691620159324197,60.5546103213431
dataset_batik/batik/SulawesiSelatan_Lontara/0013.jpg,7fbd1b9fbaf8,batik,1,SulawesiSelatan_Lontara,True,rot+8p4,3,28.493736267089844,533.0,6.599511558206505,0.5730193934459941,6.461589902029253,65.59690496206572
dataset_batik/batik/SulawesiSelatan_Lontara/0013.jpg,7fbd1b9fbaf8,batik,1,SulawesiSelatan_Lontara,True,flip_h,4,45.01105499267578,706.0,6.805064553913992,0.5333396429642008,6.687320169160998,60.44364547038565
dataset_batik/batik/SulawesiSelatan_Lontara/0013.jpg,7fbd1b9fbaf8,batik,1,SulawesiSelatan_Lontara,True,flip_v,5,43.5791015625,700.0,6.805075948588012,0.5329374343208666,6.6894815038239726,60.544622383415906
dataset_batik/batik/SulawesiSelatan_Lontara/0013.jpg,7fbd1b9fbaf8,batik,1,SulawesiSelatan_Lontara,True,zoom04,6,24.850845336914062,516.0,6.598854639196318,0.5766083173064864,6.423439619579584,74.17500103452132
dataset_batik/batik/SulawesiSelatan_Lontara/0013.jpg,7fbd1b9fbaf8,batik,1,SulawesiSelatan_Lontara,True,brightness0p97,7,42.45798110961914,665.0,6.796703657137204,0.5365249703089741,6.68083597998468,61.04008046261553
dataset_batik/batik/SulawesiSelatan_Lontara/0013.jpg,7fbd1b9fbaf8,batik,1,SulawesiSelatan_Lontara,True,contrast0p97,8,41.16679000854492,651.0,6.787969483203007,0.5357897363274653,6.686246964713098,60.807509626966166
dataset_batik/batik/SulawesiSelatan_Lontara/0036.jpg,8044eaaa01ee,batik,1,SulawesiSelatan_Lontara,False,original,-1,6.568462371826172,267.0,5.168097947267494,0.7123824130355711,6.426129724508586,42.05653746995773
dataset_batik/batik/SulawesiSelatan_Lontara/0036.jpg,8044eaaa01ee,batik,1,SulawesiSelatan_Lontara,True,rot90,0,6.72467041015625,272.0,5.163585441366511,0.7127770017502097,6.425155021944676,42.020988278402385
dataset_batik/batik/SulawesiSelatan_Lontara/0036.jpg,8044eaaa01ee,batik,1,SulawesiSelatan_Lontara,True,rot180,1,6.794643402099609,275.0,5.168157242853465,0.7121946059235318,6.4267775776182265,41.879617861326395
dataset_batik/batik/SulawesiSelatan_Lontara/0036.jpg,8044eaaa01ee,batik,1,SulawesiSelatan_Lontara,True,rot270,2,6.653583526611328,273.0,5.164863494179707,0.7125685965431572,6.4181308663531835,41.98862384089547
dataset_batik/batik/SulawesiSelatan_Lontara/0036.jpg,8044eaaa01ee,batik,1,SulawesiSelatan_Lontara,True,rot+10p1,3,5.0792083740234375,242.0,4.974766709784543,0.7360127515015513,6.295952669391262,60.59411355595922
dataset_batik/batik/SulawesiSelatan_Lontara/0036.jpg,8044eaaa01ee,batik,1,SulawesiSelatan_Lontara,True,flip_h,4,6.538787841796875,266.0,5.1697375822003355,0.7120350968284161,6.425231381749573,41.96656103360662
dataset_batik/batik/SulawesiSelatan_Lontara/0036.jpg,8044eaaa01ee,batik,1,SulawesiSelatan_Lontara,True,flip_v,5,6.6968536376953125,270.0,5.167123893131169,0.712341984324097,6.4277813247161095,41.995684348987936
dataset_batik/batik/SulawesiSelatan_Lontara/0036.jpg,8044eaaa01ee,batik,1,SulawesiSelatan_Lontara,True,zoom09,6,3.8179969787597656,235.0,4.94991411336969,0.7421361724569031,6.2432099426866365,62.01430304870038
dataset_batik/batik/SulawesiSelatan_Lontara/0036.jpg,8044eaaa01ee,batik,1,SulawesiSelatan_Lontara,True,brightness1p09,7,6.6285552978515625,267.0,5.169102317431394,0.7116483067850801,6.457534467518939,42.18139836757711
dataset_batik/batik/SulawesiSelatan_Lontara/0036.jpg,8044eaaa01ee,batik,1,SulawesiSelatan_Lontara,True,contrast1p10,8,8.572921752929688,313.0,5.330437576709283,0.7000180735929598,6.450419902434317,42.10723783939294
dataset_batik/non_batik/modern/modern (1).png,8050e3061ee9,non_batik,0,modern,False,original,-1,3.041015625,72.0,4.36478062721453,0.7778161559338872,6.809772555671392,30.855903569728607
dataset_batik/non_batik/modern/modern (1).png,8050e3061ee9,non_batik,0,modern,True,rot90,0,3.8256454467773438,90.0,4.372237353123268,0.7768774184115562,6.817194414124052,31.07836240039356
dataset_batik/non_batik/modern/modern (1).png,8050e3061ee9,non_batik,0,modern,True,rot180,1,4.0740966796875,96.0,4.368069337035396,0.7776263686856459,6.807563933437638,30.999667040507756
dataset_batik/non_batik/modern/modern (1).png,8050e3061ee9,non_batik,0,modern,True,rot270,2,3.1757354736328125,75.0,4.3775328751172236,0.7764787252418137,6.815500231042879,30.76365711384887
dataset_batik/non_batik/modern/modern (1).png,8050e3061ee9,non_batik,0,modern,True,rot-8p6,3,4.034568786621094,102.0,4.214870654780568,0.7909541980828866,6.837181687208345,38.22819498366652
dataset_batik/non_batik/modern/modern (1).png,8050e3061ee9,non_batik,0,modern,True,flip_h,4,3.4971542358398438,81.0,4.369165792536943,0.7773128190186921,6.812088271165471,30.732922119901048
dataset_batik/non_batik/modern/modern (1).png,8050e3061ee9,non_batik,0,modern,True,flip_v,5,3.1888961791992188,75.0,4.363233263345958,0.7779087025346201,6.8093714040558435,31.065218527921846
dataset_batik/non_batik/modern/modern (1).png,8050e3061ee9,non_batik,0,modern,True,zoom03,6,4.3384552001953125,102.0,4.3809119462947965,0.779503928351784,6.864304572828599,35.26148301801095
dataset_batik/non_batik/modern/modern (1).png,8050e3061ee9,non_batik,0,modern,True,brightness0p89,7,4.145050048828125,100.0,4.422795004570081,0.7723143614069876,6.831656749509267,30.65150222839083
dataset_batik/non_batik/modern/modern (1).png,8050e3061ee9,non_batik,0,modern,True,contrast0p87,8,2.7457237243652344,75.0,4.189939189528301,0.79080333724702,6.808705622971253,30.9143829851918
dataset_batik/batik/Yogyakarta_Kawung/0030.jpg,821b217c3490,batik,1,Yogyakarta_Kawung,False,original,-1,45.27656173706055,937.0,5.934690587827411,0.532846746873156,6.583924759621167,271.6734211030612
dataset_batik/batik/Yogyakarta_Kawung/0030.jpg,821b217c3490,batik,1,Yogyakarta_Kawung,True,rot90,0,46.299049377441406,941.0,5.93119940887512,0.533410086545046,6.581045951288358,271.5882640109804
dataset_batik/batik/Yogyakarta_Kawung/0030.jpg,821b217c3490,batik,1,Yogyakarta_Kawung,True,rot180,1,45.24021911621094,916.0,5.934131866287563,0.533119394458499,6.582406780433436,271.77790765673296
dataset_batik/batik/Yogyakarta_Kawung/0030.jpg,821b217c3490,batik,1,Yogyakarta_Kawung,True,rot270,2,45.976341247558594,969.0,5.92962250442525,0.533715025968041,6.578932197839446,271.5628933296034
dataset_batik/batik/Yogyakarta_Kawung/0030.jpg,821b217c3490,batik,1,Yogyakarta_Kawung,True,rot+2p1,3,10.577621459960938,380.0,5.675093617422968,0.5718538224550036,6.370395473974883,315.39736636358043
dataset_batik/batik/Yogyakarta_Kawung/0030.jpg,821b217c3490,batik,1,Yogyakarta_Kawung,True,flip_h,4,48.3431510925293,997.0,5.933559693141497,0.5331056011056571,6.581524981700982,271.6961625874248
dataset_batik/batik/Yogyakarta_Kawung/0030.jpg,821b217c3490,batik,1,Yogyakarta_Kawung,True,flip_v,5,44.21438217163086,913.0,5.935120203799896,0.5329671529684656,6.583769927492051,271.74965839806384
dataset_batik/batik/Yogyakarta_Kawung/0030.jpg,821b217c3490,batik,1,Yogyakarta_Kawung,True,zoom07,6,16.011749267578125,582.0,5.719310554900879,0.5663511753404655,6.3454666224660095,199.45844744496966
dataset_batik/batik/Yogyakarta_Kawung/0030.jpg,821b217c3490,batik,1,Yogyakarta_Kawung,True,brightness1p09,7,33.722190856933594,783.0,5.716131709350561,0.5493914518686147,6.595943215402158,275.49514178098246
dataset_batik/batik/Yogyakarta_Kawung/0030.jpg,821b217c3490,batik,1,Yogyakarta_Kawung,True,contrast1p12,8,38.855140686035156,834.0,5.872587051481338,0.5347638101507662,6.595566629519592,276.6677667391557
dataset_batik/batik/SumateraBarat_Rumah_Minang/002.jpg,8302690a77c5,batik,1,SumateraBarat_Rumah_Minang,False,original,-1,58.92572021484375,548.0,6.598434464571058,0.4794341528937051,6.410219452270969,25.033256461886072
dataset_batik/batik/SumateraBarat_Rumah_Minang/002.jpg,8302690a77c5,batik,1,SumateraBarat_Rumah_Minang,True,rot90,0,60.88817596435547,578.0,6.601968028284034,0.47887142276340655,6.41413688651757,25.072219575818103
dataset_batik/batik/SumateraBarat_Rumah_Minang/002.jpg,8302690a77c5,batik,1,SumateraBarat_Rumah_Minang,True,rot180,1,60.70359420776367,577.0,6.602437297134564,0.47926052011246967,6.4109466161703335,25.031453222675527
dataset_batik/batik/SumateraBarat_Rumah_Minang/002.jpg,8302690a77c5,batik,1,SumateraBarat_Rumah_Minang,True,rot270,2,61.10264587402344,571.0,6.598450054137462,0.4793703108883071,6.413228875656065,25.105061058658418
dataset_batik/batik/SumateraBarat_Rumah_Minang/002.jpg,8302690a77c5,batik,1,SumateraBarat_Rumah_Minang,True,rot-13p1,3,55.50498962402344,540.0,6.49584962802356,0.49826744221980207,6.269442454388828,30.14587921912568
dataset_batik/batik/SumateraBarat_Rumah_Minang/002.jpg,8302690a77c5,batik,1,SumateraBarat_Rumah_Minang,True,flip_h,4,62.43965148925781,580.0,6.598733236873228,0.47950049422792274,6.40977506068938,25.047540155976378
dataset_batik/batik/SumateraBarat_Rumah_Minang/002.jpg,8302690a77c5,batik,1,SumateraBarat_Rumah_Minang,True,flip_v,5,61.4970703125,576.0,6.601618425263366,0.4793228312198723,6.41587959722534,25.02633596393966
dataset_batik/batik/SumateraBarat_Rumah_Minang/002.jpg,8302690a77c5,batik,1,SumateraBarat_Rumah_Minang,True,zoom05,6,50.94520568847656,515.0,6.494481462561571,0.5044863177875885,6.21388025883624,32.17005264410752
dataset_batik/batik/SumateraBarat_Rumah_Minang/002.jpg,8302690a77c5,batik,1,SumateraBarat_Rumah_Minang,True,brightness0p92,7,60.74464416503906,566.0,6.600596728556431,0.4781748527550352,6.412554532904084,24.966631114866782
dataset_batik/batik/SumateraBarat_Rumah_Minang/002.jpg,8302690a77c5,batik,1,SumateraBarat_Rumah_Minang,True,contrast1p03,8,62.52490997314453,585.0,6.62949405151922,0.475812669818383,6.417237582623141,25.15296585724675
dataset_batik/batik/SumateraBarat_Rumah_Minang/005.jpg,861b084216ea,batik,1,SumateraBarat_Rumah_Minang,False,original,-1,118.8431167602539,1146.0,6.9579376821384535,0.4392065514154186,6.316476523588266,24.138485853086912
dataset_batik/batik/SumateraBarat_Rumah_Minang/005.jpg,861b084216ea,batik,1,SumateraBarat_Rumah_Minang,True,rot90,0,121.09607315063477,1157.0,6.958161475352144,0.43937032220185795,6.318703870362823,24.095153324836858
dataset_batik/batik/SumateraBarat_Rumah_Minang/005.jpg,861b084216ea,batik,1,SumateraBarat_Rumah_Minang,True,rot180,1,118.80242919921875,1147.0,6.958057250975381,0.43930928706357675,6.319092757721093,24.136491000295255
dataset_batik/batik/SumateraBarat_Rumah_Minang/005.jpg,861b084216ea,batik,1,SumateraBarat_Rumah_Minang,True,rot270,2,120.20263671875,1145.0,6.955552660692991,0.4396803259884074,6.3176722765851725,24.184275819745192
dataset_batik/batik/SumateraBarat_Rumah_Minang/005.jpg,861b084216ea,batik,1,SumateraBarat_Rumah_Minang,True,rot-12p7,3,61.38702392578125,760.0,6.850320961405645,0.45944957703287365,6.161874220561937,27.043160609515677
dataset_batik/batik/SumateraBarat_Rumah_Minang/005.jpg,861b084216ea,batik,1,SumateraBarat_Rumah_Minang,True,flip_h,4,116.88074493408203,1126.0,6.9562968190178,0.4394672643681366,6.318491325193953,24.17366884940299
dataset_batik/batik/SumateraBarat_Rumah_Minang/005.jpg,861b084216ea,batik,1,SumateraBarat_Rumah_Minang,True,flip_v,5,119.29248046875,1136.0,6.9590843255187975,0.43927234555913497,6.318632553127449,24.094591856182376
dataset_batik/batik/SumateraBarat_Rumah_Minang/005.jpg,861b084216ea,batik,1,SumateraBarat_Rumah_Minang,True,zoom03,6,51.86357116699219,692.0,6.823134018679198,0.46722392114702566,6.1108024810475605,28.10061204229433
dataset_batik/batik/SumateraBarat_Rumah_Minang/005.jpg,861b084216ea,batik,1,SumateraBarat_Rumah_Minang,True,brightness1p13,7,90.43696975708008,879.0,6.729777796862556,0.4629564615885584,6.3053787677135755,23.99364398406574
dataset_batik/batik/SumateraBarat_Rumah_Minang/005.jpg,861b084216ea,batik,1,SumateraBarat_Rumah_Minang,True,contrast1p15,8,120.38211059570312,1112.0,6.859524995131865,0.44849646899234763,6.3100052653828715,24.156602638657898
dataset_batik/batik/SumateraBarat_Rumah_Minang/0018.jpg,8be73861e239,batik,1,SumateraBarat_Rumah_Minang,False,original,-1,137.17596435546875,874.0,6.819962721602352,0.4594105772796132,6.626020392326055,17.49502453159418
dataset_batik/batik/SumateraBarat_Rumah_Minang/0018.jpg,8be73861e239,batik,1,SumateraBarat_Rumah_Minang,True,rot90,0,138.28245544433594,887.0,6.82202933819013,0.4591461902101332,6.62295667193312,17.491605420849424
dataset_batik/batik/SumateraBarat_Rumah_Minang/0018.jpg,8be73861e239,batik,1,SumateraBarat_Rumah_Minang,True,rot180,1,141.5430908203125,902.0,6.821806874910353,0.45899783674300443,6.623842668111292,17.464152927242434
dataset_batik/batik/SumateraBarat_Rumah_Minang/0018.jpg,8be73861e239,batik,1,SumateraBarat_Rumah_Minang,True,rot270,2,135.81132888793945,871.0,6.8205906203843085,0.4594478289840044,6.62370450756015,17.482357553504123
dataset_batik/batik/SumateraBarat_Rumah_Minang/0018.jpg,8be73861e239,batik,1,SumateraBarat_Rumah_Minang,True,rot-2p0,3,108.5281982421875,749.0,6.563373532624146,0.5039775496969842,6.501864657286349,21.34405883038659
dataset_batik/batik/SumateraBarat_Rumah_Minang/0018.jpg,8be73861e239,batik,1,SumateraBarat_Rumah_Minang,True,flip_h,4,144.89778900146484,918.0,6.819308646906421,0.4594837512590719,6.6251621607225495,17.492581654455737
dataset_batik/batik/SumateraBarat_Rumah_Minang/0018.jpg,8be73861e239,batik,1,SumateraBarat_Rumah_Minang,True,flip_v,5,136.81572723388672,878.0,6.821990320866888,0.4590406373190876,6.623308155258714,17.479439723999402
dataset_batik/batik/SumateraBarat_Rumah_Minang/0018.jpg,8be73861e239,batik,1,SumateraBarat_Rumah_Minang,True,zoom05,6,109.54647064208984,773.0,6.602626107012636,0.501798212178502,6.474045358384287,18.299264963503585
dataset_batik/batik/SumateraBarat_Rumah_Minang/0018.jpg,8be73861e239,batik,1,SumateraBarat_Rumah_Minang,True,brightness1p04,7,136.94101333618164,871.0,6.819751325840178,0.4610466296474867,6.623318880300818,17.52230434062694
dataset_batik/batik/SumateraBarat_Rumah_Minang/0018.jpg,8be73861e239,batik,1,SumateraBarat_Rumah_Minang,True,contrast0p92,8,134.47901916503906,876.0,6.720875508458725,0.4694306769477123,6.617816194182545,17.53560980552268
dataset_batik/batik/SumateraBarat_Rumah_Minang/0013.jpg,8bf4cb106e92,batik,1,SumateraBarat_Rumah_Minang,False,original,-1,52.30706787109375,461.0,6.471888514371155,0.529667774712908,6.448216060936716,27.197556633249786
dataset_batik/batik/SumateraBarat_Rumah_Minang/0013.jpg,8bf4cb106e92,batik,1,SumateraBarat_Rumah_Minang,True,rot90,0,62.45440673828125,548.0,6.471074279986164,0.5299021273343382,6.442443361805795,27.238466780857554
dataset_batik/batik/SumateraBarat_Rumah_Minang/0013.jpg,8bf4cb106e92,batik,1,SumateraBarat_Rumah_Minang,True,rot180,1,55.241798400878906,483.0,6.471213583822445,0.5299253631016809,6.445391509105635,27.244151696701937
dataset_batik/batik/SumateraBarat_Rumah_Minang/0013.jpg,8bf4cb106e92,batik,1,SumateraBarat_Rumah_Minang,True,rot270,2,51.65752410888672,455.0,6.47090762248207,0.5301834571002205,6.438541427023697,27.201936749532702
dataset_batik/batik/SumateraBarat_Rumah_Minang/0013.jpg,8bf4cb106e92,batik,1,SumateraBarat_Rumah_Minang,True,rot+10p7,3,54.17760467529297,514.0,6.43879951953134,0.54267025393458,6.350774383762704,36.95473862492008
dataset_batik/batik/SumateraBarat_Rumah_Minang/0013.jpg,8bf4cb106e92,batik,1,SumateraBarat_Rumah_Minang,True,flip_h,4,64.17633056640625,565.0,6.472126028087397,0.5297456440088254,6.444774292829816,27.21217321316403
dataset_batik/batik/SumateraBarat_Rumah_Minang/0013.jpg,8bf4cb106e92,batik,1,SumateraBarat_Rumah_Minang,True,flip_v,5,52.23748016357422,458.0,6.470744514262453,0.5298420961464422,6.4477201459505675,27.23949816030295
dataset_batik/batik/SumateraBarat_Rumah_Minang/0013.jpg,8bf4cb106e92,batik,1,SumateraBarat_Rumah_Minang,True,zoom07,6,39.14026641845703,431.0,6.348313252727728,0.5553132214500344,6.268382286696811,38.08868347641905
dataset_batik/batik/SumateraBarat_Rumah_Minang/0013.jpg,8bf4cb106e92,batik,1,SumateraBarat_Rumah_Minang,True,brightness0p96,7,62.70383834838867,555.0,6.470176994941773,0.5352197390775479,6.379218147622865,27.599123124261666
dataset_batik/batik/SumateraBarat_Rumah_Minang/0013.jpg,8bf4cb106e92,batik,1,SumateraBarat_Rumah_Minang,True,contrast0p91,8,51.131629943847656,463.0,6.392880418937142,0.5396701470320183,6.430421918469018,27.20650183187996
dataset_batik/batik/SumateraBarat_Rumah_Minang/009.jpg,8c566ec9c05a,batik,1,SumateraBarat_Rumah_Minang,False,original,-1,48.11073303222656,660.0,6.042263241453433,0.6124942648303753,6.149325853031476,45.73227869163844
dataset_batik/batik/SumateraBarat_Rumah_Minang/009.jpg,8c566ec9c05a,batik,1,SumateraBarat_Rumah_Minang,True,rot90,0,47.814353942871094,657.0,6.045272678611335,0.6120319122120965,6.151570835331764,45.74470470686696
dataset_batik/batik/SumateraBarat_Rumah_Minang/009.jpg,8c566ec9c05a,batik,1,SumateraBarat_Rumah_Minang,True,rot180,1,46.913726806640625,642.0,6.042074215883701,0.6122870159803628,6.14968811306839,45.84992397962288
dataset_batik/batik/SumateraBarat_Rumah_Minang/009.jpg,8c566ec9c05a,batik,1,SumateraBarat_Rumah_Minang,True,rot270,2,47.822166442871094,662.0,6.04762984226157,0.6116408889566183,6.149393353907452,45.95958462220824
dataset_batik/batik/SumateraBarat_Rumah_Minang/009.jpg,8c566ec9c05a,batik,1,SumateraBarat_Rumah_Minang,True,rot+8p5,3,36.031768798828125,618.0,5.8925902134744375,0.6343936463886383,6.007795702017026,53.9400865993467
dataset_batik/batik/SumateraBarat_Rumah_Minang/009.jpg,8c566ec9c05a,batik,1,SumateraBarat_Rumah_Minang,True,flip_h,4,48.71890640258789,663.0,6.043596137852248,0.6121347861227455,6.152762669361249,45.940770270405615
dataset_batik/batik/SumateraBarat_Rumah_Minang/009.jpg,8c566ec9c05a,batik,1,SumateraBarat_Rumah_Minang,True,flip_v,5,48.345680236816406,657.0,6.040566695175331,0.6127957189453255,6.150115435090061,45.738090682671384
dataset_batik/batik/SumateraBarat_Rumah_Minang/009.jpg,8c566ec9c05a,batik,1,SumateraBarat_Rumah_Minang,True,zoom10,6,28.984161376953125,518.0,5.808808275840766,0.6501340631838776,5.907940003808297,62.89809384084204
dataset_batik/batik/SumateraBarat_Rumah_Minang/009.jpg,8c566ec9c05a,batik,1,SumateraBarat_Rumah_Minang,True,brightness0p93,7,47.67901611328125,656.0,6.067557194274226,0.6085067617980997,6.1542336970654175,46.24108671248515
dataset_batik/batik/SumateraBarat_Rumah_Minang/009.jpg,8c566ec9c05a,batik,1,SumateraBarat_Rumah_Minang,True,contrast1p09,8,44.54587936401367,619.0,5.969189515974558,0.6208308069705275,6.130966371047187,45.86404333849064
dataset_batik/batik/Yogyakarta_Kawung/0026.jpg,8cd33e274e4d,batik,1,Yogyakarta_Kawung,False,original,-1,190.67658233642575,2133.0,6.943338213207895,0.4251100558544834,6.519742962980865,151.38844420566443
dataset_batik/batik/Yogyakarta_Kawung/0026.jpg,8cd33e274e4d,batik,1,Yogyakarta_Kawung,True,rot90,0,189.161865234375,2112.0,6.944173568381237,0.4251303919670391,6.520440156972439,151.07551120042862
dataset_batik/batik/Yogyakarta_Kawung/0026.jpg,8cd33e274e4d,batik,1,Yogyakarta_Kawung,True,rot180,1,188.97967529296875,2088.0,6.943387359472431,0.42530675095335024,6.519794696790295,151.3125364567237
dataset_batik/batik/Yogyakarta_Kawung/0026.jpg,8cd33e274e4d,batik,1,Yogyakarta_Kawung,True,rot270,2,190.09214401245117,2115.0,6.944263053878075,0.42555983952100296,6.519192007213417,151.0038257964686
dataset_batik/batik/Yogyakarta_Kawung/0026.jpg,8cd33e274e4d,batik,1,Yogyakarta_Kawung,True,rot+8p4,3,129.01197814941406,1897.0,6.805685058912481,0.45217159031866594,6.294362121112861,196.6307823223067
dataset_batik/batik/Yogyakarta_Kawung/0026.jpg,8cd33e274e4d,batik,1,Yogyakarta_Kawung,True,flip_h,4,192.55148315429688,2141.0,6.943251221978214,0.42546245305200214,6.521113403280713,151.3114422951797
dataset_batik/batik/Yogyakarta_Kawung/0026.jpg,8cd33e274e4d,batik,1,Yogyakarta_Kawung,True,flip_v,5,191.19742584228516,2134.0,6.943297288125047,0.42503863666399344,6.521122724146325,151.38097262788816
dataset_batik/batik/Yogyakarta_Kawung/0026.jpg,8cd33e274e4d,batik,1,Yogyakarta_Kawung,True,zoom08,6,116.8212890625,1914.0,6.735721691787475,0.4655902818847541,6.23416659624679,203.72125492420597
dataset_batik/batik/Yogyakarta_Kawung/0026.jpg,8cd33e274e4d,batik,1,Yogyakarta_Kawung,True,brightness1p10,7,122.78585433959961,1351.0,6.712064643751238,0.4510378604563221,6.5112422402789,157.05305955110398
dataset_batik/batik/Yogyakarta_Kawung/0026.jpg,8cd33e274e4d,batik,1,Yogyakarta_Kawung,True,contrast1p09,8,145.20819091796875,1651.0,6.825737191711445,0.439377094643411,6.524040077270382,153.9854362929913
dataset_batik/batik/Yogyakarta_Kawung/006.jpg,8e278f004798,batik,1,Yogyakarta_Kawung,False,original,-1,79.9097900390625,1328.0,6.6451575037259785,0.4690602475725114,6.565661620515496,134.03373584893436
dataset_batik/batik/Yogyakarta_Kawung/006.jpg,8e278f004798,batik,1,Yogyakarta_Kawung,True,rot90,0,78.41282272338867,1323.0,6.64468655645212,0.4689792230803966,6.563427318270624,133.93181766105005
dataset_batik/batik/Yogyakarta_Kawung/006.jpg,8e278f004798,batik,1,Yogyakarta_Kawung,True,rot180,1,82.4401626586914,1354.0,6.644840245809096,0.46895998530084115,6.563840324214471,133.98089042861884
dataset_batik/batik/Yogyakarta_Kawung/006.jpg,8e278f004798,batik,1,Yogyakarta_Kawung,True,rot270,2,79.9975814819336,1322.0,6.6446299568707925,0.4690231953841624,6.565849489487292,133.92393162968773
dataset_batik/batik/Yogyakarta_Kawung/006.jpg,8e278f004798,batik,1,Yogyakarta_Kawung,True,rot+8p6,3,37.53973388671875,888.0,6.496005344196259,0.49594008447966464,6.2944865213945524,182.37893833098596
dataset_batik/batik/Yogyakarta_Kawung/006.jpg,8e278f004798,batik,1,Yogyakarta_Kawung,True,flip_h,4,78.88772583007812,1336.0,6.645029807596899,0.4690148812088012,6.564468973339947,133.97941406972237
dataset_batik/batik/Yogyakarta_Kawung/006.jpg,8e278f004798,batik,1,Yogyakarta_Kawung,True,flip_v,5,79.8489990234375,1328.0,6.644908419191036,0.4691358134964281,6.564627880741583,134.01896321107864
dataset_batik/batik/Yogyakarta_Kawung/006.jpg,8e278f004798,batik,1,Yogyakarta_Kawung,True,zoom06,6,33.79000473022461,899.0,6.451815418786086,0.5113510286489467,6.2735161464440194,180.6811864053028
dataset_batik/batik/Yogyakarta_Kawung/006.jpg,8e278f004798,batik,1,Yogyakarta_Kawung,True,brightness1p12,7,50.83247756958008,871.0,6.14571582454086,0.5151751697844846,6.571315845078064,134.03369303747544
dataset_batik/batik/Yogyakarta_Kawung/006.jpg,8e278f004798,batik,1,Yogyakarta_Kawung,True,contrast1p04,8,87.06317138671875,1416.0,6.65198751193442,0.46637904414805276,6.564258761434234,133.9840798797504
dataset_batik/batik/Solo_Parang/0040.jpg,8eabcd2abffa,batik,1,Solo_Parang,False,original,-1,100.30635833740234,845.0,6.682564751524893,0.4824939065937527,6.105292926599784,109.5118494216706
dataset_batik/batik/Solo_Parang/0040.jpg,8eabcd2abffa,batik,1,Solo_Parang,True,rot90,0,99.70857620239258,835.0,6.682987479678891,0.48206241485225126,6.1065296783925564,109.58829584944199
dataset_batik/batik/Solo_Parang/0040.jpg,8eabcd2abffa,batik,1,Solo_Parang,True,rot180,1,103.94833374023438,854.0,6.684018184257858,0.48266903469753253,6.106630156792586,109.59579583230396
dataset_batik/batik/Solo_Parang/0040.jpg,8eabcd2abffa,batik,1,Solo_Parang,True,rot270,2,101.488037109375,856.0,6.683438599751778,0.48202764964428746,6.104533880278125,109.74656825912093
dataset_batik/batik/Solo_Parang/0040.jpg,8eabcd2abffa,batik,1,Solo_Parang,True,rot+2p0,3,50.2899169921875,600.0,6.469673686393794,0.5154748452033776,5.9028822924244615,132.574935372225
dataset_batik/batik/Solo_Parang/0040.jpg,8eabcd2abffa,batik,1,Solo_Parang,True,flip_h,4,102.89798736572266,845.0,6.683074226438716,0.48261326379488434,6.104687857392877,109.65149561950625
dataset_batik/batik/Solo_Parang/0040.jpg,8eabcd2abffa,batik,1,Solo_Parang,True,flip_v,5,96.84440612792969,812.0,6.682978770276003,0.48259782077620206,6.108554244026978,109.45686233436822
dataset_batik/batik/Solo_Parang/0040.jpg,8eabcd2abffa,batik,1,Solo_Parang,True,zoom06,6,43.668365478515625,600.0,6.421365913862771,0.5242497840180882,5.866804039107638,142.66483142850788
dataset_batik/batik/Solo_Parang/0040.jpg,8eabcd2abffa,batik,1,Solo_Parang,True,brightness1p10,7,99.60013580322266,842.0,6.646556062409781,0.48455079389906397,6.105251829775758,109.6900048667042
dataset_batik/batik/Solo_Parang/0040.jpg,8eabcd2abffa,batik,1,Solo_Parang,True,contrast0p97,8,96.11006927490234,841.0,6.637541676099654,0.4866217975414995,6.107206801030772,109.90751780639535
dataset_batik/non_batik/geometris/geometris (10).png,92deccab5470,non_batik,0,geometris,False,original,-1,0.24798583984375,8.0,4.0240787805054925,0.6929855204393873,6.852106666024772,111.6300989780916
dataset_batik/non_batik/geometris/geometris (10).png,92deccab5470,non_batik,0,geometris,True,rot90,0,0.18477630615234375,6.0,4.0240941934677,0.6921030924230622,6.853689539833058,111.7162782411676
dataset_batik/non_batik/geometris/geometris (10).png,92deccab5470,non_batik,0,geometris,True,rot180,1,0.21599960327148438,7.0,4.024875591514116,0.6929820122901464,6.852214984721108,111.62518568973707
dataset_batik/non_batik/geometris/geometris (10).png,92deccab5470,non_batik,0,geometris,True,rot270,2,0.247222900390625,8.0,4.025364742356517,0.6920359864579553,6.85625501627324,111.71950919267888
dataset_batik/non_batik/geometris/geometris (10).png,92deccab5470,non_batik,0,geometris,True,rot+13p9,3,0.5548782348632812,18.0,3.6864091394105905,0.7371116644573935,6.864187937738231,127.31563311079796
dataset_batik/non_batik/geometris/geometris (10).png,92deccab5470,non_batik,0,geometris,True,flip_h,4,0.28008270263671875,9.0,4.024844367856764,0.6930349673622471,6.852028305744859,111.61267441611092
dataset_batik/non_batik/geometris/geometris (10).png,92deccab5470,non_batik,0,geometris,True,flip_v,5,0.1840667724609375,6.0,4.024152465910317,0.6930065224882125,6.852121550517831,111.61149266575023
dataset_batik/non_batik/geometris/geometris (10).png,92deccab5470,non_batik,0,geometris,True,zoom06,6,0.39878082275390625,14.0,3.573048179165108,0.7339900806756582,6.9022080496797695,121.84273787328748
dataset_batik/non_batik/geometris/geometris (10).png,92deccab5470,non_batik,0,geometris,True,brightness0p94,7,0.2785377502441406,9.0,4.0413319655328666,0.6911173596402875,6.853506806674348,111.55007570190146
dataset_batik/non_batik/geometris/geometris (10).png,92deccab5470,non_batik,0,geometris,True,contrast1p04,8,0.15401840209960938,5.0,4.0303365506124305,0.6939128251676553,6.863222121156063,111.52148886981958
dataset_batik/batik/SumateraBarat_Rumah_Minang/0038.jpg,94870fc592ab,batik,1,SumateraBarat_Rumah_Minang,False,original,-1,105.37335968017578,838.0,6.8222200100443295,0.4365579679034864,6.32161042894106,32.475083469811324
dataset_batik/batik/SumateraBarat_Rumah_Minang/0038.jpg,94870fc592ab,batik,1,SumateraBarat_Rumah_Minang,True,rot90,0,103.44140625,832.0,6.815111755910584,0.43658246898595104,6.319695805650767,32.45353414594173
dataset_batik/batik/SumateraBarat_Rumah_Minang/0038.jpg,94870fc592ab,batik,1,SumateraBarat_Rumah_Minang,True,rot180,1,105.0576400756836,830.0,6.819824398871244,0.4362537986684912,6.318766266461045,32.52833776312753
dataset_batik/batik/SumateraBarat_Rumah_Minang/0038.jpg,94870fc592ab,batik,1,SumateraBarat_Rumah_Minang,True,rot270,2,107.18934631347656,846.0,6.815414879265506,0.436637490643404,6.319042309241529,32.445948754859316
dataset_batik/batik/SumateraBarat_Rumah_Minang/0038.jpg,94870fc592ab,batik,1,SumateraBarat_Rumah_Minang,True,rot-12p1,3,73.50341796875,680.0,6.691500555555552,0.4574874210190222,6.157004602290636,38.71063708164558
dataset_batik/batik/SumateraBarat_Rumah_Minang/0038.jpg,94870fc592ab,batik,1,SumateraBarat_Rumah_Minang,True,flip_h,4,105.253662109375,832.0,6.821648950857402,0.4364517072115814,6.317344629134305,32.474248882863755
dataset_batik/batik/SumateraBarat_Rumah_Minang/0038.jpg,94870fc592ab,batik,1,SumateraBarat_Rumah_Minang,True,flip_v,5,103.54931640625,832.0,6.82027368660312,0.43654364391503464,6.321200921645254,32.513085516791016
dataset_batik/batik/SumateraBarat_Rumah_Minang/0038.jpg,94870fc592ab,batik,1,SumateraBarat_Rumah_Minang,True,zoom03,6,70.37773132324219,675.0,6.670214078374846,0.46341422966310775,6.11989648595827,40.678751818089
dataset_batik/batik/SumateraBarat_Rumah_Minang/0038.jpg,94870fc592ab,batik,1,SumateraBarat_Rumah_Minang,True,brightness1p03,7,106.87339401245117,847.0,6.822354150023257,0.43748828248969945,6.321507913142618,32.463139694938604
dataset_batik/batik/SumateraBarat_Rumah_Minang/0038.jpg,94870fc592ab,batik,1,SumateraBarat_Rumah_Minang,True,contrast0p95,8,98.88359069824219,796.0,6.74996950873565,0.44244979737008727,6.323752076623062,32.43647692294665
dataset_batik/batik/SumateraBarat_Rumah_Minang/0019.jpg,95f29eea7980,batik,1,SumateraBarat_Rumah_Minang,False,original,-1,276.8928527832031,1400.0,7.096116751039852,0.3750836599358151,6.725522555138262,34.02936374742779
dataset_batik/batik/SumateraBarat_Rumah_Minang/0019.jpg,95f29eea7980,batik,1,SumateraBarat_Rumah_Minang,True,rot90,0,277.53441619873047,1411.0,7.095375117367771,0.3751039973258259,6.724812511548094,33.94276825522703
dataset_batik/batik/SumateraBarat_Rumah_Minang/0019.jpg,95f29eea7980,batik,1,SumateraBarat_Rumah_Minang,True,rot180,1,276.98538970947266,1406.0,7.09656525681612,0.3750628188802709,6.726944376258311,33.944609008846946
dataset_batik/batik/SumateraBarat_Rumah_Minang/0019.jpg,95f29eea7980,batik,1,SumateraBarat_Rumah_Minang,True,rot270,2,283.1715545654297,1428.0,7.095571268454513,0.3748688650571428,6.7259003251952345,34.02188185455693
dataset_batik/batik/SumateraBarat_Rumah_Minang/0019.jpg,95f29eea7980,batik,1,SumateraBarat_Rumah_Minang,True,rot+7p3,3,238.77415466308594,1518.0,6.944504809815953,0.4085592872873107,6.526089262501313,46.69613557700614
dataset_batik/batik/SumateraBarat_Rumah_Minang/0019.jpg,95f29eea7980,batik,1,SumateraBarat_Rumah_Minang,True,flip_h,4,280.8780326843262,1419.0,7.096711672392656,0.3749977231470767,6.724771267718342,34.03652466565912
dataset_batik/batik/SumateraBarat_Rumah_Minang/0019.jpg,95f29eea7980,batik,1,SumateraBarat_Rumah_Minang,True,flip_v,5,278.67164611816406,1413.0,7.096260333456079,0.3751568144697103,6.727676244065823,33.963939227836086
dataset_batik/batik/SumateraBarat_Rumah_Minang/0019.jpg,95f29eea7980,batik,1,SumateraBarat_Rumah_Minang,True,zoom02,6,230.59206008911133,1505.0,6.936130879480075,0.4105433089016199,6.489868171900504,48.247836999956164
dataset_batik/batik/SumateraBarat_Rumah_Minang/0019.jpg,95f29eea7980,batik,1,SumateraBarat_Rumah_Minang,True,brightness1p13,7,248.828125,1300.0,6.824678961134659,0.39867029968814294,6.746049715979576,34.08582002225
dataset_batik/batik/SumateraBarat_Rumah_Minang/0019.jpg,95f29eea7980,batik,1,SumateraBarat_Rumah_Minang,True,contrast1p13,8,272.20436096191406,1365.0,7.002753193510492,0.3791788683386499,6.7362465813574035,34.14216539048784
dataset_batik/batik/Solo_Parang/0024.jpg,9650ae0e9e81,batik,1,Solo_Parang,False,original,-1,252.5787811279297,1367.0,7.28827257715912,0.3718486001680053,6.558152626857377,95.17414842039936
dataset_batik/batik/Solo_Parang/0024.jpg,9650ae0e9e81,batik,1,Solo_Parang,True,rot90,0,246.83029174804688,1320.0,7.287566132555841,0.37183249899488224,6.558310465578921,95.25981684832138
dataset_batik/batik/Solo_Parang/0024.jpg,9650ae0e9e81,batik,1,Solo_Parang,True,rot180,1,255.2947998046875,1352.0,7.288230590197538,0.3717841595584868,6.5581669320397085,95.2235687147289
dataset_batik/batik/Solo_Parang/0024.jpg,9650ae0e9e81,batik,1,Solo_Parang,True,rot270,2,253.36919021606445,1351.0,7.2868189768458125,0.37221367291161045,6.5591440251744055,95.18138193053495
dataset_batik/batik/Solo_Parang/0024.jpg,9650ae0e9e81,batik,1,Solo_Parang,True,rot+3p2,3,222.246826171875,1312.0,7.024464964896628,0.425332930720457,6.40183258871911,114.04044451762321
dataset_batik/batik/Solo_Parang/0024.jpg,9650ae0e9e81,batik,1,Solo_Parang,True,flip_h,4,261.0495147705078,1388.0,7.288395660302023,0.37193282176460274,6.558543380605843,95.15036663234591
dataset_batik/batik/Solo_Parang/0024.jpg,9650ae0e9e81,batik,1,Solo_Parang,True,flip_v,5,251.9315414428711,1338.0,7.2885444463816,0.37176127443523005,6.557884586062365,95.22154443279828
dataset_batik/batik/Solo_Parang/0024.jpg,9650ae0e9e81,batik,1,Solo_Parang,True,zoom05,6,205.0480499267578,1301.0,6.99075643807633,0.4308792289262694,6.370394291127388,103.99864567332381
dataset_batik/batik/Solo_Parang/0024.jpg,9650ae0e9e81,batik,1,Solo_Parang,True,brightness0p88,7,262.08380126953125,1368.0,7.302992789456342,0.37144485486201795,6.55285352101985,94.75852311137864
dataset_batik/batik/Solo_Parang/0024.jpg,9650ae0e9e81,batik,1,Solo_Parang,True,contrast1p03,8,259.125732421875,1359.0,7.303613309901277,0.3694661349574093,6.5570792698773825,94.84794359199786
dataset_batik/batik/Yogyakarta_Parang/004.jpg,9710a61c2b42,batik,1,Yogyakarta_Parang,False,original,-1,28.3851318359375,496.0,6.743595702545521,0.4504032036827347,5.975268245243448,219.22664206381157
dataset_batik/batik/Yogyakarta_Parang/004.jpg,9710a61c2b42,batik,1,Yogyakarta_Parang,True,rot90,0,30.181171417236328,511.0,6.740202668081034,0.450734501978479,5.975527974629287,219.1319235287407
dataset_batik/batik/Yogyakarta_Parang/004.jpg,9710a61c2b42,batik,1,Yogyakarta_Parang,True,rot180,1,29.153079986572266,495.0,6.741338477539351,0.45037494026053826,5.977520053097626,219.377128016897
dataset_batik/batik/Yogyakarta_Parang/004.jpg,9710a61c2b42,batik,1,Yogyakarta_Parang,True,rot270,2,28.548202514648438,493.0,6.741534121674982,0.45088933128642084,5.9768136667270255,218.9021516382151
dataset_batik/batik/Yogyakarta_Parang/004.jpg,9710a61c2b42,batik,1,Yogyakarta_Parang,True,rot-2p0,3,17.5943603515625,352.0,6.64166363143818,0.4591883640562758,5.5913017321887155,261.8531766255262
dataset_batik/batik/Yogyakarta_Parang/004.jpg,9710a61c2b42,batik,1,Yogyakarta_Parang,True,flip_h,4,28.62154769897461,493.0,6.743073509128566,0.4505507560886356,5.978448989927493,219.17309458797035
dataset_batik/batik/Yogyakarta_Parang/004.jpg,9710a61c2b42,batik,1,Yogyakarta_Parang,True,flip_v,5,28.88477325439453,505.0,6.740814913780044,0.4505243169955727,5.975893923503055,219.3988631154233
dataset_batik/batik/Yogyakarta_Parang/004.jpg,9710a61c2b42,batik,1,Yogyakarta_Parang,True,zoom07,6,12.707855224609375,346.0,6.582662538061873,0.4687428705443356,5.60588569395369,277.64927299815554
dataset_batik/batik/Yogyakarta_Parang/004.jpg,9710a61c2b42,batik,1,Yogyakarta_Parang,True,brightness0p97,7,26.359100341796875,454.0,6.772955041433578,0.4508677769932647,5.966997283176723,221.69884649136392
dataset_batik/batik/Yogyakarta_Parang/004.jpg,9710a61c2b42,batik,1,Yogyakarta_Parang,True,contrast0p95,8,27.047805786132812,470.0,6.7472221396937915,0.4520760334257359,5.982348331604614,220.3135013836861
dataset_batik/batik/Yogyakarta_Kawung/0033.jpg,973f90f1c799,batik,1,Yogyakarta_Kawung,False,original,-1,44.96293258666992,717.0,5.84836540507238,0.6664941086561944,6.254158685141916,154.9541443639965
dataset_batik/batik/Yogyakarta_Kawung/0033.jpg,973f90f1c799,batik,1,Yogyakarta_Kawung,True,rot90,0,42.805809020996094,703.0,5.84762960519865,0.667052403945443,6.251720805728976,155.05435390814765
dataset_batik/batik/Yogyakarta_Kawung/0033.jpg,973f90f1c799,batik,1,Yogyakarta_Kawung,True,rot180,1,42.737548828125,688.0,5.846690612826252,0.6667804564205522,6.252693183532158,155.10637139716218
dataset_batik/batik/Yogyakarta_Kawung/0033.jpg,973f90f1c799,batik,1,Yogyakarta_Kawung,True,rot270,2,43.42583084106445,711.0,5.846336924065295,0.6662898958828933,6.252897634327122,155.0238719949767
dataset_batik/batik/Yogyakarta_Kawung/0033.jpg,973f90f1c799,batik,1,Yogyakarta_Kawung,True,rot-2p9,3,24.38140869140625,540.0,5.687291781809034,0.6978916775446491,6.035828468634085,157.15649004500656
dataset_batik/batik/Yogyakarta_Kawung/0033.jpg,973f90f1c799,batik,1,Yogyakarta_Kawung,True,flip_h,4,43.11940002441406,716.0,5.846289026389026,0.6665800669667269,6.253552849814301,154.9774872245587
dataset_batik/batik/Yogyakarta_Kawung/0033.jpg,973f90f1c799,batik,1,Yogyakarta_Kawung,True,flip_v,5,43.5577392578125,700.0,5.847698486318254,0.6670710851718669,6.2520962179153505,155.03884747330295
dataset_batik/batik/Yogyakarta_Kawung/0033.jpg,973f90f1c799,batik,1,Yogyakarta_Kawung,True,zoom07,6,17.710704803466797,435.0,5.617513866011746,0.7091976592767206,6.000203162200284,162.15279597961793
dataset_batik/batik/Yogyakarta_Kawung/0033.jpg,973f90f1c799,batik,1,Yogyakarta_Kawung,True,brightness0p95,7,42.79043197631836,705.0,5.837705637430075,0.6694540498565443,6.250922872682184,155.3867683779064
dataset_batik/batik/Yogyakarta_Kawung/0033.jpg,973f90f1c799,batik,1,Yogyakarta_Kawung,True,contrast1p10,8,55.41017532348633,795.0,5.947107916723052,0.6561219098233775,6.2486132004012624,152.82594208070742
dataset_batik/batik/Yogyakarta_Kawung/002.jpg,975d095d1710,batik,1,Yogyakarta_Kawung,False,original,-1,155.6509017944336,1418.0,6.899483852039953,0.4871355046047108,6.50566863468316,93.17145683864882
dataset_batik/batik/Yogyakarta_Kawung/002.jpg,975d095d1710,batik,1,Yogyakarta_Kawung,True,rot90,0,166.07929611206055,1409.0,6.89967805745878,0.48708075560610853,6.50899232385677,93.05966451238314
dataset_batik/batik/Yogyakarta_Kawung/002.jpg,975d095d1710,batik,1,Yogyakarta_Kawung,True,rot180,1,154.14801406860352,1421.0,6.8999597563134785,0.4870337597819634,6.50714115975218,93.20915508675145
dataset_batik/batik/Yogyakarta_Kawung/002.jpg,975d095d1710,batik,1,Yogyakarta_Kawung,True,rot270,2,150.83176803588867,1443.0,6.900270223530753,0.4869192161626167,6.503988533718481,92.98817230365512
dataset_batik/batik/Yogyakarta_Kawung/002.jpg,975d095d1710,batik,1,Yogyakarta_Kawung,True,rot-10p6,3,89.03411865234375,1185.0,6.761702226458237,0.5153512706233934,6.245880487611031,109.194871511131
dataset_batik/batik/Yogyakarta_Kawung/002.jpg,975d095d1710,batik,1,Yogyakarta_Kawung,True,flip_h,4,148.7635040283203,1420.0,6.899734842862383,0.4870159853750751,6.504761254926857,93.14881076875407
dataset_batik/batik/Yogyakarta_Kawung/002.jpg,975d095d1710,batik,1,Yogyakarta_Kawung,True,flip_v,5,172.07054901123047,1422.0,6.900108091782137,0.48695493407026574,6.5074394189487865,93.23570686096144
dataset_batik/batik/Yogyakarta_Kawung/002.jpg,975d095d1710,batik,1,Yogyakarta_Kawung,True,zoom02,6,85.0174560546875,1132.0,6.745071620031148,0.5194195940145966,6.234115931502094,111.67740589943351
dataset_batik/batik/Yogyakarta_Kawung/002.jpg,975d095d1710,batik,1,Yogyakarta_Kawung,True,brightness1p09,7,161.66847229003906,1405.0,6.82230526979963,0.49417738270196454,6.505963970248509,93.04234437826629
dataset_batik/batik/Yogyakarta_Kawung/002.jpg,975d095d1710,batik,1,Yogyakarta_Kawung,True,contrast1p06,8,166.50717544555664,1421.0,6.904090263360168,0.48606482610535323,6.505975027771371,92.769050646183
dataset_batik/non_batik/kotak/kotak3.png,9a27b470f78d,non_batik,0,kotak,False,original,-1,18.21603775024414,325.0,4.3495785578306005,0.7777279153915837,5.11904014101295,154.79753319035248
dataset_batik/non_batik/kotak/kotak3.png,9a27b470f78d,non_batik,0,kotak,True,rot90,0,19.09851837158203,341.0,4.330467704645086,0.7786613303898069,5.116751876933485,154.8256044728871
dataset_batik/non_batik/kotak/kotak3.png,9a27b470f78d,non_batik,0,kotak,True,rot180,1,19.375839233398438,340.0,4.351890866506496,0.7778314176511875,5.120316187015833,154.9411226111051
dataset_batik/non_batik/kotak/kotak3.png,9a27b470f78d,non_batik,0,kotak,True,rot270,2,19.494953155517578,345.0,4.330394052217651,0.7784523903812386,5.119582187388166,154.85223020455
dataset_batik/non_batik/kotak/kotak3.png,9a27b470f78d,non_batik,0,kotak,True,rot+10p3,3,15.326019287109375,316.0,4.579536427487133,0.7664642976924894,4.956013784640932,204.63383272382083
dataset_batik/non_batik/kotak/kotak3.png,9a27b470f78d,non_batik,0,kotak,True,flip_h,4,18.52649688720703,330.0,4.350781404636448,0.7777727720394354,5.11831611399616,154.83399571793066
dataset_batik/non_batik/kotak/kotak3.png,9a27b470f78d,non_batik,0,kotak,True,flip_v,5,19.526412963867188,348.0,4.351255068818558,0.7778187658290041,5.123627225984883,154.91459394987086
dataset_batik/non_batik/kotak/kotak3.png,9a27b470f78d,non_batik,0,kotak,True,zoom07,6,13.797992706298828,287.0,4.530696099068582,0.7832733229339722,4.9612974232892615,200.44590944849423
dataset_batik/non_batik/kotak/kotak3.png,9a27b470f78d,non_batik,0,kotak,True,brightness1p06,7,18.298538208007812,331.0,4.580705713336021,0.7719840816882254,5.0698246093188235,154.65635722008378
dataset_batik/non_batik/kotak/kotak3.png,9a27b470f78d,non_batik,0,kotak,True,contrast1p08,8,19.624042510986328,339.0,4.5005201250283635,0.7677241515163907,5.164699798163569,152.28763448798534
dataset_batik/batik/Yogyakarta_Kawung/0036.jpg,9c55efc8bc01,batik,1,Yogyakarta_Kawung,False,original,-1,36.31916046142578,1150.0,5.9693302454938735,0.5948862049632844,6.316630348105829,110.58134213202332
dataset_batik/batik/Yogyakarta_Kawung/0036.jpg,9c55efc8bc01,batik,1,Yogyakarta_Kawung,True,rot90,0,36.51438903808594,1158.0,5.968462494941937,0.5949264879246309,6.313347793873294,110.60260540837356
dataset_batik/batik/Yogyakarta_Kawung/0036.jpg,9c55efc8bc01,batik,1,Yogyakarta_Kawung,True,rot180,1,36.37933349609375,1171.0,5.9682724463241446,0.5951042202489316,6.311654216380524,110.65653938807132
dataset_batik/batik/Yogyakarta_Kawung/0036.jpg,9c55efc8bc01,batik,1,Yogyakarta_Kawung,True,rot270,2,37.383201599121094,1178.0,5.9685270633514556,0.5951588151889685,6.31631381505705,110.57397954650418
dataset_batik/batik/Yogyakarta_Kawung/0036.jpg,9c55efc8bc01,batik,1,Yogyakarta_Kawung,True,rot+12p8,3,23.439388275146484,973.0,5.832417177436178,0.6122774582669951,6.038131195107164,131.74217786446312
dataset_batik/batik/Yogyakarta_Kawung/0036.jpg,9c55efc8bc01,batik,1,Yogyakarta_Kawung,True,flip_h,4,36.49911880493164,1175.0,5.968717534405061,0.5950642907363621,6.311932962797381,110.59140597255976
dataset_batik/batik/Yogyakarta_Kawung/0036.jpg,9c55efc8bc01,batik,1,Yogyakarta_Kawung,True,flip_v,5,37.405941009521484,1179.0,5.96856697862934,0.5948043351725147,6.312942938999024,110.65382891955655
dataset_batik/batik/Yogyakarta_Kawung/0036.jpg,9c55efc8bc01,batik,1,Yogyakarta_Kawung,True,zoom03,6,21.144561767578125,890.0,5.8392184206383035,0.6204248048003894,6.049305422732687,131.42429508043074
dataset_batik/batik/Yogyakarta_Kawung/0036.jpg,9c55efc8bc01,batik,1,Yogyakarta_Kawung,True,brightness0p97,7,32.6558723449707,1067.0,5.958138373509076,0.598148189241826,6.311316022125716,111.42784801778312
dataset_batik/batik/Yogyakarta_Kawung/0036.jpg,9c55efc8bc01,batik,1,Yogyakarta_Kawung,True,contrast1p04,8,40.45196533203125,1220.0,6.01834121263793,0.5902251689834129,6.316426540334036,110.0595320064771
dataset_batik/batik/Yogyakarta_Parang/0010.jpg,9c71e54f91f9,batik,1,Yogyakarta_Parang,False,original,-1,26.473072052001957,289.0,5.988088161188577,0.5276361866711152,6.324350050103895,143.61342051937217
dataset_batik/batik/Yogyakarta_Parang/0010.jpg,9c71e54f91f9,batik,1,Yogyakarta_Parang,True,rot90,0,26.66656494140625,292.0,5.989184600492372,0.5273506850143231,6.320176899146938,143.362813607183
dataset_batik/batik/Yogyakarta_Parang/0010.jpg,9c71e54f91f9,batik,1,Yogyakarta_Parang,True,rot180,1,27.072200775146484,295.0,5.987954477296302,0.527539690037309,6.322815400602461,143.61146958584197
dataset_batik/batik/Yogyakarta_Parang/0010.jpg,9c71e54f91f9,batik,1,Yogyakarta_Parang,True,rot270,2,26.4429931640625,288.0,5.990043434272728,0.5272691155285636,6.319265811963845,143.379395279566
dataset_batik/batik/Yogyakarta_Parang/0010.jpg,9c71e54f91f9,batik,1,Yogyakarta_Parang,True,rot+14p8,3,34.966064453125,416.0,5.930888360177455,0.538484890295082,6.116630817186241,182.97634595945283
dataset_batik/batik/Yogyakarta_Parang/0010.jpg,9c71e54f91f9,batik,1,Yogyakarta_Parang,True,flip_h,4,27.811363220214844,302.0,5.988313241592156,0.5276412298726401,6.322956432816329,143.6289880942834
dataset_batik/batik/Yogyakarta_Parang/0010.jpg,9c71e54f91f9,batik,1,Yogyakarta_Parang,True,flip_v,5,26.8267822265625,294.0,5.987865228738256,0.5275847221745927,6.32512897657591,143.6096274788436
dataset_batik/batik/Yogyakarta_Parang/0010.jpg,9c71e54f91f9,batik,1,Yogyakarta_Parang,True,zoom05,6,28.0975341796875,372.0,5.887489036489243,0.5518197957318693,6.06376701157239,147.59155720745136
dataset_batik/batik/Yogyakarta_Parang/0010.jpg,9c71e54f91f9,batik,1,Yogyakarta_Parang,True,brightness0p94,7,38.528228759765625,437.0,5.962826226264562,0.5376150571861595,6.329638592098181,158.79276850189927
dataset_batik/batik/Yogyakarta_Parang/0010.jpg,9c71e54f91f9,batik,1,Yogyakarta_Parang,True,contrast1p13,8,27.253704071044922,263.0,5.48619818037469,0.5758001356175939,5.101071073132158,131.57172391694766
dataset_batik/batik/batik semarangan/semarangan5.jpg,9ca0fa064166,batik,1,batik semarangan,False,original,-1,218.2616233825684,1063.0,7.366699137698276,0.3812615515219836,6.677835407610502,22.626166222385937
dataset_batik/batik/batik semarangan/semarangan5.jpg,9ca0fa064166,batik,1,batik semarangan,True,rot90,0,222.2003059387207,1071.0,7.365334075359485,0.3814491214734095,6.677266235508473,22.66685730969064
dataset_batik/batik/batik semarangan/semarangan5.jpg,9ca0fa064166,batik,1,batik semarangan,True,rot180,1,218.76436614990234,1071.0,7.3671605474955,0.3816416660015559,6.678541372348503,22.655880622410162
dataset_batik/batik/batik semarangan/semarangan5.jpg,9ca0fa064166,batik,1,batik semarangan,True,rot270,2,220.59783935546875,1064.0,7.366642276554111,0.38165013633163436,6.67676272511196,22.651393060214936
dataset_batik/batik/batik semarangan/semarangan5.jpg,9ca0fa064166,batik,1,batik semarangan,True,rot+2p0,3,182.89551544189453,1014.0,7.188808669262807,0.4165272971618614,6.522152535484809,27.635956071413414
dataset_batik/batik/batik semarangan/semarangan5.jpg,9ca0fa064166,batik,1,batik semarangan,True,flip_h,4,219.6845359802246,1073.0,7.368020925664178,0.38148207113284105,6.675384251846296,22.631235610693636
dataset_batik/batik/batik semarangan/semarangan5.jpg,9ca0fa064166,batik,1,batik semarangan,True,flip_v,5,220.38763427734375,1072.0,7.366348547495285,0.3812423085594703,6.677618377661808,22.654059473936695
dataset_batik/batik/batik semarangan/semarangan5.jpg,9ca0fa064166,batik,1,batik semarangan,True,zoom07,6,165.06957244873047,959.0,7.144561166299578,0.41237478788403026,6.473410305319544,28.655568985463006
dataset_batik/batik/batik semarangan/semarangan5.jpg,9ca0fa064166,batik,1,batik semarangan,True,brightness0p97,7,206.34375,1024.0,7.359548739912357,0.384227059293299,6.664216004438202,22.703841607199486
dataset_batik/batik/batik semarangan/semarangan5.jpg,9ca0fa064166,batik,1,batik semarangan,True,contrast1p06,8,227.4920425415039,1098.0,7.3822545705099625,0.3796307286986579,6.683882572790476,22.65014197611485
dataset_batik/batik/SumateraBarat_Rumah_Minang/0029.jpg,9cc5012e3077,batik,1,SumateraBarat_Rumah_Minang,False,original,-1,251.43996047973636,1249.0,7.110607003978502,0.3925469163759033,6.6394480150361375,24.171782740751432
dataset_batik/batik/SumateraBarat_Rumah_Minang/0029.jpg,9cc5012e3077,batik,1,SumateraBarat_Rumah_Minang,True,rot90,0,252.44668579101562,1256.0,7.107352122151484,0.39284488628866154,6.640737250702435,24.292295198093786
dataset_batik/batik/SumateraBarat_Rumah_Minang/0029.jpg,9cc5012e3077,batik,1,SumateraBarat_Rumah_Minang,True,rot180,1,248.63751983642578,1239.0,7.109668511174064,0.39291968891549284,6.637250947177157,24.291260821378078
dataset_batik/batik/SumateraBarat_Rumah_Minang/0029.jpg,9cc5012e3077,batik,1,SumateraBarat_Rumah_Minang,True,rot270,2,249.88876342773438,1253.0,7.109392678517095,0.39265370179485154,6.642011223962819,24.208644062027638
dataset_batik/batik/SumateraBarat_Rumah_Minang/0029.jpg,9cc5012e3077,batik,1,SumateraBarat_Rumah_Minang,True,rot+5p2,3,158.66500854492188,1084.0,6.834777493283914,0.4412191485759675,6.47097085762655,28.104356309708947
dataset_batik/batik/SumateraBarat_Rumah_Minang/0029.jpg,9cc5012e3077,batik,1,SumateraBarat_Rumah_Minang,True,flip_h,4,247.92208099365234,1238.0,7.110518302570155,0.3927573535908019,6.639934454894158,24.21993845018574
dataset_batik/batik/SumateraBarat_Rumah_Minang/0029.jpg,9cc5012e3077,batik,1,SumateraBarat_Rumah_Minang,True,flip_v,5,248.15988540649414,1235.0,7.109707921305404,0.39256753768422203,6.639699964858874,24.291132631453674
dataset_batik/batik/SumateraBarat_Rumah_Minang/0029.jpg,9cc5012e3077,batik,1,SumateraBarat_Rumah_Minang,True,zoom09,6,160.63669967651367,1101.0,6.766528662249446,0.45509116772753044,6.367753575148775,31.50196001498533
dataset_batik/batik/SumateraBarat_Rumah_Minang/0029.jpg,9cc5012e3077,batik,1,SumateraBarat_Rumah_Minang,True,brightness1p08,7,250.09890747070312,1258.0,7.08495323318343,0.3939094567507323,6.640039617490698,24.230844490724714
dataset_batik/batik/SumateraBarat_Rumah_Minang/0029.jpg,9cc5012e3077,batik,1,SumateraBarat_Rumah_Minang,True,contrast1p06,8,257.37066650390625,1278.0,7.1605625178185175,0.3870729081732225,6.6404316016767,24.272937022265253
dataset_batik/non_batik/geometris/geometris (3).png,9dd396e5e2cf,non_batik,0,geometris,False,original,-1,25.46484375,96.0,7.212397960861685,0.3808180653998804,6.805165873924984,160.6985308369238
dataset_batik/non_batik/geometris/geometris (3).png,9dd396e5e2cf,non_batik,0,geometris,True,rot90,0,28.658660888671875,108.0,7.2135912087897855,0.3810253679088711,6.804666549019568,160.7079686324206
dataset_batik/non_batik/geometris/geometris (3).png,9dd396e5e2cf,non_batik,0,geometris,True,rot180,1,28.670608520507812,108.0,7.212532562871883,0.3810480747283304,6.80577933232741,160.6927224819418
dataset_batik/non_batik/geometris/geometris (3).png,9dd396e5e2cf,non_batik,0,geometris,True,rot270,2,24.148963928222656,91.0,7.21497570875446,0.38070101999042955,6.804972539798496,160.71218066641524
dataset_batik/non_batik/geometris/geometris (3).png,9dd396e5e2cf,non_batik,0,geometris,True,rot-7p3,3,26.50722885131836,99.0,7.183480596759905,0.37912380771705123,6.83019328752649,180.42087131037852
dataset_batik/non_batik/geometris/geometris (3).png,9dd396e5e2cf,non_batik,0,geometris,True,flip_h,4,27.856979370117188,105.0,7.21298810942204,0.3808490388407247,6.804616644399686,160.700069542664
dataset_batik/non_batik/geometris/geometris (3).png,9dd396e5e2cf,non_batik,0,geometris,True,flip_v,5,26.011062622070312,98.0,7.211848297334806,0.3810746450835049,6.805954807705102,160.68101538731455
dataset_batik/non_batik/geometris/geometris (3).png,9dd396e5e2cf,non_batik,0,geometris,True,zoom06,6,34.17155456542969,116.0,7.553809278472798,0.31275662521436565,6.8901863233772715,182.42663340493857
dataset_batik/non_batik/geometris/geometris (3).png,9dd396e5e2cf,non_batik,0,geometris,True,brightness1p14,7,20.963581085205078,79.0,6.87841581952666,0.3952927960589017,6.258533376006721,163.0158954112292
dataset_batik/non_batik/geometris/geometris (3).png,9dd396e5e2cf,non_batik,0,geometris,True,contrast1p12,8,33.53075408935547,126.0,7.0095355143168305,0.38711904038894074,6.796575633448208,161.57153962274938
dataset_batik/batik/Solo_Parang/0028.jpg,9fb8bf36fd8b,batik,1,Solo_Parang,False,original,-1,114.153076171875,1262.0,6.674905628017389,0.4616653693202391,5.972752222979612,112.13534536016844
dataset_batik/batik/Solo_Parang/0028.jpg,9fb8bf36fd8b,batik,1,Solo_Parang,True,rot90,0,111.23011779785156,1251.0,6.675099979258379,0.46186111185373335,5.973668564604052,112.22065886478534
dataset_batik/batik/Solo_Parang/0028.jpg,9fb8bf36fd8b,batik,1,Solo_Parang,True,rot180,1,113.7139892578125,1270.0,6.673925814829792,0.4616474805778471,5.970138370398358,112.10024408331795
dataset_batik/batik/Solo_Parang/0028.jpg,9fb8bf36fd8b,batik,1,Solo_Parang,True,rot270,2,114.45068359375,1267.0,6.676147405122195,0.46193022861927646,5.971302522129171,112.20714190720628
dataset_batik/batik/Solo_Parang/0028.jpg,9fb8bf36fd8b,batik,1,Solo_Parang,True,rot+5p3,3,71.85211181640625,1085.0,6.492744123474545,0.4904151027509149,5.693863770138847,143.33126564407763
dataset_batik/batik/Solo_Parang/0028.jpg,9fb8bf36fd8b,batik,1,Solo_Parang,True,flip_h,4,113.78351211547852,1253.0,6.674798609438628,0.4617269724055867,5.970048935122307,112.10228667670772
dataset_batik/batik/Solo_Parang/0028.jpg,9fb8bf36fd8b,batik,1,Solo_Parang,True,flip_v,5,110.3953857421875,1238.0,6.6741321700584155,0.46162873548640815,5.972084927319761,112.11486174193254
dataset_batik/batik/Solo_Parang/0028.jpg,9fb8bf36fd8b,batik,1,Solo_Parang,True,zoom09,6,67.73651885986328,1042.0,6.3977183306024585,0.509249020720026,5.670453319810653,148.37769824166986
dataset_batik/batik/Solo_Parang/0028.jpg,9fb8bf36fd8b,batik,1,Solo_Parang,True,brightness1p07,7,103.17766952514648,1147.0,6.606309384773361,0.4690771524789473,5.960821345595997,111.51750455402562
dataset_batik/batik/Solo_Parang/0028.jpg,9fb8bf36fd8b,batik,1,Solo_Parang,True,contrast1p03,8,118.32649230957031,1255.0,6.689016924538505,0.4599017449954931,5.969348236774133,111.65255365771728
dataset_batik/batik/Solo_Parang/0030.jpg,a10f0a7e53bd,batik,1,Solo_Parang,False,original,-1,99.34513092041016,1159.0,6.8098640645166935,0.4872611110945628,6.168564923136259,60.50214549724452
dataset_batik/batik/Solo_Parang/0030.jpg,a10f0a7e53bd,batik,1,Solo_Parang,True,rot90,0,96.26571655273438,1156.0,6.8060454738412375,0.48787351078235586,6.1709427661446625,60.48602280191308
dataset_batik/batik/Solo_Parang/0030.jpg,a10f0a7e53bd,batik,1,Solo_Parang,True,rot180,1,96.6227798461914,1139.0,6.807412676130227,0.4875828434259116,6.17190537902556,60.542609648437114
dataset_batik/batik/Solo_Parang/0030.jpg,a10f0a7e53bd,batik,1,Solo_Parang,True,rot270,2,98.21340942382812,1169.0,6.807739488577141,0.4875667661645662,6.173146815844683,60.40668429557933
dataset_batik/batik/Solo_Parang/0030.jpg,a10f0a7e53bd,batik,1,Solo_Parang,True,rot+3p3,3,55.82639694213867,897.0,6.6802789482641245,0.5074212803712604,5.870401901060755,76.73680834923218
dataset_batik/batik/Solo_Parang/0030.jpg,a10f0a7e53bd,batik,1,Solo_Parang,True,flip_h,4,100.36871337890625,1164.0,6.808704207725658,0.48749125417136085,6.169803739557567,60.49283052066136
dataset_batik/batik/Solo_Parang/0030.jpg,a10f0a7e53bd,batik,1,Solo_Parang,True,flip_v,5,96.25780487060547,1139.0,6.808093607765798,0.4873657452948391,6.169770954502523,60.552698931459766
dataset_batik/batik/Solo_Parang/0030.jpg,a10f0a7e53bd,batik,1,Solo_Parang,True,zoom07,6,39.06610107421875,812.0,6.6049587337243665,0.5220836955049928,5.824944319539421,83.59738264846251
dataset_batik/batik/Solo_Parang/0030.jpg,a10f0a7e53bd,batik,1,Solo_Parang,True,brightness1p06,7,97.67837524414062,1133.0,6.755752604251182,0.49379736026570586,6.1647494571086,61.50477146706317
dataset_batik/batik/Solo_Parang/0030.jpg,a10f0a7e53bd,batik,1,Solo_Parang,True,contrast0p90,8,82.7496337890625,1040.0,6.775374933886341,0.493100736105212,6.171101621514072,59.318048494021994
dataset_batik/batik/batik semarangan/semarangan1.jpg,a234e5ca3e30,batik,1,batik semarangan,False,original,-1,364.3382415771485,1438.0,7.672229541866236,0.3005503857455143,6.811770945837536,13.229459486432376
dataset_batik/batik/batik semarangan/semarangan1.jpg,a234e5ca3e30,batik,1,batik semarangan,True,rot90,0,363.4270706176758,1437.0,7.67181535494939,0.300524042253956,6.811413134395538,13.207637249892006
dataset_batik/batik/batik semarangan/semarangan1.jpg,a234e5ca3e30,batik,1,batik semarangan,True,rot180,1,366.8861541748047,1439.0,7.672173317262517,0.30065864258033465,6.812982243066548,13.223190859932055
dataset_batik/batik/batik semarangan/semarangan1.jpg,a234e5ca3e30,batik,1,batik semarangan,True,rot270,2,357.3280563354492,1422.0,7.6721100534898765,0.3001153363061705,6.812858575876666,13.192951476108798
dataset_batik/batik/batik semarangan/semarangan1.jpg,a234e5ca3e30,batik,1,batik semarangan,True,rot+14p2,3,358.5504341125488,1543.0,7.455782850524961,0.3391723823922591,6.699880391619072,18.03715902396236
dataset_batik/batik/batik semarangan/semarangan1.jpg,a234e5ca3e30,batik,1,batik semarangan,True,flip_h,4,363.6518211364746,1437.0,7.671710149783318,0.30060745370122294,6.812255513586321,13.21570169730665
dataset_batik/batik/batik semarangan/semarangan1.jpg,a234e5ca3e30,batik,1,batik semarangan,True,flip_v,5,370.9648132324219,1464.0,7.6721864256090075,0.3007480525644001,6.812030033174985,13.234664627056741
dataset_batik/batik/batik semarangan/semarangan1.jpg,a234e5ca3e30,batik,1,batik semarangan,True,zoom03,6,333.9304656982422,1441.0,7.442354781034217,0.3484678906625544,6.689182685581358,18.29933905975112
dataset_batik/batik/batik semarangan/semarangan1.jpg,a234e5ca3e30,batik,1,batik semarangan,True,brightness1p15,7,356.7977828979492,1403.0,7.5961737412550265,0.3072472933005368,6.8163589463683705,13.126782648908401
dataset_batik/batik/batik semarangan/semarangan1.jpg,a234e5ca3e30,batik,1,batik semarangan,True,contrast1p09,8,379.6735954284668,1485.0,7.691444637081075,0.29725919156318875,6.8131373239822715,13.116620934179672
dataset_batik/batik/Yogyakarta_Parang/0034.jpg,a24266798391,batik,1,Yogyakarta_Parang,False,original,-1,113.7403793334961,767.0,7.074148096012015,0.4108017225535286,6.289733684283894,93.63793174498822
dataset_batik/batik/Yogyakarta_Parang/0034.jpg,a24266798391,batik,1,Yogyakarta_Parang,True,rot90,0,112.6748046875,748.0,7.0758125160942225,0.4107554395478374,6.288763300489547,93.65475935142271
dataset_batik/batik/Yogyakarta_Parang/0034.jpg,a24266798391,batik,1,Yogyakarta_Parang,True,rot180,1,116.39753723144531,756.0,7.074144191822448,0.4108988021171953,6.29156426448994,93.78030239691192
dataset_batik/batik/Yogyakarta_Parang/0034.jpg,a24266798391,batik,1,Yogyakarta_Parang,True,rot270,2,115.42594909667969,764.0,7.075248638766167,0.41068865799288523,6.292528240335242,93.76252525774255
dataset_batik/batik/Yogyakarta_Parang/0034.jpg,a24266798391,batik,1,Yogyakarta_Parang,True,rot-14p2,3,132.6279296875,992.0,6.989333667955197,0.42908854918559414,6.18508368582545,111.12221425578065
dataset_batik/batik/Yogyakarta_Parang/0034.jpg,a24266798391,batik,1,Yogyakarta_Parang,True,flip_h,4,116.157470703125,764.0,7.074007666246288,0.41088347238180906,6.2913561400241935,93.7451939898707
dataset_batik/batik/Yogyakarta_Parang/0034.jpg,a24266798391,batik,1,Yogyakarta_Parang,True,flip_v,5,115.09402465820312,766.0,7.0742903417424134,0.4108966556729188,6.2870577602201205,93.65679602424807
dataset_batik/batik/Yogyakarta_Parang/0034.jpg,a24266798391,batik,1,Yogyakarta_Parang,True,zoom04,6,101.35322570800781,780.0,6.9418350066593195,0.4447784547001148,6.09718097937484,120.09909717593686
dataset_batik/batik/Yogyakarta_Parang/0034.jpg,a24266798391,batik,1,Yogyakarta_Parang,True,brightness0p87,7,88.04373168945312,634.0,6.986390556386961,0.42578547821662693,6.4505291160535005,81.1054489523144
dataset_batik/batik/Yogyakarta_Parang/0034.jpg,a24266798391,batik,1,Yogyakarta_Parang,True,contrast0p94,8,112.73091888427734,738.0,7.057872902177298,0.413218533422981,6.290875486731482,93.51755084880146
dataset_batik/batik/SumateraBarat_Rumah_Minang/0021.jpg,a291e5c48a49,batik,1,SumateraBarat_Rumah_Minang,False,original,-1,79.017822265625,1021.0,6.722144462287776,0.5194223582573392,6.50524111492871,33.512443872248845
dataset_batik/batik/SumateraBarat_Rumah_Minang/0021.jpg,a291e5c48a49,batik,1,SumateraBarat_Rumah_Minang,True,rot90,0,79.80194091796875,1040.0,6.726213125463783,0.5194505536477034,6.500313770086114,33.62853619427431
dataset_batik/batik/SumateraBarat_Rumah_Minang/0021.jpg,a291e5c48a49,batik,1,SumateraBarat_Rumah_Minang,True,rot180,1,82.32786560058594,1043.0,6.727473794321522,0.5193274000240575,6.503195445866135,33.534552276559594
dataset_batik/batik/SumateraBarat_Rumah_Minang/0021.jpg,a291e5c48a49,batik,1,SumateraBarat_Rumah_Minang,True,rot270,2,83.34561538696289,1037.0,6.724661515894536,0.519037484732411,6.502842866199851,33.65378009975218
dataset_batik/batik/SumateraBarat_Rumah_Minang/0021.jpg,a291e5c48a49,batik,1,SumateraBarat_Rumah_Minang,True,rot+6p8,3,55.69685745239258,911.0,6.5437222654791825,0.5512356929990583,6.266318496324602,42.521261692786176
dataset_batik/batik/SumateraBarat_Rumah_Minang/0021.jpg,a291e5c48a49,batik,1,SumateraBarat_Rumah_Minang,True,flip_h,4,82.3516845703125,1028.0,6.724502147099192,0.5192297855878341,6.503939723559611,33.525772715167996
dataset_batik/batik/SumateraBarat_Rumah_Minang/0021.jpg,a291e5c48a49,batik,1,SumateraBarat_Rumah_Minang,True,flip_v,5,78.81536865234375,1008.0,6.72595364943541,0.5194458563614861,6.503704844449116,33.52893543972537
dataset_batik/batik/SumateraBarat_Rumah_Minang/0021.jpg,a291e5c48a49,batik,1,SumateraBarat_Rumah_Minang,True,zoom09,6,51.238037109375,864.0,6.427874514085912,0.571554652516443,6.204181648012212,42.402262323711746
dataset_batik/batik/SumateraBarat_Rumah_Minang/0021.jpg,a291e5c48a49,batik,1,SumateraBarat_Rumah_Minang,True,brightness1p06,7,77.94356536865234,991.0,6.705319359422273,0.5197196816938433,6.499256296094723,33.52375784657549
dataset_batik/batik/SumateraBarat_Rumah_Minang/0021.jpg,a291e5c48a49,batik,1,SumateraBarat_Rumah_Minang,True,contrast0p95,8,74.45751953125,992.0,6.67626756854534,0.525012564647184,6.504908282941361,33.40427049941594
dataset_batik/batik/Yogyakarta_Parang/0017.jpg,a3833f8e9773,batik,1,Yogyakarta_Parang,False,original,-1,48.6478271484375,852.0,6.415026815919568,0.4947878181747066,5.990684586190549,199.05258480739667
dataset_batik/batik/Yogyakarta_Parang/0017.jpg,a3833f8e9773,batik,1,Yogyakarta_Parang,True,rot90,0,49.71654510498047,854.0,6.415235579089903,0.49462929443341785,5.991764063912621,199.23201870578706
dataset_batik/batik/Yogyakarta_Parang/0017.jpg,a3833f8e9773,batik,1,Yogyakarta_Parang,True,rot180,1,49.256221771240234,851.0,6.414525255374151,0.494683113810081,5.99375728160929,199.09692788963622
dataset_batik/batik/Yogyakarta_Parang/0017.jpg,a3833f8e9773,batik,1,Yogyakarta_Parang,True,rot270,2,48.97259521484375,848.0,6.4151773498988796,0.49494973766863015,5.992090278662486,199.25863079370652
dataset_batik/batik/Yogyakarta_Parang/0017.jpg,a3833f8e9773,batik,1,Yogyakarta_Parang,True,rot+2p0,3,26.349597930908203,527.0,6.327978006758509,0.5122025949435776,5.649262548796995,245.91984721415787
dataset_batik/batik/Yogyakarta_Parang/0017.jpg,a3833f8e9773,batik,1,Yogyakarta_Parang,True,flip_h,4,49.55406188964844,860.0,6.414653772820508,0.4949635234590781,5.991930399862589,199.08020672112676
dataset_batik/batik/Yogyakarta_Parang/0017.jpg,a3833f8e9773,batik,1,Yogyakarta_Parang,True,flip_v,5,49.382354736328125,852.0,6.414813454217116,0.49462907638139203,5.992412701234783,199.04777465267532
dataset_batik/batik/Yogyakarta_Parang/0017.jpg,a3833f8e9773,batik,1,Yogyakarta_Parang,True,zoom05,6,23.1260986328125,494.0,6.284887648503416,0.5193522158106976,5.598446709993096,250.68106145766205
dataset_batik/batik/Yogyakarta_Parang/0017.jpg,a3833f8e9773,batik,1,Yogyakarta_Parang,True,brightness1p15,7,57.877777099609375,824.0,5.5822637651582845,0.5773601438101115,5.343875414879722,196.4395692637075
dataset_batik/batik/Yogyakarta_Parang/0017.jpg,a3833f8e9773,batik,1,Yogyakarta_Parang,True,contrast0p89,8,39.18260192871094,738.0,6.424593584132042,0.49724386095357986,5.991986287520104,199.17130522822575
dataset_batik/batik/Solo_Parang/0036.jpg,a592c69656eb,batik,1,Solo_Parang,False,original,-1,131.90667724609375,1016.0,6.348765698227388,0.5241616824137175,6.446877715066044,65.53042413822695
dataset_batik/batik/Solo_Parang/0036.jpg,a592c69656eb,batik,1,Solo_Parang,True,rot90,0,133.24383544921875,1032.0,6.344029428792224,0.5246459557184673,6.444665571575632,65.52304369759648
dataset_batik/batik/Solo_Parang/0036.jpg,a592c69656eb,batik,1,Solo_Parang,True,rot180,1,131.9140625,1024.0,6.346272600564308,0.5242385702345989,6.448912361723448,65.68592897748651
dataset_batik/batik/Solo_Parang/0036.jpg,a592c69656eb,batik,1,Solo_Parang,True,rot270,2,130.9818878173828,1026.0,6.343546749269442,0.5244856068611147,6.445318833063909,65.60759914093934
dataset_batik/batik/Solo_Parang/0036.jpg,a592c69656eb,batik,1,Solo_Parang,True,rot-11p7,3,71.19409561157227,753.0,6.131042155797013,0.5687093210433973,6.270107038638648,78.92812512466516
dataset_batik/batik/Solo_Parang/0036.jpg,a592c69656eb,batik,1,Solo_Parang,True,flip_h,4,131.11061096191406,1022.0,6.346527564040391,0.5243135319034379,6.448399684798703,65.64235142722744
dataset_batik/batik/Solo_Parang/0036.jpg,a592c69656eb,batik,1,Solo_Parang,True,flip_v,5,133.44922256469727,1029.0,6.348272264819498,0.524114866439729,6.449563500111243,65.55087055424032
dataset_batik/batik/Solo_Parang/0036.jpg,a592c69656eb,batik,1,Solo_Parang,True,zoom08,6,62.080406188964844,706.0,6.105847849598222,0.5731263243674269,6.174860426837438,78.17977166800664
dataset_batik/batik/Solo_Parang/0036.jpg,a592c69656eb,batik,1,Solo_Parang,True,brightness0p97,7,127.93849182128906,996.0,6.349313976993663,0.5264216585773611,6.443255311121393,65.68439156635044
dataset_batik/batik/Solo_Parang/0036.jpg,a592c69656eb,batik,1,Solo_Parang,True,contrast1p13,8,151.7973861694336,1106.0,6.485693803957715,0.5070650019233072,6.443598348563482,64.07095744838863
dataset_batik/non_batik/modern/modern (4).png,a7f92f18470f,non_batik,0,modern,False,original,-1,3.09649658203125,72.0,4.583710327534934,0.742528463934451,6.661780496809774,16.019723700015465
dataset_batik/non_batik/modern/modern (4).png,a7f92f18470f,non_batik,0,modern,True,rot90,0,3.1748886108398438,74.0,4.602604634072506,0.7399830594181344,6.662502379408818,16.124912772654298
dataset_batik/non_batik/modern/modern (4).png,a7f92f18470f,non_batik,0,modern,True,rot180,1,3.2909927368164062,73.0,4.583552534242564,0.7428545008538954,6.663610555495353,16.11086802339997
dataset_batik/non_batik/modern/modern (4).png,a7f92f18470f,non_batik,0,modern,True,rot270,2,3.0927200317382812,73.0,4.60397855693788,0.73988091859686,6.664134216495135,16.08561829752084
dataset_batik/non_batik/modern/modern (4).png,a7f92f18470f,non_batik,0,modern,True,rot-14p6,3,2.8514785766601562,79.0,4.586345082454529,0.7467199723281741,6.717736421614636,20.510640234879652
dataset_batik/non_batik/modern/modern (4).png,a7f92f18470f,non_batik,0,modern,True,flip_h,4,3.149505615234375,72.0,4.583967146540852,0.7425427332158043,6.6631304948303525,16.045008616923685
dataset_batik/non_batik/modern/modern (4).png,a7f92f18470f,non_batik,0,modern,True,flip_v,5,3.1088714599609375,73.0,4.584392705538319,0.7425402899002906,6.6604780393746275,16.074955152803824
dataset_batik/non_batik/modern/modern (4).png,a7f92f18470f,non_batik,0,modern,True,zoom09,6,5.187854766845703,101.0,4.926690155750839,0.714167786793038,6.853351653522318,13.11473494739523
dataset_batik/non_batik/modern/modern (4).png,a7f92f18470f,non_batik,0,modern,True,brightness0p86,7,3.514862060546875,68.0,4.512082958275463,0.7487571462707526,6.685780708300027,16.888165193639548
dataset_batik/non_batik/modern/modern (4).png,a7f92f18470f,non_batik,0,modern,True,contrast0p85,8,3.4722023010253906,77.0,4.236200805274056,0.7703910295911516,6.66060049193916,16.07833106202389
dataset_batik/batik/Yogyakarta_Parang/005.jpg,a940ff920c6c,batik,1,Yogyakarta_Parang,False,original,-1,66.30552291870117,1043.0,6.238875739811035,0.5481546929209351,6.05668151986179,130.2528097889591
dataset_batik/batik/Yogyakarta_Parang/005.jpg,a940ff920c6c,batik,1,Yogyakarta_Parang,True,rot90,0,62.9542350769043,1035.0,6.240573770864222,0.5482382255858936,6.052726607039657,130.2636986398052
dataset_batik/batik/Yogyakarta_Parang/005.jpg,a940ff920c6c,batik,1,Yogyakarta_Parang,True,rot180,1,64.190673828125,1040.0,6.2384892156962595,0.5482372559906595,6.054645727236829,130.2280284576595
dataset_batik/batik/Yogyakarta_Parang/005.jpg,a940ff920c6c,batik,1,Yogyakarta_Parang,True,rot270,2,66.36282348632812,1049.0,6.238930848077162,0.5484871025316976,6.057181225576128,130.18308942908712
dataset_batik/batik/Yogyakarta_Parang/005.jpg,a940ff920c6c,batik,1,Yogyakarta_Parang,True,rot+10p8,3,33.05537796020508,771.0,6.1265897786013355,0.5715179675471254,5.781585767117527,160.41850021330995
dataset_batik/batik/Yogyakarta_Parang/005.jpg,a940ff920c6c,batik,1,Yogyakarta_Parang,True,flip_h,4,65.29048919677734,1030.0,6.238041526717961,0.5482669543071322,6.054420872871354,130.22971855595554
dataset_batik/batik/Yogyakarta_Parang/005.jpg,a940ff920c6c,batik,1,Yogyakarta_Parang,True,flip_v,5,63.07789611816406,1009.0,6.239577757889732,0.5481448900328665,6.051715746853258,130.29021542073795
dataset_batik/batik/Yogyakarta_Parang/005.jpg,a940ff920c6c,batik,1,Yogyakarta_Parang,True,zoom08,6,21.412254333496094,646.0,6.042895109622524,0.5860494177459795,5.747113273904674,145.69447599813373
dataset_batik/batik/Yogyakarta_Parang/005.jpg,a940ff920c6c,batik,1,Yogyakarta_Parang,True,brightness0p97,7,63.59662628173828,1026.0,6.271511074971878,0.5448348676953856,6.049556294509875,131.14823200032595
dataset_batik/batik/Yogyakarta_Parang/005.jpg,a940ff920c6c,batik,1,Yogyakarta_Parang,True,contrast1p10,8,64.03456115722656,884.0,5.976205073634025,0.5695583207000628,5.786642079827538,124.44996675038024
dataset_batik/batik/Yogyakarta_Parang/009.jpg,aa85c99944f2,batik,1,Yogyakarta_Parang,False,original,-1,48.39756774902344,852.0,6.459622650438436,0.4940356038273588,6.002024005174251,196.8900405690918
dataset_batik/batik/Yogyakarta_Parang/009.jpg,aa85c99944f2,batik,1,Yogyakarta_Parang,True,rot90,0,46.046295166015625,835.0,6.459865912162335,0.49380054940201795,5.999615262939611,196.81449016973144
dataset_batik/batik/Yogyakarta_Parang/009.jpg,aa85c99944f2,batik,1,Yogyakarta_Parang,True,rot180,1,47.59690475463867,843.0,6.458875896153594,0.49385658140016037,6.001613204930346,196.82611665955207
dataset_batik/batik/Yogyakarta_Parang/009.jpg,aa85c99944f2,batik,1,Yogyakarta_Parang,True,rot270,2,47.65800476074219,843.0,6.460596371095533,0.4935153165254994,5.9991116731146565,196.89052039541093
dataset_batik/batik/Yogyakarta_Parang/009.jpg,aa85c99944f2,batik,1,Yogyakarta_Parang,True,rot+4p7,3,28.367919921875,544.0,6.355449358912977,0.5127696466999213,5.700387952298142,252.57824430815313
dataset_batik/batik/Yogyakarta_Parang/009.jpg,aa85c99944f2,batik,1,Yogyakarta_Parang,True,flip_h,4,47.564186096191406,841.0,6.459562074990663,0.49389755436095384,6.002282517711743,196.85263370271463
dataset_batik/batik/Yogyakarta_Parang/009.jpg,aa85c99944f2,batik,1,Yogyakarta_Parang,True,flip_v,5,48.10062026977539,847.0,6.458799749602491,0.49400264796926446,5.999947737433272,196.87248462705355
dataset_batik/batik/Yogyakarta_Parang/009.jpg,aa85c99944f2,batik,1,Yogyakarta_Parang,True,zoom09,6,16.06201171875,510.0,6.261231802850254,0.5270658558975813,5.60401012743932,230.52124466814178
dataset_batik/batik/Yogyakarta_Parang/009.jpg,aa85c99944f2,batik,1,Yogyakarta_Parang,True,brightness0p97,7,36.92219924926758,729.0,6.47847146742038,0.4949952952019812,5.9911181796436574,198.23848472998196
dataset_batik/batik/Yogyakarta_Parang/009.jpg,aa85c99944f2,batik,1,Yogyakarta_Parang,True,contrast0p90,8,37.503639221191406,723.0,6.465878449672831,0.4967790085649394,6.005635102487714,196.72513896444298
dataset_batik/non_batik/modern/modern (7).png,ad3de2744108,non_batik,0,modern,False,original,-1,12.501983642578123,372.0,4.573908045854424,0.7931187622660865,6.706154249113381,35.34312046700018
dataset_batik/non_batik/modern/modern (7).png,ad3de2744108,non_batik,0,modern,True,rot90,0,12.948928833007812,386.0,4.595636855083342,0.7915481085025993,6.701529085520427,35.34363394734939
dataset_batik/non_batik/modern/modern (7).png,ad3de2744108,non_batik,0,modern,True,rot180,1,12.640716552734375,376.0,4.574361712914133,0.7927909043880572,6.707895311530109,35.45777075792074
dataset_batik/non_batik/modern/modern (7).png,ad3de2744108,non_batik,0,modern,True,rot270,2,12.751998901367188,380.0,4.59181007292068,0.7918412387458897,6.707105468171166,35.39501642029003
dataset_batik/non_batik/modern/modern (7).png,ad3de2744108,non_batik,0,modern,True,rot-3p0,3,12.522491455078125,381.0,4.4550331747165135,0.8110631069761316,6.70698184564028,42.662869884152954
dataset_batik/non_batik/modern/modern (7).png,ad3de2744108,non_batik,0,modern,True,flip_h,4,12.517837524414062,374.0,4.572522441728452,0.7928952284682395,6.705286846075314,35.4507751743167
dataset_batik/non_batik/modern/modern (7).png,ad3de2744108,non_batik,0,modern,True,flip_v,5,12.814624786376953,381.0,4.576064661541272,0.7928417014575957,6.708512857902372,35.405998104220274
dataset_batik/non_batik/modern/modern (7).png,ad3de2744108,non_batik,0,modern,True,zoom09,6,11.968746185302734,405.0,4.695044899614045,0.7918641453636324,6.833528507625164,42.64686454609253
dataset_batik/non_batik/modern/modern (7).png,ad3de2744108,non_batik,0,modern,True,brightness1p07,7,12.576332092285156,374.0,4.475508352728809,0.8002997653797287,6.696816922554696,35.60784619993684
dataset_batik/non_batik/modern/modern (7).png,ad3de2744108,non_batik,0,modern,True,contrast1p11,8,11.908493041992188,369.0,4.836191405845766,0.7661927525193668,6.711077085840973,35.04131694896016
dataset_batik/batik/Solo_Parang/0016.jpg,ae689bfb028c,batik,1,Solo_Parang,False,original,-1,35.44488525390625,632.0,6.789182238500969,0.4430831168925295,6.271924945691562,141.97244267960403
dataset_batik/batik/Solo_Parang/0016.jpg,ae689bfb028c,batik,1,Solo_Parang,True,rot90,0,35.39361572265625,631.0,6.789293721291772,0.4432799895814635,6.27293762967351,141.93322489788184
dataset_batik/batik/Solo_Parang/0016.jpg,ae689bfb028c,batik,1,Solo_Parang,True,rot180,1,36.64021682739258,627.0,6.788458972427433,0.4434951167861503,6.270995730515951,141.99583931789445
dataset_batik/batik/Solo_Parang/0016.jpg,ae689bfb028c,batik,1,Solo_Parang,True,rot270,2,36.668312072753906,629.0,6.789330879577865,0.44299702511450423,6.270851222098499,142.00796883293475
dataset_batik/batik/Solo_Parang/0016.jpg,ae689bfb028c,batik,1,Solo_Parang,True,rot-6p1,3,16.250991821289062,452.0,6.658277489156131,0.470551494897924,5.975740481340723,175.70319516389338
dataset_batik/batik/Solo_Parang/0016.jpg,ae689bfb028c,batik,1,Solo_Parang,True,flip_h,4,37.45800018310547,642.0,6.789287553476338,0.4431873192959789,6.271094950379802,142.03506751098033
dataset_batik/batik/Solo_Parang/0016.jpg,ae689bfb028c,batik,1,Solo_Parang,True,flip_v,5,35.57099533081055,633.0,6.78865434641286,0.443454474011458,6.270151838020018,141.93794798013263
dataset_batik/batik/Solo_Parang/0016.jpg,ae689bfb028c,batik,1,Solo_Parang,True,zoom09,6,12.731239318847656,446.0,6.569421569629067,0.4848569215738406,5.916088265974729,185.23687103375832
dataset_batik/batik/Solo_Parang/0016.jpg,ae689bfb028c,batik,1,Solo_Parang,True,brightness1p03,7,36.015663146972656,629.0,6.778268683652209,0.44414153361555964,6.272386422414168,141.8896398012053
dataset_batik/batik/Solo_Parang/0016.jpg,ae689bfb028c,batik,1,Solo_Parang,True,contrast0p97,8,31.900978088378906,591.0,6.760097127301754,0.4467911560652554,6.2728368157631,142.01263207575997
dataset_batik/batik/Batik Sekar Jagad/0.jpg,aefd54b84960,batik,1,Batik Sekar Jagad,False,original,-1,318.2013816833496,1449.0,7.288313541208057,0.3679416368732705,6.724213283753789,13.420649397113849
dataset_batik/batik/Batik Sekar Jagad/0.jpg,aefd54b84960,batik,1,Batik Sekar Jagad,True,rot90,0,319.4084167480469,1460.0,7.28767050315103,0.36817354027055327,6.724373419118659,13.40030166258258
dataset_batik/batik/Batik Sekar Jagad/0.jpg,aefd54b84960,batik,1,Batik Sekar Jagad,True,rot180,1,317.90164947509766,1454.0,7.289333983543793,0.3678844288443142,6.7239556797620335,13.402881251286344
dataset_batik/batik/Batik Sekar Jagad/0.jpg,aefd54b84960,batik,1,Batik Sekar Jagad,True,rot270,2,322.29339599609375,1460.0,7.287986528696873,0.3679335074890883,6.723544869986737,13.429334784904812
dataset_batik/batik/Batik Sekar Jagad/0.jpg,aefd54b84960,batik,1,Batik Sekar Jagad,True,rot+2p0,3,254.30079650878906,1436.0,7.011601206398428,0.41687349493467396,6.519735498553489,18.93803761318222
dataset_batik/batik/Batik Sekar Jagad/0.jpg,aefd54b84960,batik,1,Batik Sekar Jagad,True,flip_h,4,316.03760147094727,1437.0,7.289176311706775,0.3680100646091934,6.723389737953801,13.417908252697636
dataset_batik/batik/Batik Sekar Jagad/0.jpg,aefd54b84960,batik,1,Batik Sekar Jagad,True,flip_v,5,330.33671951293945,1491.0,7.288872358154621,0.3680252577119604,6.722654156209252,13.396773271404495
dataset_batik/batik/Batik Sekar Jagad/0.jpg,aefd54b84960,batik,1,Batik Sekar Jagad,True,zoom04,6,248.46705627441406,1412.0,7.001638803375846,0.4202872366039668,6.487103772667184,18.73034930896928
dataset_batik/batik/Batik Sekar Jagad/0.jpg,aefd54b84960,batik,1,Batik Sekar Jagad,True,brightness0p97,7,311.9873390197754,1433.0,7.305304001250134,0.3664770207183902,6.723479727337492,13.430569121440493
dataset_batik/batik/Batik Sekar Jagad/0.jpg,aefd54b84960,batik,1,Batik Sekar Jagad,True,contrast0p90,8,305.61669158935547,1418.0,7.18932073532333,0.37858459945452827,6.724004477103432,13.461089818082042
dataset_batik/non_batik/tenun/tenun (2).png,b2131a29e3e4,non_batik,0,tenun,False,original,-1,122.49925231933594,637.0,6.857219793141956,0.4868143053416622,6.4075601346040525,26.31149072948245
dataset_batik/non_batik/tenun/tenun (2).png,b2131a29e3e4,non_batik,0,tenun,True,rot90,0,121.28096771240234,619.0,6.852685231125075,0.48783818617862473,6.4042800328290195,26.364762953754852
dataset_batik/non_batik/tenun/tenun (2).png,b2131a29e3e4,non_batik,0,tenun,True,rot180,1,121.6005630493164,631.0,6.861952544959961,0.4866813067248958,6.410686658455678,26.342579509497067
dataset_batik/non_batik/tenun/tenun (2).png,b2131a29e3e4,non_batik,0,tenun,True,rot270,2,119.72380065917969,622.0,6.851710769280098,0.4878558256920058,6.405136204141661,26.32776592319346
dataset_batik/non_batik/tenun/tenun (2).png,b2131a29e3e4,non_batik,0,tenun,True,rot-8p2,3,168.79919052124023,895.0,6.821550614793869,0.49129747095279086,6.592730404210392,32.38832109740636
dataset_batik/non_batik/tenun/tenun (2).png,b2131a29e3e4,non_batik,0,tenun,True,flip_h,4,121.42922973632812,632.0,6.860463303611054,0.48662602184773185,6.410604253552609,26.303787717792197
dataset_batik/non_batik/tenun/tenun (2).png,b2131a29e3e4,non_batik,0,tenun,True,flip_v,5,123.59121322631836,631.0,6.859294938286606,0.48681245009794893,6.4067782965922095,26.349133969136613
dataset_batik/non_batik/tenun/tenun (2).png,b2131a29e3e4,non_batik,0,tenun,True,zoom04,6,105.49162292480469,508.0,6.992517457375934,0.47021789138373304,6.418184658922086,29.4796725323595
dataset_batik/non_batik/tenun/tenun (2).png,b2131a29e3e4,non_batik,0,tenun,True,brightness1p11,7,120.73696899414062,614.0,6.6035173682411505,0.49843631085211454,6.239947659809049,26.327576632726622
dataset_batik/non_batik/tenun/tenun (2).png,b2131a29e3e4,non_batik,0,tenun,True,contrast0p90,8,114.82598876953125,604.0,6.708826024023039,0.49785689028256624,6.166330132535311,26.2731835045019
dataset_batik/batik/Yogyakarta_Parang/0032.jpg,b9f0bcdd4ffc,batik,1,Yogyakarta_Parang,False,original,-1,60.926055908203125,684.0,6.5131963494516025,0.4688094756276232,6.081287900132015,74.86434077324856
dataset_batik/batik/Yogyakarta_Parang/0032.jpg,b9f0bcdd4ffc,batik,1,Yogyakarta_Parang,True,rot90,0,61.0020637512207,685.0,6.5117894803530065,0.4686975637104695,6.077510958081993,75.1073774593795
dataset_batik/batik/Yogyakarta_Parang/0032.jpg,b9f0bcdd4ffc,batik,1,Yogyakarta_Parang,True,rot180,1,60.478973388671875,680.0,6.513519380089383,0.46872999473908067,6.084488453183935,74.83039469278172
dataset_batik/batik/Yogyakarta_Parang/0032.jpg,b9f0bcdd4ffc,batik,1,Yogyakarta_Parang,True,rot270,2,60.695091247558594,677.0,6.512322110529508,0.46873837582729105,6.078742686603036,75.03929012732301
dataset_batik/batik/Yogyakarta_Parang/0032.jpg,b9f0bcdd4ffc,batik,1,Yogyakarta_Parang,True,rot-8p8,3,47.09861755371094,572.0,6.541916669135844,0.4698686509882153,5.846863934999862,69.74853168763698
dataset_batik/batik/Yogyakarta_Parang/0032.jpg,b9f0bcdd4ffc,batik,1,Yogyakarta_Parang,True,flip_h,4,59.77570343017578,677.0,6.513999099910865,0.4687862956411871,6.081659183394871,74.82552726538967
dataset_batik/batik/Yogyakarta_Parang/0032.jpg,b9f0bcdd4ffc,batik,1,Yogyakarta_Parang,True,flip_v,5,61.2921142578125,685.0,6.512832843292641,0.4688397502559922,6.083670922148842,74.88397371433075
dataset_batik/batik/Yogyakarta_Parang/0032.jpg,b9f0bcdd4ffc,batik,1,Yogyakarta_Parang,True,zoom03,6,36.94501495361328,523.0,6.4668668452416505,0.47915175772961904,5.85146163040796,87.3083748023587
dataset_batik/batik/Yogyakarta_Parang/0032.jpg,b9f0bcdd4ffc,batik,1,Yogyakarta_Parang,True,brightness0p97,7,53.466278076171875,632.0,6.51660807480973,0.47151654625987227,6.035248555436434,77.77229359020248
dataset_batik/batik/Yogyakarta_Parang/0032.jpg,b9f0bcdd4ffc,batik,1,Yogyakarta_Parang,True,contrast1p13,8,66.42182922363281,732.0,6.624057135681549,0.45753247919470363,6.095794604726342,75.68659476411919
dataset_batik/batik/Yogyakarta_Kawung/0016.jpg,ba741b615b90,batik,1,Yogyakarta_Kawung,False,original,-1,269.57137298583984,2334.0,6.861202076554738,0.461297243552249,6.505631600458193,150.09438651357814
dataset_batik/batik/Yogyakarta_Kawung/0016.jpg,ba741b615b90,batik,1,Yogyakarta_Kawung,True,rot90,0,267.5829391479492,2321.0,6.858083041097199,0.46148879537279014,6.504843011685757,150.0608645814397
dataset_batik/batik/Yogyakarta_Kawung/0016.jpg,ba741b615b90,batik,1,Yogyakarta_Kawung,True,rot180,1,269.7584037780762,2331.0,6.857851115939562,0.46124095650865315,6.503952653313309,150.22041828095368
dataset_batik/batik/Yogyakarta_Kawung/0016.jpg,ba741b615b90,batik,1,Yogyakarta_Kawung,True,rot270,2,270.41215896606445,2325.0,6.859405429229823,0.46120387959202475,6.503908937462204,150.074475962501
dataset_batik/batik/Yogyakarta_Kawung/0016.jpg,ba741b615b90,batik,1,Yogyakarta_Kawung,True,rot+2p1,3,211.43511962890625,2156.0,6.75594530823655,0.4821613188896293,6.240182719261691,172.488879370264
dataset_batik/batik/Yogyakarta_Kawung/0016.jpg,ba741b615b90,batik,1,Yogyakarta_Kawung,True,flip_h,4,269.11827087402344,2330.0,6.860300725161341,0.46122898725658307,6.503809225693433,150.16915598601742
dataset_batik/batik/Yogyakarta_Kawung/0016.jpg,ba741b615b90,batik,1,Yogyakarta_Kawung,True,flip_v,5,269.7019958496094,2340.0,6.859428373615097,0.46129686020241945,6.504786141748903,150.1586949051774
dataset_batik/batik/Yogyakarta_Kawung/0016.jpg,ba741b615b90,batik,1,Yogyakarta_Kawung,True,zoom05,6,186.40060424804688,2020.0,6.7157184095987645,0.49038204885342074,6.196285353500697,184.81373683188497
dataset_batik/batik/Yogyakarta_Kawung/0016.jpg,ba741b615b90,batik,1,Yogyakarta_Kawung,True,brightness1p04,7,245.05138778686523,2187.0,6.832436508503661,0.46645479215778785,6.509181659908769,151.87465156962605
dataset_batik/batik/Yogyakarta_Kawung/0016.jpg,ba741b615b90,batik,1,Yogyakarta_Kawung,True,contrast0p88,8,220.45732879638672,2038.0,6.808563916152433,0.46980881655551743,6.506064461856045,152.83978824322494
dataset_batik/non_batik/modern/modern (2).png,bb5154fad02f,non_batik,0,modern,False,original,-1,0.0085258483886718,3.0,4.9053595560561645,0.7894776572545961,6.726528116229426,68.47838205145531
dataset_batik/non_batik/modern/modern (2).png,bb5154fad02f,non_batik,0,modern,True,rot90,0,0.01226806640625,4.0,4.914361886022673,0.7883153540453454,6.723496282718431,68.40361330454851
dataset_batik/non_batik/modern/modern (2).png,bb5154fad02f,non_batik,0,modern,True,rot180,1,0.0109710693359375,4.0,4.909574505280262,0.7890443155773545,6.728185852361133,68.31755441016197
dataset_batik/non_batik/modern/modern (2).png,bb5154fad02f,non_batik,0,modern,True,rot270,2,0.01165771484375,4.0,4.9120653383004225,0.7884007772130684,6.724856547094243,68.34157671723352
dataset_batik/non_batik/modern/modern (2).png,bb5154fad02f,non_batik,0,modern,True,rot-9p7,3,0.015716552734375,10.0,4.877409170781197,0.803374645019773,6.7471628816198805,76.87264304470115
dataset_batik/non_batik/modern/modern (2).png,bb5154fad02f,non_batik,0,modern,True,flip_h,4,0.00826263427734375,3.0,4.907212960127523,0.7891448434641936,6.729318269684986,68.36122897797794
dataset_batik/non_batik/modern/modern (2).png,bb5154fad02f,non_batik,0,modern,True,flip_v,5,0.004566192626953125,3.0,4.909391379237397,0.7892344806599629,6.725986899124866,68.4247768235125
dataset_batik/non_batik/modern/modern (2).png,bb5154fad02f,non_batik,0,modern,True,zoom04,6,0.016937255859375,5.0,5.037641336344465,0.788695836304346,6.806266543448325,72.51826509060395
dataset_batik/non_batik/modern/modern (2).png,bb5154fad02f,non_batik,0,modern,True,brightness0p90,7,0.0094146728515625,4.0,5.077525178141378,0.7762657394610105,6.749386619257628,68.74474943013226
dataset_batik/non_batik/modern/modern (2).png,bb5154fad02f,non_batik,0,modern,True,contrast0p97,8,0.01590728759765625,6.0,4.94723656905343,0.7916434497406338,6.728111434415338,68.39760607749395
dataset_batik/non_batik/garis/garis1 (3).jpg,bbcc043171d4,non_batik,0,garis,False,original,-1,320.9955596923828,830.0,7.373607434014433,0.2719354929497464,5.7019080124049015,42.00823139098844
dataset_batik/non_batik/garis/garis1 (3).jpg,bbcc043171d4,non_batik,0,garis,True,rot90,0,338.4122848510742,875.0,7.364505546267045,0.27198176491802684,5.701790528220754,41.9079473014004
dataset_batik/non_batik/garis/garis1 (3).jpg,bbcc043171d4,non_batik,0,garis,True,rot180,1,324.45072174072266,838.0,7.367839738706375,0.2718977784984003,5.703423245085573,41.913864905632146
dataset_batik/non_batik/garis/garis1 (3).jpg,bbcc043171d4,non_batik,0,garis,True,rot270,2,334.0355758666992,861.0,7.370732319585015,0.27197833498669965,5.701167077714624,42.005668678158294
dataset_batik/non_batik/garis/garis1 (3).jpg,bbcc043171d4,non_batik,0,garis,True,rot+2p6,3,567.3409576416016,1532.0,7.37832878946551,0.2658351126458991,5.787307775576323,44.3290367320311
dataset_batik/non_batik/garis/garis1 (3).jpg,bbcc043171d4,non_batik,0,garis,True,flip_h,4,324.27490234375,838.0,7.374003403807418,0.2719368301040645,5.70087424575746,42.01172348172331
dataset_batik/non_batik/garis/garis1 (3).jpg,bbcc043171d4,non_batik,0,garis,True,flip_v,5,321.92063903808594,833.0,7.367244980927477,0.27182310935583887,5.703028443024015,41.90991892939187
dataset_batik/non_batik/garis/garis1 (3).jpg,bbcc043171d4,non_batik,0,garis,True,zoom02,6,315.83349609375,859.0,7.359575292824339,0.2757801427990051,5.731098803147452,45.053116010575174
dataset_batik/non_batik/garis/garis1 (3).jpg,bbcc043171d4,non_batik,0,garis,True,brightness0p97,7,331.60017013549805,855.0,7.380547395028735,0.27027705532194846,5.692306210987796,41.346914341161515
dataset_batik/non_batik/garis/garis1 (3).jpg,bbcc043171d4,non_batik,0,garis,True,contrast1p13,8,223.58419799804688,814.0,5.927297073853484,0.4517378678547114,5.937332324555668,38.88107199440214
dataset_batik/batik/Yogyakarta_Kawung/0035.jpg,bbdb13d788e1,batik,1,Yogyakarta_Kawung,False,original,-1,255.3393402099609,1506.0,6.999405318585555,0.3951724987887531,6.652228452959533,158.32831965615998
dataset_batik/batik/Yogyakarta_Kawung/0035.jpg,bbdb13d788e1,batik,1,Yogyakarta_Kawung,True,rot90,0,255.83340454101562,1506.0,7.0014983398361474,0.39518767797340437,6.651873151298135,158.33799029744202
dataset_batik/batik/Yogyakarta_Kawung/0035.jpg,bbdb13d788e1,batik,1,Yogyakarta_Kawung,True,rot180,1,260.44364166259766,1534.0,6.999840997947874,0.3953330396922071,6.651260761981769,158.30961819408557
dataset_batik/batik/Yogyakarta_Kawung/0035.jpg,bbdb13d788e1,batik,1,Yogyakarta_Kawung,True,rot270,2,260.88745880126953,1539.0,7.0015650874306985,0.39525688078684257,6.651442724525806,158.3590554908473
dataset_batik/batik/Yogyakarta_Kawung/0035.jpg,bbdb13d788e1,batik,1,Yogyakarta_Kawung,True,rot+9p5,3,120.42951202392578,1099.0,6.841100728476015,0.4277527804541511,6.464946226114264,199.55184565142886
dataset_batik/batik/Yogyakarta_Kawung/0035.jpg,bbdb13d788e1,batik,1,Yogyakarta_Kawung,True,flip_h,4,257.8044891357422,1525.0,6.999545565593272,0.3952712479978761,6.652409699562961,158.32608031261654
dataset_batik/batik/Yogyakarta_Kawung/0035.jpg,bbdb13d788e1,batik,1,Yogyakarta_Kawung,True,flip_v,5,255.20896911621094,1500.0,6.999630799545014,0.39519216859590894,6.652200641761858,158.32668919706364
dataset_batik/batik/Yogyakarta_Kawung/0035.jpg,bbdb13d788e1,batik,1,Yogyakarta_Kawung,True,zoom03,6,85.607177734375,1004.0,6.831141476231661,0.4319756420988103,6.429725732487389,204.5346321033681
dataset_batik/batik/Yogyakarta_Kawung/0035.jpg,bbdb13d788e1,batik,1,Yogyakarta_Kawung,True,brightness1p06,7,227.75524139404297,1390.0,6.899510525278942,0.4037988943027545,6.652606198375091,160.52126127318957
dataset_batik/batik/Yogyakarta_Kawung/0035.jpg,bbdb13d788e1,batik,1,Yogyakarta_Kawung,True,contrast1p13,8,239.2421112060547,1463.0,6.882508521175819,0.40504590965244314,6.649358310731578,163.2787129252906
dataset_batik/non_batik/bunga_nonbatik/bunga (6).png,bc0863dfd9c1,non_batik,0,bunga_nonbatik,False,original,-1,240.5168876647949,1207.0,6.125078567341777,0.5555946626658412,6.814431536314469,16.04725413688469
dataset_batik/non_batik/bunga_nonbatik/bunga (6).png,bc0863dfd9c1,non_batik,0,bunga_nonbatik,True,rot90,0,242.4770736694336,1217.0,6.131130925081005,0.5551779350719241,6.818389091037549,16.098419642263934
dataset_batik/non_batik/bunga_nonbatik/bunga (6).png,bc0863dfd9c1,non_batik,0,bunga_nonbatik,True,rot180,1,243.97287368774414,1225.0,6.124147742825458,0.5556366075164102,6.817260353233223,16.006522520252126
dataset_batik/non_batik/bunga_nonbatik/bunga (6).png,bc0863dfd9c1,non_batik,0,bunga_nonbatik,True,rot270,2,244.565673828125,1228.0,6.130833978573446,0.5552113039299761,6.8183170497202426,16.070316088672403
dataset_batik/non_batik/bunga_nonbatik/bunga (6).png,bc0863dfd9c1,non_batik,0,bunga_nonbatik,True,rot+12p2,3,153.34861373901367,1261.0,6.075218481086417,0.5563727538635963,6.824677186676196,15.615558754884342
dataset_batik/non_batik/bunga_nonbatik/bunga (6).png,bc0863dfd9c1,non_batik,0,bunga_nonbatik,True,flip_h,4,241.48113632202148,1213.0,6.125148091744333,0.5555951654691824,6.817352798006569,16.02543212802558
dataset_batik/non_batik/bunga_nonbatik/bunga (6).png,bc0863dfd9c1,non_batik,0,bunga_nonbatik,True,flip_v,5,240.71615600585938,1208.0,6.125770992003678,0.5554842139392402,6.815647513259163,16.041012392334764
dataset_batik/non_batik/bunga_nonbatik/bunga (6).png,bc0863dfd9c1,non_batik,0,bunga_nonbatik,True,zoom09,6,199.06183242797852,1505.0,6.122445917206259,0.5144854443758331,6.891403750739592,15.84684103435606
dataset_batik/non_batik/bunga_nonbatik/bunga (6).png,bc0863dfd9c1,non_batik,0,bunga_nonbatik,True,brightness1p06,7,236.44988250732422,1186.0,6.1590143445727294,0.5424675150669935,6.8163635325222405,16.028639452218012
dataset_batik/non_batik/bunga_nonbatik/bunga (6).png,bc0863dfd9c1,non_batik,0,bunga_nonbatik,True,contrast0p86,8,228.92990112304688,1160.0,5.928071471281996,0.5720419600413003,6.7278838725398185,15.999641456526815
dataset_batik/non_batik/kotak/kotak4.jpg,bcabfe0310f4,non_batik,0,kotak,False,original,-1,8.062179565429688,99.0,3.2927449056589704,0.862177311352576,3.879822781264524,209.22937151442
dataset_batik/non_batik/kotak/kotak4.jpg,bcabfe0310f4,non_batik,0,kotak,True,rot90,0,7.9503936767578125,99.0,3.2929632141320697,0.8622938085588436,3.8731517810700735,209.45747988037158
dataset_batik/non_batik/kotak/kotak4.jpg,bcabfe0310f4,non_batik,0,kotak,True,rot180,1,7.9715423583984375,99.0,3.288203327237418,0.8624120778687356,3.8790606603835016,209.17191667080084
dataset_batik/non_batik/kotak/kotak4.jpg,bcabfe0310f4,non_batik,0,kotak,True,rot270,2,7.791999816894531,97.0,3.294829556702464,0.8622777753003615,3.874122284582623,209.45566866049907
dataset_batik/non_batik/kotak/kotak4.jpg,bcabfe0310f4,non_batik,0,kotak,True,rot+6p9,3,8.43975830078125,106.0,3.0063601799475093,0.853261890306601,3.2008755154535606,185.0379117689746
dataset_batik/non_batik/kotak/kotak4.jpg,bcabfe0310f4,non_batik,0,kotak,True,flip_h,4,7.8895263671875,98.0,3.2922016611676654,0.862255685943715,3.8712953263986623,209.1750279602149
dataset_batik/non_batik/kotak/kotak4.jpg,bcabfe0310f4,non_batik,0,kotak,True,flip_v,5,8.062934875488281,99.0,3.289247578917905,0.8623158481634788,3.878132635805355,209.14000337448815
dataset_batik/non_batik/kotak/kotak4.jpg,bcabfe0310f4,non_batik,0,kotak,True,zoom06,6,6.788612365722656,102.0,3.246717338066627,0.8571615113212961,3.7650084080664383,195.46814885039532
dataset_batik/non_batik/kotak/kotak4.jpg,bcabfe0310f4,non_batik,0,kotak,True,brightness1p05,7,7.092247009277344,87.0,2.9213930687783116,0.8718139144812787,3.456120560067335,209.87551851688116
dataset_batik/non_batik/kotak/kotak4.jpg,bcabfe0310f4,non_batik,0,kotak,True,contrast0p89,8,7.973640441894531,98.0,3.2472399377664574,0.8634963147898742,3.941867808139956,210.38325777562667
dataset_batik/batik/Yogyakarta_Kawung/0027.jpg,bd730be873eb,batik,1,Yogyakarta_Kawung,False,original,-1,45.0670166015625,544.0,6.531548817215707,0.4573052081444058,6.786329736508726,310.607874278008
dataset_batik/batik/Yogyakarta_Kawung/0027.jpg,bd730be873eb,batik,1,Yogyakarta_Kawung,True,rot90,0,44.626068115234375,539.0,6.534458183777788,0.4569168625677124,6.7884754509824425,310.7389096318742
dataset_batik/batik/Yogyakarta_Kawung/0027.jpg,bd730be873eb,batik,1,Yogyakarta_Kawung,True,rot180,1,45.52421569824219,550.0,6.531777706485341,0.4572534763610845,6.787256645542933,310.64214263166525
dataset_batik/batik/Yogyakarta_Kawung/0027.jpg,bd730be873eb,batik,1,Yogyakarta_Kawung,True,rot270,2,44.258155822753906,535.0,6.534601825612368,0.4568333128637935,6.787399258936178,310.6963203467713
dataset_batik/batik/Yogyakarta_Kawung/0027.jpg,bd730be873eb,batik,1,Yogyakarta_Kawung,True,rot+10p7,3,36.766910552978516,475.0,6.366675234371061,0.4951676650488006,6.4852414900742215,379.1328227015698
dataset_batik/batik/Yogyakarta_Kawung/0027.jpg,bd730be873eb,batik,1,Yogyakarta_Kawung,True,flip_h,4,45.11035919189453,545.0,6.531855028626866,0.4571945755196505,6.78668696103981,310.6023002405138
dataset_batik/batik/Yogyakarta_Kawung/0027.jpg,bd730be873eb,batik,1,Yogyakarta_Kawung,True,flip_v,5,45.36076354980469,548.0,6.531579018540534,0.4573041095269668,6.7871451442487665,310.60674781934995
dataset_batik/batik/Yogyakarta_Kawung/0027.jpg,bd730be873eb,batik,1,Yogyakarta_Kawung,True,zoom04,6,17.04422378540039,227.0,6.323510734041473,0.5054871144102109,6.4675491917694545,453.3118938633899
dataset_batik/batik/Yogyakarta_Kawung/0027.jpg,bd730be873eb,batik,1,Yogyakarta_Kawung,True,brightness0p97,7,33.0218505859375,413.0,6.549536934920966,0.458520516124797,6.769369138116723,320.80602933417015
dataset_batik/batik/Yogyakarta_Kawung/0027.jpg,bd730be873eb,batik,1,Yogyakarta_Kawung,True,contrast1p07,8,53.42681121826172,578.0,5.990430917946243,0.5177786273490688,6.54791013060621,313.54120924742585
dataset_batik/batik/Yogyakarta_Parang/007.jpg,bdad9f0a9e63,batik,1,Yogyakarta_Parang,False,original,-1,31.086055755615234,747.0,6.479910431510806,0.5286315085440436,6.266641151084911,144.8893298028489
dataset_batik/batik/Yogyakarta_Parang/007.jpg,bdad9f0a9e63,batik,1,Yogyakarta_Parang,True,rot90,0,31.495193481445312,756.0,6.484467128482203,0.528323575406965,6.263732119820568,144.8135661249195
dataset_batik/batik/Yogyakarta_Parang/007.jpg,bdad9f0a9e63,batik,1,Yogyakarta_Parang,True,rot180,1,32.660797119140625,762.0,6.4784463805295065,0.528399860126984,6.266239160605073,144.88728353077303
dataset_batik/batik/Yogyakarta_Parang/007.jpg,bdad9f0a9e63,batik,1,Yogyakarta_Parang,True,rot270,2,31.014732360839844,751.0,6.4814197394598825,0.5281976525443535,6.262372033155351,144.8757985359462
dataset_batik/batik/Yogyakarta_Parang/007.jpg,bdad9f0a9e63,batik,1,Yogyakarta_Parang,True,rot+14p9,3,10.33099365234375,432.0,6.356251883273641,0.5451389555922048,5.972829288939704,193.784591742471
dataset_batik/batik/Yogyakarta_Parang/007.jpg,bdad9f0a9e63,batik,1,Yogyakarta_Parang,True,flip_h,4,32.47283172607422,766.0,6.477471843592725,0.5283488609675038,6.2621581350746265,144.87721658831504
dataset_batik/batik/Yogyakarta_Parang/007.jpg,bdad9f0a9e63,batik,1,Yogyakarta_Parang,True,flip_v,5,31.408676147460938,756.0,6.481573225967946,0.5283411436268057,6.265608877559528,144.82262990255913
dataset_batik/batik/Yogyakarta_Parang/007.jpg,bdad9f0a9e63,batik,1,Yogyakarta_Parang,True,zoom03,6,5.356201171875,426.0,6.310366938704999,0.5570625700418721,5.982919417391328,183.0929591697248
dataset_batik/batik/Yogyakarta_Parang/007.jpg,bdad9f0a9e63,batik,1,Yogyakarta_Parang,True,brightness0p90,7,10.931465148925781,361.0,6.325966694684931,0.5507644222134012,6.257805721679459,145.07525853047025
dataset_batik/batik/Yogyakarta_Parang/007.jpg,bdad9f0a9e63,batik,1,Yogyakarta_Parang,True,contrast1p03,8,38.11444854736328,838.0,6.505844731572209,0.5266956824199857,6.262537440728493,144.8223920788445
dataset_batik/batik/SumateraBarat_Rumah_Minang/0036.jpg,be07729e8e4c,batik,1,SumateraBarat_Rumah_Minang,False,original,-1,149.5974349975586,890.0,7.070027919561721,0.3849141048657071,6.55474449872537,17.276208716511373
dataset_batik/batik/SumateraBarat_Rumah_Minang/0036.jpg,be07729e8e4c,batik,1,SumateraBarat_Rumah_Minang,True,rot90,0,151.68955993652344,903.0,7.070428531135405,0.3850583420558211,6.554959912445762,17.24466428511175
dataset_batik/batik/SumateraBarat_Rumah_Minang/0036.jpg,be07729e8e4c,batik,1,SumateraBarat_Rumah_Minang,True,rot180,1,152.27645874023438,906.0,7.070285776794934,0.3850851799706375,6.556764116452723,17.241148980058604
dataset_batik/batik/SumateraBarat_Rumah_Minang/0036.jpg,be07729e8e4c,batik,1,SumateraBarat_Rumah_Minang,True,rot270,2,153.9783706665039,917.0,7.0688371563649035,0.3852961390632032,6.554148344606789,17.24286508737879
dataset_batik/batik/SumateraBarat_Rumah_Minang/0036.jpg,be07729e8e4c,batik,1,SumateraBarat_Rumah_Minang,True,rot+3p1,3,127.39814758300781,835.0,6.9421637812081585,0.41302343792666857,6.37545541371582,20.015629765440078
dataset_batik/batik/SumateraBarat_Rumah_Minang/0036.jpg,be07729e8e4c,batik,1,SumateraBarat_Rumah_Minang,True,flip_h,4,151.3195037841797,900.0,7.069799312101552,0.38518408094544654,6.5559502551457545,17.267137901440947
dataset_batik/batik/SumateraBarat_Rumah_Minang/0036.jpg,be07729e8e4c,batik,1,SumateraBarat_Rumah_Minang,True,flip_v,5,153.17938995361328,911.0,7.0700499607015335,0.3851221650552202,6.555802468396165,17.24348273356194
dataset_batik/batik/SumateraBarat_Rumah_Minang/0036.jpg,be07729e8e4c,batik,1,SumateraBarat_Rumah_Minang,True,zoom09,6,115.4319076538086,762.0,6.9120767650839445,0.4196454830866737,6.282941407247522,23.64448735919567
dataset_batik/batik/SumateraBarat_Rumah_Minang/0036.jpg,be07729e8e4c,batik,1,SumateraBarat_Rumah_Minang,True,brightness0p86,7,137.5399169921875,848.0,7.0579591547095255,0.3923236562708714,6.535800466789101,16.66036787483892
dataset_batik/batik/SumateraBarat_Rumah_Minang/0036.jpg,be07729e8e4c,batik,1,SumateraBarat_Rumah_Minang,True,contrast1p03,8,154.3939971923828,916.0,7.089917193712957,0.3828201758009362,6.55824975274667,17.393001150512248
dataset_batik/non_batik/tenun/tenun (6).png,be63966ec5ec,non_batik,0,tenun,False,original,-1,0.0,0.0,6.300990971133142,0.5376546588007854,6.443455176683846,49.81194193399284
dataset_batik/non_batik/tenun/tenun (6).png,be63966ec5ec,non_batik,0,tenun,True,rot90,0,0.0,0.0,6.298569068955088,0.5378640008524859,6.440408623167967,49.79321681498181
dataset_batik/non_batik/tenun/tenun (6).png,be63966ec5ec,non_batik,0,tenun,True,rot180,1,0.0,0.0,6.300511986925705,0.5377050837407763,6.440090750597319,49.75648974111053
dataset_batik/non_batik/tenun/tenun (6).png,be63966ec5ec,non_batik,0,tenun,True,rot270,2,0.0,0.0,6.300805331233704,0.5377178298536439,6.437196245555306,49.72443238276142
dataset_batik/non_batik/tenun/tenun (6).png,be63966ec5ec,non_batik,0,tenun,True,rot-7p7,3,142.82197952270508,885.0,6.399750900464296,0.5229260956516744,6.677192603676984,51.65792196529915
dataset_batik/non_batik/tenun/tenun (6).png,be63966ec5ec,non_batik,0,tenun,True,flip_h,4,0.0,0.0,6.301527205025355,0.5376882131473284,6.438770435081914,49.75590019844464
dataset_batik/non_batik/tenun/tenun (6).png,be63966ec5ec,non_batik,0,tenun,True,flip_v,5,0.0,0.0,6.299539318722964,0.5378510358652653,6.442455259303125,49.82231921042798
dataset_batik/non_batik/tenun/tenun (6).png,be63966ec5ec,non_batik,0,tenun,True,zoom08,6,103.59012603759766,535.0,6.62279993370294,0.4811243308783602,6.508689183839392,51.03208807709761
dataset_batik/non_batik/tenun/tenun (6).png,be63966ec5ec,non_batik,0,tenun,True,brightness1p03,7,0.0,0.0,6.499836719855051,0.5220552698072596,6.442619737392338,49.85132479837036
dataset_batik/non_batik/tenun/tenun (6).png,be63966ec5ec,non_batik,0,tenun,True,contrast1p05,8,0.0,0.0,6.5840828111226175,0.5151596689250176,6.454166728964196,50.02254714304304
dataset_batik/non_batik/garis/garis1 (4).jpg,c11183e9d1cd,non_batik,0,garis,False,original,-1,501.50367736816406,2220.0,6.673457479501597,0.2915212056117275,5.7816638121132735,246.1366482637048
dataset_batik/non_batik/garis/garis1 (4).jpg,c11183e9d1cd,non_batik,0,garis,True,rot90,0,507.78247833251953,2235.0,6.673464776380371,0.2915176581439449,5.780049378143214,246.19419934943969
dataset_batik/non_batik/garis/garis1 (4).jpg,c11183e9d1cd,non_batik,0,garis,True,rot180,1,499.1993942260742,2206.0,6.674241091527213,0.29142463460885726,5.781146080393697,246.1032624586507
dataset_batik/non_batik/garis/garis1 (4).jpg,c11183e9d1cd,non_batik,0,garis,True,rot270,2,512.7173538208008,2262.0,6.673581387415223,0.29139878992806767,5.780333906727431,246.18336214408706
dataset_batik/non_batik/garis/garis1 (4).jpg,c11183e9d1cd,non_batik,0,garis,True,rot+4p5,3,450.1261863708496,2557.0,6.73272409859452,0.29513313463864665,5.993598258272348,233.27885239955225
dataset_batik/non_batik/garis/garis1 (4).jpg,c11183e9d1cd,non_batik,0,garis,True,flip_h,4,503.21035385131836,2225.0,6.674429645442078,0.29145375397501566,5.782159214815133,246.11806189416268
dataset_batik/non_batik/garis/garis1 (4).jpg,c11183e9d1cd,non_batik,0,garis,True,flip_v,5,500.5429458618164,2210.0,6.6744065536418,0.2914431914421312,5.7808444788952436,246.1061892027571
dataset_batik/non_batik/garis/garis1 (4).jpg,c11183e9d1cd,non_batik,0,garis,True,zoom09,6,104.32228088378906,805.0,6.73705574489352,0.3012807553378637,6.1459819403232885,256.42095712607306
dataset_batik/non_batik/garis/garis1 (4).jpg,c11183e9d1cd,non_batik,0,garis,True,brightness0p95,7,510.4522705078125,2250.0,6.71538644373074,0.2886353320316378,5.777791064629412,246.78731480923918
dataset_batik/non_batik/garis/garis1 (4).jpg,c11183e9d1cd,non_batik,0,garis,True,contrast0p90,8,386.2087707519531,1912.0,6.555965666107425,0.3020462101190795,5.784407100580154,247.38350171744312
dataset_batik/non_batik/garis/garis1 (5).jpg,c1afa12764cf,non_batik,0,garis,False,original,-1,80.75811767578125,167.0,7.085741454398435,0.2382689382900227,6.138921238431859,67.8461717960772
dataset_batik/non_batik/garis/garis1 (5).jpg,c1afa12764cf,non_batik,0,garis,True,rot90,0,82.23091125488281,170.0,7.078518445131381,0.23854842280205046,6.13730686143292,67.8696524349424
dataset_batik/non_batik/garis/garis1 (5).jpg,c1afa12764cf,non_batik,0,garis,True,rot180,1,73.52468872070312,152.0,7.0859640683551515,0.23813522602033582,6.1387786708254,67.82551206657638
dataset_batik/non_batik/garis/garis1 (5).jpg,c1afa12764cf,non_batik,0,garis,True,rot270,2,80.81800079345703,167.0,7.0785785082307795,0.23858290107055008,6.137470149672629,67.85906172997089
dataset_batik/non_batik/garis/garis1 (5).jpg,c1afa12764cf,non_batik,0,garis,True,rot+7p0,3,311.65339279174805,781.0,7.103561754964226,0.24724384294260726,6.456134001561283,61.7037907111314
dataset_batik/non_batik/garis/garis1 (5).jpg,c1afa12764cf,non_batik,0,garis,True,flip_h,4,73.99031066894531,153.0,7.085769467549624,0.23818760822784066,6.139389373459441,67.82383345662178
dataset_batik/non_batik/garis/garis1 (5).jpg,c1afa12764cf,non_batik,0,garis,True,flip_v,5,80.74983596801758,167.0,7.085889401972976,0.23820234187227568,6.138261248960985,67.84724917098922
dataset_batik/non_batik/garis/garis1 (5).jpg,c1afa12764cf,non_batik,0,garis,True,zoom06,6,85.47119522094727,189.0,7.099704798400533,0.24002389737017615,6.292185138462401,77.05431561383159
dataset_batik/non_batik/garis/garis1 (5).jpg,c1afa12764cf,non_batik,0,garis,True,brightness0p88,7,67.67631530761719,140.0,7.123973997016751,0.23595422455927131,6.137208165503436,67.96426531316993
dataset_batik/non_batik/garis/garis1 (5).jpg,c1afa12764cf,non_batik,0,garis,True,contrast1p11,8,85.5223617553711,177.0,7.067505235576259,0.23420290216453585,6.152182128252175,68.5475368240799
dataset_batik/batik/Yogyakarta_Kawung/0031.jpg,c23c92dfb3a6,batik,1,Yogyakarta_Kawung,False,original,-1,266.90604400634766,2466.0,6.838201091382734,0.4677241314473322,6.406524966121676,173.80398372803967
dataset_batik/batik/Yogyakarta_Kawung/0031.jpg,c23c92dfb3a6,batik,1,Yogyakarta_Kawung,True,rot90,0,264.22277069091797,2437.0,6.835351380298018,0.4677160848572413,6.404555840674316,173.895663050956
dataset_batik/batik/Yogyakarta_Kawung/0031.jpg,c23c92dfb3a6,batik,1,Yogyakarta_Kawung,True,rot180,1,263.10522079467773,2429.0,6.83623189106135,0.46765192371009623,6.406985801965992,173.90007322296938
dataset_batik/batik/Yogyakarta_Kawung/0031.jpg,c23c92dfb3a6,batik,1,Yogyakarta_Kawung,True,rot270,2,264.4828796386719,2440.0,6.836096761335402,0.4677068760180618,6.403404296146075,173.9371033334531
dataset_batik/batik/Yogyakarta_Kawung/0031.jpg,c23c92dfb3a6,batik,1,Yogyakarta_Kawung,True,rot+10p8,3,203.198974609375,2264.0,6.739648510932005,0.48132038632503216,6.142453594543335,198.56336981770193
dataset_batik/batik/Yogyakarta_Kawung/0031.jpg,c23c92dfb3a6,batik,1,Yogyakarta_Kawung,True,flip_h,4,266.0408020019531,2460.0,6.837263818307372,0.4677056479423958,6.405737877267642,173.90510704561794
dataset_batik/batik/Yogyakarta_Kawung/0031.jpg,c23c92dfb3a6,batik,1,Yogyakarta_Kawung,True,flip_v,5,265.25209045410156,2444.0,6.8377117861434575,0.4675590664456166,6.404484525344076,173.82921734282658
dataset_batik/batik/Yogyakarta_Kawung/0031.jpg,c23c92dfb3a6,batik,1,Yogyakarta_Kawung,True,zoom03,6,193.7512969970703,2236.0,6.719704779369417,0.48932983194982144,6.133323482077002,197.86711538947475
dataset_batik/batik/Yogyakarta_Kawung/0031.jpg,c23c92dfb3a6,batik,1,Yogyakarta_Kawung,True,brightness1p11,7,211.82616806030273,1949.0,6.602256656281635,0.5006406431358267,6.319620297928843,177.78038439855428
dataset_batik/batik/Yogyakarta_Kawung/0031.jpg,c23c92dfb3a6,batik,1,Yogyakarta_Kawung,True,contrast0p95,8,251.64086151123047,2354.0,6.831066840206847,0.47010431051820956,6.406441410502432,175.2108424513671
dataset_batik/batik/Yogyakarta_Kawung/0014.jpg,c2b746a6af12,batik,1,Yogyakarta_Kawung,False,original,-1,29.3820915222168,929.0,6.016707111955886,0.5908762987438594,6.367719605905094,97.92042017005303
dataset_batik/batik/Yogyakarta_Kawung/0014.jpg,c2b746a6af12,batik,1,Yogyakarta_Kawung,True,rot90,0,30.723953247070312,950.0,6.012900681821939,0.5912981970172987,6.3699136586188585,97.96579619916226
dataset_batik/batik/Yogyakarta_Kawung/0014.jpg,c2b746a6af12,batik,1,Yogyakarta_Kawung,True,rot180,1,29.621627807617188,941.0,6.014497151688914,0.591221586509294,6.366221814535034,97.98632075916193
dataset_batik/batik/Yogyakarta_Kawung/0014.jpg,c2b746a6af12,batik,1,Yogyakarta_Kawung,True,rot270,2,30.12868881225586,951.0,6.012508621953628,0.591545523126187,6.370025131557529,97.96076108972231
dataset_batik/batik/Yogyakarta_Kawung/0014.jpg,c2b746a6af12,batik,1,Yogyakarta_Kawung,True,rot+7p6,3,20.413780212402344,817.0,5.895430205137927,0.6132094385005626,6.106865160889598,117.09519984304252
dataset_batik/batik/Yogyakarta_Kawung/0014.jpg,c2b746a6af12,batik,1,Yogyakarta_Kawung,True,flip_h,4,30.24993896484375,940.0,6.016271241278459,0.5910795750959481,6.368171496186125,97.95975498500277
dataset_batik/batik/Yogyakarta_Kawung/0014.jpg,c2b746a6af12,batik,1,Yogyakarta_Kawung,True,flip_v,5,29.408946990966797,933.0,6.015387925553455,0.5909590106444975,6.365044788760446,97.95014521194189
dataset_batik/batik/Yogyakarta_Kawung/0014.jpg,c2b746a6af12,batik,1,Yogyakarta_Kawung,True,zoom02,6,19.79149627685547,806.0,5.869817996983986,0.6213374175031815,6.095840689012063,120.30218723081587
dataset_batik/batik/Yogyakarta_Kawung/0014.jpg,c2b746a6af12,batik,1,Yogyakarta_Kawung,True,brightness0p97,7,29.368824005126953,911.0,6.006644366503038,0.5937573348709491,6.360483122847318,98.50022321944869
dataset_batik/batik/Yogyakarta_Kawung/0014.jpg,c2b746a6af12,batik,1,Yogyakarta_Kawung,True,contrast0p87,8,24.36133575439453,849.0,5.827197126006842,0.6090367383919842,6.371920326501365,100.10262685057894
dataset_batik/batik/Yogyakarta_Kawung/0037.jpg,c54620730f2e,batik,1,Yogyakarta_Kawung,False,original,-1,162.840576171875,1888.0,6.754117572850674,0.4805353949584954,6.5620630853160105,202.2245871805385
dataset_batik/batik/Yogyakarta_Kawung/0037.jpg,c54620730f2e,batik,1,Yogyakarta_Kawung,True,rot90,0,162.63048553466797,1871.0,6.75328503576415,0.48016810421212563,6.562642472916993,202.15438129778056
dataset_batik/batik/Yogyakarta_Kawung/0037.jpg,c54620730f2e,batik,1,Yogyakarta_Kawung,True,rot180,1,164.78594970703125,1871.0,6.750203849885681,0.4805178539032071,6.55939736854582,202.12635511086913
dataset_batik/batik/Yogyakarta_Kawung/0037.jpg,c54620730f2e,batik,1,Yogyakarta_Kawung,True,rot270,2,165.04151153564453,1894.0,6.755493091116368,0.48020455130336337,6.560336953941768,202.15378734157304
dataset_batik/batik/Yogyakarta_Kawung/0037.jpg,c54620730f2e,batik,1,Yogyakarta_Kawung,True,rot+11p1,3,81.27128601074219,1505.0,6.598298419557796,0.5106211886770569,6.251272312386755,217.74285961171148
dataset_batik/batik/Yogyakarta_Kawung/0037.jpg,c54620730f2e,batik,1,Yogyakarta_Kawung,True,flip_h,4,159.21592712402344,1875.0,6.752622691672596,0.4809111091173399,6.561960372827356,202.13853170224544
dataset_batik/batik/Yogyakarta_Kawung/0037.jpg,c54620730f2e,batik,1,Yogyakarta_Kawung,True,flip_v,5,166.23655700683594,1886.0,6.750798572659775,0.4804036795839257,6.563955213947037,202.1965712825528
dataset_batik/batik/Yogyakarta_Kawung/0037.jpg,c54620730f2e,batik,1,Yogyakarta_Kawung,True,zoom08,6,69.54756164550781,1423.0,6.531612430504017,0.5259840484544265,6.202234401058382,169.3292615757115
dataset_batik/batik/Yogyakarta_Kawung/0037.jpg,c54620730f2e,batik,1,Yogyakarta_Kawung,True,brightness1p10,7,145.843505859375,1728.0,6.636017936697874,0.49377020937326366,6.555878531584965,208.24707795925127
dataset_batik/batik/Yogyakarta_Kawung/0037.jpg,c54620730f2e,batik,1,Yogyakarta_Kawung,True,contrast1p13,8,178.5702133178711,1913.0,6.682592189765766,0.4880320096132287,6.537751523709323,208.3078993564885
dataset_batik/non_batik/garis/garis1 (1).jpg,c5761d229b6c,non_batik,0,garis,False,original,-1,112.77074432373048,1926.0,6.339187070442076,0.4433640504908773,5.739341877263261,594.1832208336161
dataset_batik/non_batik/garis/garis1 (1).jpg,c5761d229b6c,non_batik,0,garis,True,rot90,0,112.11004257202148,1925.0,6.335148750040438,0.4437393083963098,5.737260738812857,594.2818055780268
dataset_batik/non_batik/garis/garis1 (1).jpg,c5761d229b6c,non_batik,0,garis,True,rot180,1,111.31658172607422,1909.0,6.337844062234335,0.4434781615591883,5.738038262199904,594.1431687857067
dataset_batik/non_batik/garis/garis1 (1).jpg,c5761d229b6c,non_batik,0,garis,True,rot270,2,113.43011474609375,1936.0,6.335563869669576,0.4437405488554243,5.739319380312072,594.1742939665306
dataset_batik/non_batik/garis/garis1 (1).jpg,c5761d229b6c,non_batik,0,garis,True,rot+13p7,3,24.36309814453125,1560.0,6.0504613590357215,0.5074710354796756,5.847158785499939,767.472455445811
dataset_batik/non_batik/garis/garis1 (1).jpg,c5761d229b6c,non_batik,0,garis,True,flip_h,4,111.93674087524414,1915.0,6.338794926510377,0.44345909325263955,5.740258055146082,593.9548833766788
dataset_batik/non_batik/garis/garis1 (1).jpg,c5761d229b6c,non_batik,0,garis,True,flip_v,5,110.39974975585938,1907.0,6.338707195895141,0.44346020680216075,5.739326888082585,594.0992161226241
dataset_batik/non_batik/garis/garis1 (1).jpg,c5761d229b6c,non_batik,0,garis,True,zoom05,6,15.329940795898438,1012.0,6.0355055475070705,0.48571704766985335,5.194704090222589,735.8059247793279
dataset_batik/non_batik/garis/garis1 (1).jpg,c5761d229b6c,non_batik,0,garis,True,brightness0p87,7,80.99504089355469,1609.0,6.292172525402657,0.45003846576841605,5.743530699888717,606.7602051229028
dataset_batik/non_batik/garis/garis1 (1).jpg,c5761d229b6c,non_batik,0,garis,True,contrast0p88,8,50.47425079345703,1282.0,6.166995733521647,0.4640371438352211,5.733858786863337,619.3897000033743
dataset_batik/batik/SumateraBarat_Rumah_Minang/0023.jpg,c8389f7774ca,batik,1,SumateraBarat_Rumah_Minang,False,original,-1,185.2608108520508,941.0,7.263316705569259,0.3560616497201059,6.603675266611814,22.275850936662216
dataset_batik/batik/SumateraBarat_Rumah_Minang/0023.jpg,c8389f7774ca,batik,1,SumateraBarat_Rumah_Minang,True,rot90,0,182.10777282714844,924.0,7.260700644684452,0.35602795826488903,6.605331938581886,22.317413522449062
dataset_batik/batik/SumateraBarat_Rumah_Minang/0023.jpg,c8389f7774ca,batik,1,SumateraBarat_Rumah_Minang,True,rot180,1,181.80505752563477,923.0,7.263597666525497,0.3559499727528794,6.603638350007786,22.33899707362509
dataset_batik/batik/SumateraBarat_Rumah_Minang/0023.jpg,c8389f7774ca,batik,1,SumateraBarat_Rumah_Minang,True,rot270,2,181.2916603088379,921.0,7.261734353193452,0.3560600304468462,6.605678940398715,22.240490163510888
dataset_batik/batik/SumateraBarat_Rumah_Minang/0023.jpg,c8389f7774ca,batik,1,SumateraBarat_Rumah_Minang,True,rot+11p6,3,185.74430465698242,993.0,7.134122128402938,0.38075995970052207,6.444211687405398,24.949484245440164
dataset_batik/batik/SumateraBarat_Rumah_Minang/0023.jpg,c8389f7774ca,batik,1,SumateraBarat_Rumah_Minang,True,flip_h,4,183.72850799560547,933.0,7.264005827350961,0.35606894270784567,6.606107081768254,22.25709010858212
dataset_batik/batik/SumateraBarat_Rumah_Minang/0023.jpg,c8389f7774ca,batik,1,SumateraBarat_Rumah_Minang,True,flip_v,5,179.76708984375,912.0,7.2628829848106555,0.35597846326764737,6.603935657819804,22.336247300052822
dataset_batik/batik/SumateraBarat_Rumah_Minang/0023.jpg,c8389f7774ca,batik,1,SumateraBarat_Rumah_Minang,True,zoom09,6,158.6102523803711,938.0,7.0593375544923544,0.39976234766519825,6.35047305824218,29.930430484718766
dataset_batik/batik/SumateraBarat_Rumah_Minang/0023.jpg,c8389f7774ca,batik,1,SumateraBarat_Rumah_Minang,True,brightness1p06,7,185.68334197998047,943.0,7.234545118618357,0.35869519837646036,6.60338809488903,22.253743542813783
dataset_batik/batik/SumateraBarat_Rumah_Minang/0023.jpg,c8389f7774ca,batik,1,SumateraBarat_Rumah_Minang,True,contrast0p91,8,168.83409118652344,861.0,7.221121113445004,0.3625253444745126,6.606374809148539,22.414767415715513
dataset_batik/batik/Yogyakarta_Kawung/0024.jpg,c8a756244bdd,batik,1,Yogyakarta_Kawung,False,original,-1,33.290748596191406,1015.0,6.042016360987142,0.5895307425759625,6.361379434150218,111.53296391669564
dataset_batik/batik/Yogyakarta_Kawung/0024.jpg,c8a756244bdd,batik,1,Yogyakarta_Kawung,True,rot90,0,32.185829162597656,1006.0,6.0443869773556145,0.589454021084304,6.3639273517950725,111.43029531145838
dataset_batik/batik/Yogyakarta_Kawung/0024.jpg,c8a756244bdd,batik,1,Yogyakarta_Kawung,True,rot180,1,32.12995529174805,995.0,6.043016956491825,0.5895326130272933,6.365019605105825,111.42364144173163
dataset_batik/batik/Yogyakarta_Kawung/0024.jpg,c8a756244bdd,batik,1,Yogyakarta_Kawung,True,rot270,2,32.16720199584961,1021.0,6.041490660993589,0.5898189504261299,6.3664666715502385,111.50671019252698
dataset_batik/batik/Yogyakarta_Kawung/0024.jpg,c8a756244bdd,batik,1,Yogyakarta_Kawung,True,rot+3p1,3,19.096725463867188,809.0,5.917650100381486,0.6123938062670389,6.099730572660383,124.02098812042333
dataset_batik/batik/Yogyakarta_Kawung/0024.jpg,c8a756244bdd,batik,1,Yogyakarta_Kawung,True,flip_h,4,32.965213775634766,1001.0,6.040140234397137,0.5898328335040147,6.362941140039363,111.52220955986047
dataset_batik/batik/Yogyakarta_Kawung/0024.jpg,c8a756244bdd,batik,1,Yogyakarta_Kawung,True,flip_v,5,32.83332824707031,1012.0,6.043553297577697,0.5893845255292807,6.363661137493514,111.43227698509274
dataset_batik/batik/Yogyakarta_Kawung/0024.jpg,c8a756244bdd,batik,1,Yogyakarta_Kawung,True,zoom06,6,18.209564208984375,794.0,5.889701195853145,0.6182098266982962,6.0599786838571434,142.78995459251377
dataset_batik/batik/Yogyakarta_Kawung/0024.jpg,c8a756244bdd,batik,1,Yogyakarta_Kawung,True,brightness0p92,7,20.146865844726562,732.0,5.930784462812095,0.6103862044136682,6.3020604933026325,114.75265324360575
dataset_batik/batik/Yogyakarta_Kawung/0024.jpg,c8a756244bdd,batik,1,Yogyakarta_Kawung,True,contrast0p92,8,27.187652587890625,940.0,5.932298052449687,0.5988713778490449,6.362195182678892,112.60926392006816
dataset_batik/non_batik/bunga_nonbatik/bunga (9).png,c9420c985ea9,non_batik,0,bunga_nonbatik,False,original,-1,115.31478881835938,735.0,6.254233258185685,0.5084674279929259,6.852556865948605,21.998410474276834
dataset_batik/non_batik/bunga_nonbatik/bunga (9).png,c9420c985ea9,non_batik,0,bunga_nonbatik,True,rot90,0,109.35630798339844,700.0,6.241736642752285,0.5102743921614463,6.853906455427412,21.95819751771913
dataset_batik/non_batik/bunga_nonbatik/bunga (9).png,c9420c985ea9,non_batik,0,bunga_nonbatik,True,rot180,1,98.04649353027344,650.0,6.252761045632857,0.5086246589656751,6.854098334745366,21.971018098572642
dataset_batik/non_batik/bunga_nonbatik/bunga (9).png,c9420c985ea9,non_batik,0,bunga_nonbatik,True,rot270,2,110.17737197875977,739.0,6.242878379296551,0.5100580913619446,6.851991582388829,21.972257923590806
dataset_batik/non_batik/bunga_nonbatik/bunga (9).png,c9420c985ea9,non_batik,0,bunga_nonbatik,True,rot+7p3,3,114.69768524169922,658.0,6.207891019524723,0.513950412570337,6.873235049144347,21.124801458546614
dataset_batik/non_batik/bunga_nonbatik/bunga (9).png,c9420c985ea9,non_batik,0,bunga_nonbatik,True,flip_h,4,113.76581954956055,741.0,6.254130861549914,0.5085111498172936,6.852897277657178,21.986362896728558
dataset_batik/non_batik/bunga_nonbatik/bunga (9).png,c9420c985ea9,non_batik,0,bunga_nonbatik,True,flip_v,5,107.30497360229492,683.0,6.25354529622577,0.5084454182606142,6.854542961930379,21.978441360749464
dataset_batik/non_batik/bunga_nonbatik/bunga (9).png,c9420c985ea9,non_batik,0,bunga_nonbatik,True,zoom04,6,112.29277038574219,587.0,6.468810032860459,0.4839788012218565,6.891694597556585,23.141015390852704
dataset_batik/non_batik/bunga_nonbatik/bunga (9).png,c9420c985ea9,non_batik,0,bunga_nonbatik,True,brightness1p07,7,142.87326049804688,733.0,4.862363872691281,0.5852136244680275,6.768335549690927,22.774267481104033
dataset_batik/non_batik/bunga_nonbatik/bunga (9).png,c9420c985ea9,non_batik,0,bunga_nonbatik,True,contrast0p92,8,99.14047241210938,689.0,6.238466976690157,0.5275378218756017,6.855099506171717,22.046555059529748
dataset_batik/non_batik/tenun/tenun (1).png,c9fffdb4983d,non_batik,0,tenun,False,original,-1,0.0,0.0,6.648706305221667,0.4877531249670401,6.450007541118652,32.93259964209313
dataset_batik/non_batik/tenun/tenun (1).png,c9fffdb4983d,non_batik,0,tenun,True,rot90,0,0.0,0.0,6.642798192520334,0.4878052773914461,6.450997873249783,32.92694097167615
dataset_batik/non_batik/tenun/tenun (1).png,c9fffdb4983d,non_batik,0,tenun,True,rot180,1,0.0,0.0,6.648500451510029,0.4877155996963881,6.4491174249140855,32.9382672769388
dataset_batik/non_batik/tenun/tenun (1).png,c9fffdb4983d,non_batik,0,tenun,True,rot270,2,0.0,0.0,6.642506141772421,0.48778781354211465,6.452482971651816,32.92805502597977
dataset_batik/non_batik/tenun/tenun (1).png,c9fffdb4983d,non_batik,0,tenun,True,rot-6p3,3,122.60220336914062,936.0,6.611267343010039,0.4773686737210756,6.656553814122497,33.63354867185317
dataset_batik/non_batik/tenun/tenun (1).png,c9fffdb4983d,non_batik,0,tenun,True,flip_h,4,0.0,0.0,6.648669028478501,0.48763622123662453,6.451049710352278,32.94352535364147
dataset_batik/non_batik/tenun/tenun (1).png,c9fffdb4983d,non_batik,0,tenun,True,flip_v,5,0.0,0.0,6.648920059198678,0.48762022394946464,6.4479321816836865,32.931550136713334
dataset_batik/non_batik/tenun/tenun (1).png,c9fffdb4983d,non_batik,0,tenun,True,zoom07,6,0.0,0.0,6.783979420129037,0.4452976711769991,6.425497678350802,38.64703191940241
dataset_batik/non_batik/tenun/tenun (1).png,c9fffdb4983d,non_batik,0,tenun,True,brightness1p09,7,0.0,0.0,6.4062690163901,0.5070143779675869,6.433850262431435,32.83036178911781
dataset_batik/non_batik/tenun/tenun (1).png,c9fffdb4983d,non_batik,0,tenun,True,contrast0p93,8,0.0,0.0,6.389857166824923,0.5122019501077013,6.450670240426662,33.206707379809956
dataset_batik/batik/batik pekalongan/pekalongan3.jpg,cba62b260aa8,batik,1,batik pekalongan,False,original,-1,262.67401123046875,1208.0,6.806411707459486,0.4291326608113497,6.93753640499629,23.090079162043597
dataset_batik/batik/batik pekalongan/pekalongan3.jpg,cba62b260aa8,batik,1,batik pekalongan,True,rot90,0,285.6610450744629,1313.0,6.804557827862692,0.42928506331650707,6.935023275332277,23.103884682718146
dataset_batik/batik/batik pekalongan/pekalongan3.jpg,cba62b260aa8,batik,1,batik pekalongan,True,rot180,1,266.6795349121094,1220.0,6.807713614647813,0.4291804450555516,6.936701194015649,23.08174916674895
dataset_batik/batik/batik pekalongan/pekalongan3.jpg,cba62b260aa8,batik,1,batik pekalongan,True,rot270,2,277.6969985961914,1286.0,6.804947932813891,0.42926159184664386,6.934155505015979,23.100497068552645
dataset_batik/batik/batik pekalongan/pekalongan3.jpg,cba62b260aa8,batik,1,batik pekalongan,True,rot+10p8,3,300.8506622314453,1479.0,6.828863505978709,0.4262999092869499,6.930898060625694,21.181601718283016
dataset_batik/batik/batik pekalongan/pekalongan3.jpg,cba62b260aa8,batik,1,batik pekalongan,True,flip_h,4,260.8404960632324,1199.0,6.807328721282943,0.42930581831597237,6.936888270798891,23.08285723564442
dataset_batik/batik/batik pekalongan/pekalongan3.jpg,cba62b260aa8,batik,1,batik pekalongan,True,flip_v,5,259.4451484680176,1189.0,6.806647091639018,0.42911842027133956,6.9375250315545856,23.082899237271405
dataset_batik/batik/batik pekalongan/pekalongan3.jpg,cba62b260aa8,batik,1,batik pekalongan,True,zoom06,6,260.59261322021484,1365.0,6.860156125257629,0.42348872731987125,6.938202958457461,23.25415175587734
dataset_batik/batik/batik pekalongan/pekalongan3.jpg,cba62b260aa8,batik,1,batik pekalongan,True,brightness1p10,7,266.9215621948242,1229.0,6.875252347002864,0.4289053301219206,6.963585600472905,23.127904968379802
dataset_batik/batik/batik pekalongan/pekalongan3.jpg,cba62b260aa8,batik,1,batik pekalongan,True,contrast1p06,8,261.4286994934082,1205.0,6.83261963785926,0.42652556741350756,6.942921274904853,23.154166082124892
dataset_batik/batik/Solo_Parang/0022.jpg,cc4ed19c721d,batik,1,Solo_Parang,False,original,-1,80.11188125610352,727.0,6.858375651335272,0.4765176884283899,6.326826430776219,76.66668282324314
dataset_batik/batik/Solo_Parang/0022.jpg,cc4ed19c721d,batik,1,Solo_Parang,True,rot90,0,78.8126106262207,731.0,6.857776536014072,0.4761807761468274,6.33012719318942,76.58387920142548
dataset_batik/batik/Solo_Parang/0022.jpg,cc4ed19c721d,batik,1,Solo_Parang,True,rot180,1,78.1871566772461,702.0,6.859669774553359,0.47637082478292886,6.327622618163079,76.7265977440358
dataset_batik/batik/Solo_Parang/0022.jpg,cc4ed19c721d,batik,1,Solo_Parang,True,rot270,2,77.30924606323242,707.0,6.856358330976395,0.4764848117890505,6.329366353842784,76.80706824540606
dataset_batik/batik/Solo_Parang/0022.jpg,cc4ed19c721d,batik,1,Solo_Parang,True,rot+12p2,3,62.01904296875,665.0,6.690280532005036,0.5019457803618335,6.19916271287369,88.32558039719514
dataset_batik/batik/Solo_Parang/0022.jpg,cc4ed19c721d,batik,1,Solo_Parang,True,flip_h,4,79.51536178588867,725.0,6.85850157565061,0.4763176226736476,6.328958258952662,76.81998710377752
dataset_batik/batik/Solo_Parang/0022.jpg,cc4ed19c721d,batik,1,Solo_Parang,True,flip_v,5,78.24166870117188,712.0,6.859126926276962,0.47637661618616883,6.327397444043312,76.57981027256758
dataset_batik/batik/Solo_Parang/0022.jpg,cc4ed19c721d,batik,1,Solo_Parang,True,zoom02,6,53.512081146240234,627.0,6.667591358913418,0.511034968806799,6.142724093929372,90.9104156936658
dataset_batik/batik/Solo_Parang/0022.jpg,cc4ed19c721d,batik,1,Solo_Parang,True,brightness0p96,7,79.47509765625,720.0,6.84661876368519,0.4777197638867601,6.323845562747139,76.89299310562825
dataset_batik/batik/Solo_Parang/0022.jpg,cc4ed19c721d,batik,1,Solo_Parang,True,contrast1p03,8,80.73970794677734,722.0,6.875319234615733,0.47476074443717875,6.334079012776893,76.35913896060855
dataset_batik/batik/Yogyakarta_Kawung/009.jpg,cccca1ba3cae,batik,1,Yogyakarta_Kawung,False,original,-1,95.63786315917967,1204.0,6.320213149678872,0.483195388800322,6.590888678898679,173.2438726153607
dataset_batik/batik/Yogyakarta_Kawung/009.jpg,cccca1ba3cae,batik,1,Yogyakarta_Kawung,True,rot90,0,94.45984268188477,1191.0,6.319817550917563,0.4831626685015047,6.592746370326589,173.29610829513456
dataset_batik/batik/Yogyakarta_Kawung/009.jpg,cccca1ba3cae,batik,1,Yogyakarta_Kawung,True,rot180,1,96.87652587890625,1200.0,6.3197937686866235,0.48310826747769464,6.591018507387117,173.28286179915202
dataset_batik/batik/Yogyakarta_Kawung/009.jpg,cccca1ba3cae,batik,1,Yogyakarta_Kawung,True,rot270,2,96.30210876464844,1201.0,6.320644992694007,0.4830781838435377,6.592122869507671,173.2236924888277
dataset_batik/batik/Yogyakarta_Kawung/009.jpg,cccca1ba3cae,batik,1,Yogyakarta_Kawung,True,rot+6p8,3,53.308074951171875,788.0,6.226522384581754,0.5073405547383223,6.311829220901235,214.295107455156
dataset_batik/batik/Yogyakarta_Kawung/009.jpg,cccca1ba3cae,batik,1,Yogyakarta_Kawung,True,flip_h,4,98.01513671875,1216.0,6.320822432729571,0.4830890708821527,6.589822367665307,173.24661137130326
dataset_batik/batik/Yogyakarta_Kawung/009.jpg,cccca1ba3cae,batik,1,Yogyakarta_Kawung,True,flip_v,5,94.43239212036133,1187.0,6.319757240483899,0.4831809916411421,6.591353953142524,173.29120740335844
dataset_batik/batik/Yogyakarta_Kawung/009.jpg,cccca1ba3cae,batik,1,Yogyakarta_Kawung,True,zoom02,6,39.197296142578125,606.0,6.219020445544584,0.5083437897171793,6.279406785550946,208.63582872785716
dataset_batik/batik/Yogyakarta_Kawung/009.jpg,cccca1ba3cae,batik,1,Yogyakarta_Kawung,True,brightness0p97,7,67.3617935180664,890.0,6.279043685207816,0.49466701821847936,6.535035411397406,178.12179078108028
dataset_batik/batik/Yogyakarta_Kawung/009.jpg,cccca1ba3cae,batik,1,Yogyakarta_Kawung,True,contrast1p11,8,54.188209533691406,666.0,5.306921637416501,0.5952185265117386,5.762689490734822,175.19876865049412
dataset_batik/batik/Yogyakarta_Parang/0012.jpg,cd0513428af6,batik,1,Yogyakarta_Parang,False,original,-1,49.55870056152344,859.0,6.435082556932073,0.4925409414062359,5.9924096324396015,205.92038868483164
dataset_batik/batik/Yogyakarta_Parang/0012.jpg,cd0513428af6,batik,1,Yogyakarta_Parang,True,rot90,0,49.9442024230957,863.0,6.435283595659485,0.49274648003689714,5.990573871414014,206.02624577592965
dataset_batik/batik/Yogyakarta_Parang/0012.jpg,cd0513428af6,batik,1,Yogyakarta_Parang,True,rot180,1,50.101112365722656,839.0,6.435536450399226,0.49277140025194344,5.992516387125633,206.0289254974947
dataset_batik/batik/Yogyakarta_Parang/0012.jpg,cd0513428af6,batik,1,Yogyakarta_Parang,True,rot270,2,50.03390121459961,839.0,6.436580184404249,0.49249552187212664,5.989726508771781,206.05376725327125
dataset_batik/batik/Yogyakarta_Parang/0012.jpg,cd0513428af6,batik,1,Yogyakarta_Parang,True,rot+2p0,3,27.6383056640625,528.0,6.339956152390703,0.5126844133925156,5.644079040695297,239.80419096132312
dataset_batik/batik/Yogyakarta_Parang/0012.jpg,cd0513428af6,batik,1,Yogyakarta_Parang,True,flip_h,4,49.751686096191406,847.0,6.43589161555461,0.49268132289790695,5.989045477912384,206.03831913484373
dataset_batik/batik/Yogyakarta_Parang/0012.jpg,cd0513428af6,batik,1,Yogyakarta_Parang,True,flip_v,5,48.816593170166016,849.0,6.43455969634881,0.4927058456508149,5.990483775869059,205.97081915383797
dataset_batik/batik/Yogyakarta_Parang/0012.jpg,cd0513428af6,batik,1,Yogyakarta_Parang,True,zoom09,6,15.119552612304688,500.0,6.258387631992222,0.5257901262278186,5.582478348070825,229.7040122863243
dataset_batik/batik/Yogyakarta_Parang/0012.jpg,cd0513428af6,batik,1,Yogyakarta_Parang,True,brightness0p97,7,41.83209228515625,792.0,6.462014365827085,0.49330236410386785,5.979869792155165,206.5493561517216
dataset_batik/batik/Yogyakarta_Parang/0012.jpg,cd0513428af6,batik,1,Yogyakarta_Parang,True,contrast0p97,8,48.37123489379883,831.0,6.4397947182989785,0.4931183374269095,5.991578755055048,206.36553897456392
dataset_batik/batik/Yogyakarta_Parang/002.jpg,cef09f780063,batik,1,Yogyakarta_Parang,False,original,-1,4.488941192626953,161.0,5.696913668749087,0.5980968305180189,6.192899751185105,126.16773683503185
dataset_batik/batik/Yogyakarta_Parang/002.jpg,cef09f780063,batik,1,Yogyakarta_Parang,True,rot90,0,4.6549072265625,171.0,5.691110442662506,0.5991590688528389,6.185210977124556,126.08708982463678
dataset_batik/batik/Yogyakarta_Parang/002.jpg,cef09f780063,batik,1,Yogyakarta_Parang,True,rot180,1,4.868927001953125,170.0,5.697471583243354,0.5980977266973617,6.1907243669061005,125.87112558650696
dataset_batik/batik/Yogyakarta_Parang/002.jpg,cef09f780063,batik,1,Yogyakarta_Parang,True,rot270,2,4.39453125,160.0,5.691184979938495,0.5989959262203521,6.187861890336302,126.0748803811904
dataset_batik/batik/Yogyakarta_Parang/002.jpg,cef09f780063,batik,1,Yogyakarta_Parang,True,rot-6p7,3,3.1153602600097656,143.0,5.573342762867248,0.620594317112461,6.016401332893001,144.39243692269665
dataset_batik/batik/Yogyakarta_Parang/002.jpg,cef09f780063,batik,1,Yogyakarta_Parang,True,flip_h,4,4.409099578857422,161.0,5.6967922427668665,0.5980516356604818,6.191835876845999,126.00307703184734
dataset_batik/batik/Yogyakarta_Parang/002.jpg,cef09f780063,batik,1,Yogyakarta_Parang,True,flip_v,5,4.674110412597656,165.0,5.6974004684942665,0.5982038742393659,6.192416242212265,126.03227357611964
dataset_batik/batik/Yogyakarta_Parang/002.jpg,cef09f780063,batik,1,Yogyakarta_Parang,True,zoom07,6,2.294536590576172,113.0,5.4572179715150995,0.6338635936905689,6.005381033361338,163.371188732071
dataset_batik/batik/Yogyakarta_Parang/002.jpg,cef09f780063,batik,1,Yogyakarta_Parang,True,brightness1p11,7,4.4693603515625,164.0,5.590399083790988,0.6122010090862753,6.170394296450647,125.99107056014421
dataset_batik/batik/Yogyakarta_Parang/002.jpg,cef09f780063,batik,1,Yogyakarta_Parang,True,contrast0p87,8,3.506011962890625,138.0,5.5652165441939125,0.6133215748983368,6.210709088325276,126.74391038681252
dataset_batik/batik/Batik Sekar Jagad/37.jpg,cf833bbbc2d2,batik,1,Batik Sekar Jagad,False,original,-1,189.7681121826172,1852.0,6.844889997027353,0.4859663600465899,6.0814387955864415,26.67992293815985
dataset_batik/batik/Batik Sekar Jagad/37.jpg,cf833bbbc2d2,batik,1,Batik Sekar Jagad,True,rot90,0,193.5780487060547,1841.0,6.843425797795307,0.4863818074132592,6.084950970849528,26.8693988197615
dataset_batik/batik/Batik Sekar Jagad/37.jpg,cf833bbbc2d2,batik,1,Batik Sekar Jagad,True,rot180,1,194.1104278564453,1854.0,6.843923481789967,0.48628231945834455,6.080709549472379,26.748199733989896
dataset_batik/batik/Batik Sekar Jagad/37.jpg,cf833bbbc2d2,batik,1,Batik Sekar Jagad,True,rot270,2,190.17694473266602,1845.0,6.843867101679548,0.48641463775604243,6.082097977609189,26.77820803504487
dataset_batik/batik/Batik Sekar Jagad/37.jpg,cf833bbbc2d2,batik,1,Batik Sekar Jagad,True,rot-13p7,3,135.86279296875,1644.0,6.686285377871215,0.49113148916754756,6.018810699606574,32.07575155052016
dataset_batik/batik/Batik Sekar Jagad/37.jpg,cf833bbbc2d2,batik,1,Batik Sekar Jagad,True,flip_h,4,193.5428810119629,1855.0,6.845334927506219,0.4860876596210534,6.081416567926238,26.68029382981736
dataset_batik/batik/Batik Sekar Jagad/37.jpg,cf833bbbc2d2,batik,1,Batik Sekar Jagad,True,flip_v,5,195.95667266845703,1853.0,6.844748287083123,0.4859687728888387,6.080669582224116,26.75181275008478
dataset_batik/batik/Batik Sekar Jagad/37.jpg,cf833bbbc2d2,batik,1,Batik Sekar Jagad,True,zoom04,6,105.26873779296875,1456.0,6.641859154269034,0.5028632326046388,5.932578500495744,32.45628348293965
dataset_batik/batik/Batik Sekar Jagad/37.jpg,cf833bbbc2d2,batik,1,Batik Sekar Jagad,True,brightness0p91,7,184.590576171875,1808.0,6.844828454246968,0.4868892380888361,6.082102151351411,26.841164436949793
dataset_batik/batik/Batik Sekar Jagad/37.jpg,cf833bbbc2d2,batik,1,Batik Sekar Jagad,True,contrast0p93,8,183.89641571044922,1779.0,6.783182961549652,0.4928500761405762,6.082068971202964,27.12472595555196
dataset_batik/batik/Yogyakarta_Kawung/0020.jpg,d508f4f2374c,batik,1,Yogyakarta_Kawung,False,original,-1,215.44830322265625,2224.0,6.772530286444698,0.4492784990099105,6.500277743511539,169.70417229094153
dataset_batik/batik/Yogyakarta_Kawung/0020.jpg,d508f4f2374c,batik,1,Yogyakarta_Kawung,True,rot90,0,217.27941131591797,2237.0,6.77081934789924,0.4493788138639491,6.4997599908084185,169.87057164187416
dataset_batik/batik/Yogyakarta_Kawung/0020.jpg,d508f4f2374c,batik,1,Yogyakarta_Kawung,True,rot180,1,215.2819061279297,2214.0,6.772673918622285,0.4492789776205677,6.500845127876875,169.76517198050962
dataset_batik/batik/Yogyakarta_Kawung/0020.jpg,d508f4f2374c,batik,1,Yogyakarta_Kawung,True,rot270,2,217.9772834777832,2207.0,6.771588729590962,0.44942686969633144,6.49912011393123,169.88496907754813
dataset_batik/batik/Yogyakarta_Kawung/0020.jpg,d508f4f2374c,batik,1,Yogyakarta_Kawung,True,rot+8p9,3,118.32611083984375,1720.0,6.611646842597468,0.4820344241921761,6.231468268783681,204.69135127499032
dataset_batik/batik/Yogyakarta_Kawung/0020.jpg,d508f4f2374c,batik,1,Yogyakarta_Kawung,True,flip_h,4,218.9666519165039,2213.0,6.772559307059302,0.4492944219084284,6.500076421040999,169.75306258312563
dataset_batik/batik/Yogyakarta_Kawung/0020.jpg,d508f4f2374c,batik,1,Yogyakarta_Kawung,True,flip_v,5,216.69643020629883,2239.0,6.77246419109653,0.4492801656362271,6.501072952390578,169.70014808805138
dataset_batik/batik/Yogyakarta_Kawung/0020.jpg,d508f4f2374c,batik,1,Yogyakarta_Kawung,True,zoom04,6,95.27247619628906,1647.0,6.592590739293232,0.4875676910920374,6.202738801342477,223.8710391806046
dataset_batik/batik/Yogyakarta_Kawung/0020.jpg,d508f4f2374c,batik,1,Yogyakarta_Kawung,True,brightness1p13,7,141.2698211669922,1532.0,6.147142854153401,0.5119962755754375,6.320300179499169,176.14150362224018
dataset_batik/batik/Yogyakarta_Kawung/0020.jpg,d508f4f2374c,batik,1,Yogyakarta_Kawung,True,contrast1p15,8,167.40763473510742,1663.0,6.275946407473367,0.5000255586256401,6.305371149371954,175.19441540452272
dataset_batik/non_batik/polos/polos (5).png,d5ce7ee1e352,non_batik,0,polos,False,original,-1,0.0,0.0,4.101489177739442,0.6365163886861819,6.773908241576866,11.143932553560916
dataset_batik/non_batik/polos/polos (5).png,d5ce7ee1e352,non_batik,0,polos,True,rot90,0,0.0,0.0,4.106202279387052,0.635944612053577,6.782106641273074,11.108271755594677
dataset_batik/non_batik/polos/polos (5).png,d5ce7ee1e352,non_batik,0,polos,True,rot180,1,0.0,0.0,4.102070341253564,0.6367187706688168,6.775985404713179,11.139586469821012
dataset_batik/non_batik/polos/polos (5).png,d5ce7ee1e352,non_batik,0,polos,True,rot270,2,0.0,0.0,4.106322437796008,0.6358811331747437,6.778194154533576,11.098367296055983
dataset_batik/non_batik/polos/polos (5).png,d5ce7ee1e352,non_batik,0,polos,True,rot-2p0,3,0.0,0.0,3.6939406223453566,0.6955461556198038,6.7692108707307765,9.961307491403357
dataset_batik/non_batik/polos/polos (5).png,d5ce7ee1e352,non_batik,0,polos,True,flip_h,4,0.0,0.0,4.101567209257709,0.6365762539114261,6.772786251388605,11.132234027386916
dataset_batik/non_batik/polos/polos (5).png,d5ce7ee1e352,non_batik,0,polos,True,flip_v,5,0.0,0.0,4.10211421888372,0.6366334447322162,6.777179890468414,11.135766738650615
dataset_batik/non_batik/polos/polos (5).png,d5ce7ee1e352,non_batik,0,polos,True,zoom10,6,0.01052093505859375,1.0,3.7648141229353875,0.634408543004326,6.930797445722379,10.464294923958047
dataset_batik/non_batik/polos/polos (5).png,d5ce7ee1e352,non_batik,0,polos,True,brightness1p07,7,0.0,0.0,3.806626741221212,0.6673163381432737,6.795038751633647,10.857342257465668
dataset_batik/non_batik/polos/polos (5).png,d5ce7ee1e352,non_batik,0,polos,True,contrast1p04,8,0.0,0.0,4.367333039252347,0.6111531218113238,6.805847872498024,11.094406252312803
dataset_batik/non_batik/tenun/tenun (3).png,d916f3c4756e,non_batik,0,tenun,False,original,-1,0.0,0.0,5.758190974678746,0.5446551267000436,6.412453017484157,50.49489181387042
dataset_batik/non_batik/tenun/tenun (3).png,d916f3c4756e,non_batik,0,tenun,True,rot90,0,0.0,0.0,5.760793230248855,0.5448539990677737,6.411172095560363,50.4541083921141
dataset_batik/non_batik/tenun/tenun (3).png,d916f3c4756e,non_batik,0,tenun,True,rot180,1,0.0,0.0,5.754017903899231,0.5451969492123758,6.412528679368506,50.53629401889926
dataset_batik/non_batik/tenun/tenun (3).png,d916f3c4756e,non_batik,0,tenun,True,rot270,2,0.0,0.0,5.761078835227151,0.5450382975784775,6.415613238774361,50.53244553797548
dataset_batik/non_batik/tenun/tenun (3).png,d916f3c4756e,non_batik,0,tenun,True,rot-8p7,3,94.85942077636719,574.0,5.784751523244207,0.5465859101463967,6.656158188823661,40.94044324483292
dataset_batik/non_batik/tenun/tenun (3).png,d916f3c4756e,non_batik,0,tenun,True,flip_h,4,0.0,0.0,5.7573854799726245,0.5448993005403744,6.41261090550584,50.551157676291766
dataset_batik/non_batik/tenun/tenun (3).png,d916f3c4756e,non_batik,0,tenun,True,flip_v,5,0.0,0.0,5.755226814274422,0.5448227210907147,6.413493510756178,50.48007337671125
dataset_batik/non_batik/tenun/tenun (3).png,d916f3c4756e,non_batik,0,tenun,True,zoom04,6,0.9599113464355469,5.0,5.881732872307175,0.5400161430508048,6.406406142373994,50.918190872518124
dataset_batik/non_batik/tenun/tenun (3).png,d916f3c4756e,non_batik,0,tenun,True,brightness0p85,7,0.0,0.0,5.35276497890789,0.6151659153438324,6.361738150020496,40.909783237418715
dataset_batik/non_batik/tenun/tenun (3).png,d916f3c4756e,non_batik,0,tenun,True,contrast0p92,8,0.0,0.0,5.896223779903652,0.5446374734286982,6.408817456703954,50.27340533630801
dataset_batik/non_batik/geometris/geometris (4).png,d9276d559999,non_batik,0,geometris,False,original,-1,1.663249969482422,23.0,5.761141960802748,0.6194605974857903,6.178827880316314,465.6210529946814
dataset_batik/non_batik/geometris/geometris (4).png,d9276d559999,non_batik,0,geometris,True,rot90,0,1.44805908203125,20.0,5.766803168046712,0.6185629020122159,6.174812331184517,465.2091891014536
dataset_batik/non_batik/geometris/geometris (4).png,d9276d559999,non_batik,0,geometris,True,rot180,1,1.2964553833007812,18.0,5.759300429671079,0.6193895476778319,6.174254792036634,465.5244669861564
dataset_batik/non_batik/geometris/geometris (4).png,d9276d559999,non_batik,0,geometris,True,rot270,2,1.449127197265625,20.0,5.760903157501188,0.6189603482573747,6.176973437187633,465.35487963188683
dataset_batik/non_batik/geometris/geometris (4).png,d9276d559999,non_batik,0,geometris,True,rot-2p8,3,5.1666107177734375,71.0,5.51947741487706,0.6487224155013704,6.241197443710822,425.7060522790375
dataset_batik/non_batik/geometris/geometris (4).png,d9276d559999,non_batik,0,geometris,True,flip_h,4,1.3017425537109375,18.0,5.758385421493635,0.6194791997805603,6.172622540682193,465.5586187527679
dataset_batik/non_batik/geometris/geometris (4).png,d9276d559999,non_batik,0,geometris,True,flip_v,5,1.5191001892089844,21.0,5.763876382031109,0.6191042054404179,6.177011273694077,465.6006711316624
dataset_batik/non_batik/geometris/geometris (4).png,d9276d559999,non_batik,0,geometris,True,zoom07,6,11.8095703125,174.0,5.773075069473579,0.6175593354507241,6.048022105345931,557.9435958591285
dataset_batik/non_batik/geometris/geometris (4).png,d9276d559999,non_batik,0,geometris,True,brightness1p03,7,1.5197410583496094,21.0,5.723054662675181,0.625136771686057,6.182790142260735,464.279540063099
dataset_batik/non_batik/geometris/geometris (4).png,d9276d559999,non_batik,0,geometris,True,contrast1p11,8,1.76641845703125,24.0,5.766675351150214,0.6082668525904253,6.266118426948913,456.7931466907332
dataset_batik/non_batik/tenun/tenun (9).png,dac06cb81326,non_batik,0,tenun,False,original,-1,0.0,0.0,6.495056410105718,0.5339044289743526,6.416630419793557,38.19318459555324
dataset_batik/non_batik/tenun/tenun (9).png,dac06cb81326,non_batik,0,tenun,True,rot90,0,0.0,0.0,6.500917152900044,0.5339598442412083,6.410170361172021,38.17680302111459
dataset_batik/non_batik/tenun/tenun (9).png,dac06cb81326,non_batik,0,tenun,True,rot180,1,0.0,0.0,6.49605281348463,0.5340220323157644,6.4201610890810485,38.15752304449432
dataset_batik/non_batik/tenun/tenun (9).png,dac06cb81326,non_batik,0,tenun,True,rot270,2,0.0,0.0,6.498459656913424,0.5343714572072524,6.408130256918369,38.14406631532459
dataset_batik/non_batik/tenun/tenun (9).png,dac06cb81326,non_batik,0,tenun,True,rot-6p8,3,112.88640975952148,765.0,6.763002559743095,0.5035843434460343,6.6109540217394684,38.62612322508374
dataset_batik/non_batik/tenun/tenun (9).png,dac06cb81326,non_batik,0,tenun,True,flip_h,4,0.0,0.0,6.495567391315117,0.5339531793309318,6.421395573112741,38.15940112660672
dataset_batik/non_batik/tenun/tenun (9).png,dac06cb81326,non_batik,0,tenun,True,flip_v,5,0.0,0.0,6.495791950679067,0.5338719723141585,6.418119378323903,38.18730764628928
dataset_batik/non_batik/tenun/tenun (9).png,dac06cb81326,non_batik,0,tenun,True,zoom10,6,107.64450073242188,678.0,6.941588942564811,0.4666623671009948,6.308336699934547,48.00704340996615
dataset_batik/non_batik/tenun/tenun (9).png,dac06cb81326,non_batik,0,tenun,True,brightness0p88,7,0.0,0.0,6.318333689066106,0.5458522581436497,6.369703494106335,41.21063852929347
dataset_batik/non_batik/tenun/tenun (9).png,dac06cb81326,non_batik,0,tenun,True,contrast0p96,8,0.0,0.0,6.501828589447734,0.5326003512593291,6.2712488780473645,37.91983605820046
dataset_batik/non_batik/bunga_nonbatik/bunga (8).png,db4135d30eec,non_batik,0,bunga_nonbatik,False,original,-1,161.44380950927734,1174.0,5.8427758455258365,0.5706093579361842,6.825301586739558,16.980947161553676
dataset_batik/non_batik/bunga_nonbatik/bunga (8).png,db4135d30eec,non_batik,0,bunga_nonbatik,True,rot90,0,160.37034606933594,1163.0,5.839355842662894,0.570692461164088,6.820837442246411,16.957716414221455
dataset_batik/non_batik/bunga_nonbatik/bunga (8).png,db4135d30eec,non_batik,0,bunga_nonbatik,True,rot180,1,158.13045501708984,1155.0,5.845531859966833,0.5704084920350193,6.822870544260375,16.952903045292377
dataset_batik/non_batik/bunga_nonbatik/bunga (8).png,db4135d30eec,non_batik,0,bunga_nonbatik,True,rot270,2,158.74658966064453,1163.0,5.840019564561606,0.5707316495534529,6.821433406411713,16.980627177681217
dataset_batik/non_batik/bunga_nonbatik/bunga (8).png,db4135d30eec,non_batik,0,bunga_nonbatik,True,rot+5p3,3,148.16024780273438,1170.0,5.857408942676466,0.5695924080572952,6.841546633300004,17.18584362180413
dataset_batik/non_batik/bunga_nonbatik/bunga (8).png,db4135d30eec,non_batik,0,bunga_nonbatik,True,flip_h,4,160.56346893310547,1170.0,5.845623920258273,0.5702926306318867,6.823830342323347,16.971560697468405
dataset_batik/non_batik/bunga_nonbatik/bunga (8).png,db4135d30eec,non_batik,0,bunga_nonbatik,True,flip_v,5,158.51909637451172,1158.0,5.842671039558258,0.5708241313061202,6.824665291593517,16.956061771638623
dataset_batik/non_batik/bunga_nonbatik/bunga (8).png,db4135d30eec,non_batik,0,bunga_nonbatik,True,zoom09,6,188.42357635498047,1270.0,6.379358763576191,0.5022872187235261,6.968436375712667,17.41712807431964
dataset_batik/non_batik/bunga_nonbatik/bunga (8).png,db4135d30eec,non_batik,0,bunga_nonbatik,True,brightness1p03,7,159.14431762695312,1132.0,5.766897481508157,0.5746344896620552,6.812054494499438,17.080677517540202
dataset_batik/non_batik/bunga_nonbatik/bunga (8).png,db4135d30eec,non_batik,0,bunga_nonbatik,True,contrast0p97,8,154.75713348388672,1126.0,5.985395832795444,0.5639542894013174,6.823818916408585,16.940092697674206
dataset_batik/batik/Yogyakarta_Kawung/0021.jpg,dbb32ee71649,batik,1,Yogyakarta_Kawung,False,original,-1,43.19410705566406,1063.0,6.425111857878586,0.5227327548650775,6.324695582569828,288.19904404765646
dataset_batik/batik/Yogyakarta_Kawung/0021.jpg,dbb32ee71649,batik,1,Yogyakarta_Kawung,True,rot90,0,42.47522735595703,1038.0,6.428409916609291,0.5226096072337626,6.32682158259713,288.2335761909596
dataset_batik/batik/Yogyakarta_Kawung/0021.jpg,dbb32ee71649,batik,1,Yogyakarta_Kawung,True,rot180,1,41.91295623779297,1038.0,6.424785617313926,0.5227260834508007,6.324830752781594,288.1791050134488
dataset_batik/batik/Yogyakarta_Kawung/0021.jpg,dbb32ee71649,batik,1,Yogyakarta_Kawung,True,rot270,2,42.10301971435547,1038.0,6.424783492127566,0.5226506671850154,6.327530706590235,288.2809863831882
dataset_batik/batik/Yogyakarta_Kawung/0021.jpg,dbb32ee71649,batik,1,Yogyakarta_Kawung,True,rot-6p1,3,29.301799774169922,857.0,6.338561613754121,0.5387740689056624,5.993729081717028,341.33474794569264
dataset_batik/batik/Yogyakarta_Kawung/0021.jpg,dbb32ee71649,batik,1,Yogyakarta_Kawung,True,flip_h,4,43.543025970458984,1057.0,6.422596952804031,0.5228893238032923,6.32618838985044,288.2224287712383
dataset_batik/batik/Yogyakarta_Kawung/0021.jpg,dbb32ee71649,batik,1,Yogyakarta_Kawung,True,flip_v,5,41.86683654785156,1035.0,6.42648475341286,0.5226686899670501,6.326638216756285,288.1313123503951
dataset_batik/batik/Yogyakarta_Kawung/0021.jpg,dbb32ee71649,batik,1,Yogyakarta_Kawung,True,zoom08,6,27.779296875,862.0,6.306001458252714,0.5492317037336931,5.9442009668522555,354.46458703358985
dataset_batik/batik/Yogyakarta_Kawung/0021.jpg,dbb32ee71649,batik,1,Yogyakarta_Kawung,True,brightness1p08,7,25.19662857055664,705.0,5.770906113676827,0.5756384673964969,5.9978991933431685,282.7568043187216
dataset_batik/batik/Yogyakarta_Kawung/0021.jpg,dbb32ee71649,batik,1,Yogyakarta_Kawung,True,contrast1p08,8,31.651599884033203,849.0,5.909621985262288,0.5641512296369716,6.062664241359598,283.8551523090305
dataset_batik/batik/Solo_Parang/0012.jpg,de330aa7d1a2,batik,1,Solo_Parang,False,original,-1,79.96007919311523,1073.0,6.885650694000062,0.445524514031399,6.309818461760296,114.94739677102064
dataset_batik/batik/Solo_Parang/0012.jpg,de330aa7d1a2,batik,1,Solo_Parang,True,rot90,0,81.96946334838867,1083.0,6.887546174720491,0.44520968019656626,6.314215121996879,114.895218525094
dataset_batik/batik/Solo_Parang/0012.jpg,de330aa7d1a2,batik,1,Solo_Parang,True,rot180,1,79.92856216430664,1063.0,6.886584950201494,0.4452536112230823,6.310031326108058,114.97955563634785
dataset_batik/batik/Solo_Parang/0012.jpg,de330aa7d1a2,batik,1,Solo_Parang,True,rot270,2,81.16912078857422,1086.0,6.887018838412575,0.44538832212496177,6.314832861020166,114.81522680001768
dataset_batik/batik/Solo_Parang/0012.jpg,de330aa7d1a2,batik,1,Solo_Parang,True,rot-7p6,3,42.699588775634766,791.0,6.734998739497941,0.4741538149635244,6.104009225359281,133.24109666855577
dataset_batik/batik/Solo_Parang/0012.jpg,de330aa7d1a2,batik,1,Solo_Parang,True,flip_h,4,80.50263214111328,1081.0,6.885625990150505,0.4455027843080992,6.312287224486154,114.95893751899537
dataset_batik/batik/Solo_Parang/0012.jpg,de330aa7d1a2,batik,1,Solo_Parang,True,flip_v,5,79.64471054077148,1063.0,6.8859764769003355,0.44527967921434675,6.312524424247182,114.99212265282553
dataset_batik/batik/Solo_Parang/0012.jpg,de330aa7d1a2,batik,1,Solo_Parang,True,zoom09,6,30.31610870361328,733.0,6.657398982319288,0.4893786872162683,6.01602250092572,136.8608396186969
dataset_batik/batik/Solo_Parang/0012.jpg,de330aa7d1a2,batik,1,Solo_Parang,True,brightness1p07,7,71.20455551147461,969.0,6.662083964747193,0.4689454419214947,6.2993019941799755,116.08576886738047
dataset_batik/batik/Solo_Parang/0012.jpg,de330aa7d1a2,batik,1,Solo_Parang,True,contrast0p95,8,70.46955108642578,995.0,6.866584557035403,0.44864786981681115,6.3141183122120825,114.88750095737964
dataset_batik/batik/batik solo/solo4.jpg,e0dbc911eac7,batik,1,batik solo,False,original,-1,91.94862365722656,1370.0,6.219227555745272,0.5609050578795755,6.525542958793795,98.86580268753336
dataset_batik/batik/batik solo/solo4.jpg,e0dbc911eac7,batik,1,batik solo,True,rot90,0,92.62855911254883,1367.0,6.219377393931396,0.5602828810528594,6.525257099208988,99.01409591377443
dataset_batik/batik/batik solo/solo4.jpg,e0dbc911eac7,batik,1,batik solo,True,rot180,1,91.99820709228516,1377.0,6.219681994905043,0.5606531773884937,6.527550311446271,98.87708981271373
dataset_batik/batik/batik solo/solo4.jpg,e0dbc911eac7,batik,1,batik solo,True,rot270,2,91.03363037109375,1360.0,6.219267011382964,0.560620893677608,6.524078450052847,98.95548944967176
dataset_batik/batik/batik solo/solo4.jpg,e0dbc911eac7,batik,1,batik solo,True,rot+10p4,3,31.681747436523438,1105.0,6.049640299566095,0.5876630757867771,6.266741337366729,174.00282892716805
dataset_batik/batik/batik solo/solo4.jpg,e0dbc911eac7,batik,1,batik solo,True,flip_h,4,91.52560806274414,1363.0,6.219951150755127,0.5607365451001973,6.526420823424353,98.8411454505698
dataset_batik/batik/batik solo/solo4.jpg,e0dbc911eac7,batik,1,batik solo,True,flip_v,5,91.4729232788086,1377.0,6.220202096280964,0.5605710413692149,6.5290761967860025,98.90773658812229
dataset_batik/batik/batik solo/solo4.jpg,e0dbc911eac7,batik,1,batik solo,True,zoom03,6,29.81689453125,1035.0,6.026853908210343,0.5962656938303059,6.25343967245777,111.33589874524326
dataset_batik/batik/batik solo/solo4.jpg,e0dbc911eac7,batik,1,batik solo,True,brightness1p12,7,59.2580451965332,1113.0,5.909716187547105,0.5861598872043001,6.496656267944565,100.9917175812584
dataset_batik/batik/batik solo/solo4.jpg,e0dbc911eac7,batik,1,batik solo,True,contrast0p92,8,65.70596313476562,1204.0,6.121972292118651,0.5715611328327905,6.520895528413544,99.78842379846212
dataset_batik/batik/SumateraBarat_Rumah_Minang/0022.jpg,e29a2b8d50fa,batik,1,SumateraBarat_Rumah_Minang,False,original,-1,32.36537551879883,761.0,5.900755094979032,0.6311414668395204,6.339720896778307,52.07398934894814
dataset_batik/batik/SumateraBarat_Rumah_Minang/0022.jpg,e29a2b8d50fa,batik,1,SumateraBarat_Rumah_Minang,True,rot90,0,32.89655685424805,771.0,5.895998720581272,0.631758149677995,6.343130033254152,51.93050950274617
dataset_batik/batik/SumateraBarat_Rumah_Minang/0022.jpg,e29a2b8d50fa,batik,1,SumateraBarat_Rumah_Minang,True,rot180,1,32.70263671875,760.0,5.901274894947695,0.6313923472368972,6.342038515567312,51.92828796115079
dataset_batik/batik/SumateraBarat_Rumah_Minang/0022.jpg,e29a2b8d50fa,batik,1,SumateraBarat_Rumah_Minang,True,rot270,2,32.96867370605469,772.0,5.898540517302015,0.6310676967012472,6.340881466655176,52.052842797411884
dataset_batik/batik/SumateraBarat_Rumah_Minang/0022.jpg,e29a2b8d50fa,batik,1,SumateraBarat_Rumah_Minang,True,rot+2p5,3,15.779022216796875,564.0,5.732862251146434,0.658662183121813,6.165294876899963,61.28352923288954
dataset_batik/batik/SumateraBarat_Rumah_Minang/0022.jpg,e29a2b8d50fa,batik,1,SumateraBarat_Rumah_Minang,True,flip_h,4,32.665157318115234,775.0,5.9001282373980075,0.6313050727274481,6.341013380403844,52.05845425868088
dataset_batik/batik/SumateraBarat_Rumah_Minang/0022.jpg,e29a2b8d50fa,batik,1,SumateraBarat_Rumah_Minang,True,flip_v,5,33.26826095581055,775.0,5.9002045679517146,0.6316798816796914,6.341098393312405,51.922634591757024
dataset_batik/batik/SumateraBarat_Rumah_Minang/0022.jpg,e29a2b8d50fa,batik,1,SumateraBarat_Rumah_Minang,True,zoom09,6,14.575309753417969,582.0,5.647703686634951,0.6660396219041544,6.120659230566327,67.96175875666944
dataset_batik/batik/SumateraBarat_Rumah_Minang/0022.jpg,e29a2b8d50fa,batik,1,SumateraBarat_Rumah_Minang,True,brightness0p97,7,22.468204498291016,665.0,5.754159844466231,0.6554772305995237,6.325620314855563,53.280466779259186
dataset_batik/batik/SumateraBarat_Rumah_Minang/0022.jpg,e29a2b8d50fa,batik,1,SumateraBarat_Rumah_Minang,True,contrast0p92,8,25.695327758789062,714.0,5.8085724759780275,0.6400941827470842,6.347843249090256,51.45731774819557
dataset_batik/batik/SulawesiSelatan_Lontara/0018.jpg,e49dc5a7d4dd,batik,1,SulawesiSelatan_Lontara,False,original,-1,221.5332794189453,1996.0,6.849222094481416,0.4104295124173701,6.666418112989627,34.67790333039708
dataset_batik/batik/SulawesiSelatan_Lontara/0018.jpg,e49dc5a7d4dd,batik,1,SulawesiSelatan_Lontara,True,rot90,0,222.46334075927734,2005.0,6.850846363254959,0.4104137619415214,6.666022872949187,34.6498485882525
dataset_batik/batik/SulawesiSelatan_Lontara/0018.jpg,e49dc5a7d4dd,batik,1,SulawesiSelatan_Lontara,True,rot180,1,217.28106689453125,2008.0,6.849474561724721,0.41043373802107963,6.6662569397226745,34.63976730311875
dataset_batik/batik/SulawesiSelatan_Lontara/0018.jpg,e49dc5a7d4dd,batik,1,SulawesiSelatan_Lontara,True,rot270,2,213.53302001953125,1971.0,6.8505185008781915,0.41042601507229753,6.66624516676791,34.67701184547324
dataset_batik/batik/SulawesiSelatan_Lontara/0018.jpg,e49dc5a7d4dd,batik,1,SulawesiSelatan_Lontara,True,rot+3p1,3,73.02690887451172,1214.0,6.6074554176880245,0.45674464481464955,6.50521904900466,44.028619522222606
dataset_batik/batik/SulawesiSelatan_Lontara/0018.jpg,e49dc5a7d4dd,batik,1,SulawesiSelatan_Lontara,True,flip_h,4,217.7595329284668,2005.0,6.849710595449517,0.41038773042884935,6.665330210938036,34.66509490678417
dataset_batik/batik/SulawesiSelatan_Lontara/0018.jpg,e49dc5a7d4dd,batik,1,SulawesiSelatan_Lontara,True,flip_v,5,217.6395034790039,1998.0,6.850282027193758,0.41035050044078303,6.665995242784186,34.63863248803684
dataset_batik/batik/SulawesiSelatan_Lontara/0018.jpg,e49dc5a7d4dd,batik,1,SulawesiSelatan_Lontara,True,zoom06,6,76.25202941894531,1299.0,6.542863700200215,0.46384148631329,6.462306141839115,42.66520280917596
dataset_batik/batik/SulawesiSelatan_Lontara/0018.jpg,e49dc5a7d4dd,batik,1,SulawesiSelatan_Lontara,True,brightness1p04,7,219.4350929260254,1979.0,6.845089567399709,0.4113748854512152,6.668493138317938,34.67082376770505
dataset_batik/batik/SulawesiSelatan_Lontara/0018.jpg,e49dc5a7d4dd,batik,1,SulawesiSelatan_Lontara,True,contrast0p86,8,161.18431091308594,1657.0,6.653020215052188,0.4309124510745781,6.665631759576973,35.142731457208676
dataset_batik/batik/Batik Sekar Jagad/54.jpg,e5f8bb3aa14e,batik,1,Batik Sekar Jagad,False,original,-1,141.83916091918945,1845.0,7.116053888689278,0.4282631499400875,5.971002699095331,43.67170400891279
dataset_batik/batik/Batik Sekar Jagad/54.jpg,e5f8bb3aa14e,batik,1,Batik Sekar Jagad,True,rot90,0,141.80831909179688,1855.0,7.117659918816408,0.4281404642241058,5.968818583675098,43.6435270182212
dataset_batik/batik/Batik Sekar Jagad/54.jpg,e5f8bb3aa14e,batik,1,Batik Sekar Jagad,True,rot180,1,141.73318099975586,1853.0,7.115170314002902,0.4284876378338538,5.97200233773357,43.693345696935744
dataset_batik/batik/Batik Sekar Jagad/54.jpg,e5f8bb3aa14e,batik,1,Batik Sekar Jagad,True,rot270,2,145.62489700317383,1861.0,7.117384148665945,0.4281522760557554,5.966536971378321,43.7188685776689
dataset_batik/batik/Batik Sekar Jagad/54.jpg,e5f8bb3aa14e,batik,1,Batik Sekar Jagad,True,rot+14p0,3,99.96833801269531,1420.0,7.007420819284556,0.42304330088129466,5.938810334201772,50.25253205752535
dataset_batik/batik/Batik Sekar Jagad/54.jpg,e5f8bb3aa14e,batik,1,Batik Sekar Jagad,True,flip_h,4,140.4513168334961,1846.0,7.115416251317905,0.4282908890398467,5.970846388580568,43.71915202635472
dataset_batik/batik/Batik Sekar Jagad/54.jpg,e5f8bb3aa14e,batik,1,Batik Sekar Jagad,True,flip_v,5,142.2410888671875,1854.0,7.115690323490927,0.4284606856473749,5.97071873424318,43.63661177786166
dataset_batik/batik/Batik Sekar Jagad/54.jpg,e5f8bb3aa14e,batik,1,Batik Sekar Jagad,True,zoom09,6,64.45113372802734,1282.0,6.924809959523771,0.44353054638744116,5.775315962753983,60.83571193864506
dataset_batik/batik/Batik Sekar Jagad/54.jpg,e5f8bb3aa14e,batik,1,Batik Sekar Jagad,True,brightness1p10,7,141.38671875,1824.0,7.077449796362695,0.43267309566552226,5.9791884538044044,44.0156504057043
dataset_batik/batik/Batik Sekar Jagad/54.jpg,e5f8bb3aa14e,batik,1,Batik Sekar Jagad,True,contrast1p13,8,150.17144393920898,1857.0,7.123457324535121,0.4263331339146361,5.977720750155367,43.5979580794848
dataset_batik/non_batik/tenun/tenun (5).png,e6a8630feb76,non_batik,0,tenun,False,original,-1,0.0,0.0,6.617467811674369,0.5063537806436383,6.647229614359369,21.92170021886074
dataset_batik/non_batik/tenun/tenun (5).png,e6a8630feb76,non_batik,0,tenun,True,rot90,0,0.0,0.0,6.610733789659945,0.5067079355179253,6.6517988777547075,21.893258120136906
dataset_batik/non_batik/tenun/tenun (5).png,e6a8630feb76,non_batik,0,tenun,True,rot180,1,0.0,0.0,6.618680386740499,0.5065554200697241,6.649818018990793,21.901604994349764
dataset_batik/non_batik/tenun/tenun (5).png,e6a8630feb76,non_batik,0,tenun,True,rot270,2,0.0,0.0,6.60989112600684,0.5068379817552557,6.650808416165201,21.902882450276298
dataset_batik/non_batik/tenun/tenun (5).png,e6a8630feb76,non_batik,0,tenun,True,rot+3p5,3,0.0,0.0,6.577146792077692,0.5219981615928714,6.706849340235166,20.16508629852823
dataset_batik/non_batik/tenun/tenun (5).png,e6a8630feb76,non_batik,0,tenun,True,flip_h,4,0.0,0.0,6.617297656923248,0.5065258832497866,6.6492080652197325,21.916032774735896
dataset_batik/non_batik/tenun/tenun (5).png,e6a8630feb76,non_batik,0,tenun,True,flip_v,5,0.0,0.0,6.618702027855157,0.5063061747815465,6.649827345725072,21.906282192604895
dataset_batik/non_batik/tenun/tenun (5).png,e6a8630feb76,non_batik,0,tenun,True,zoom06,6,177.23876953125,840.0,6.7830656588204565,0.48015047740594563,6.713940246989051,22.541738839451543
dataset_batik/non_batik/tenun/tenun (5).png,e6a8630feb76,non_batik,0,tenun,True,brightness1p03,7,0.0,0.0,6.656094757495021,0.5017927853125584,6.648353717915381,21.880822797481816
dataset_batik/non_batik/tenun/tenun (5).png,e6a8630feb76,non_batik,0,tenun,True,contrast0p97,8,0.0,0.0,6.462588762422884,0.5186812664329298,6.648183860877419,21.93644335305787
dataset_batik/batik/Yogyakarta_Parang/0036.jpg,e7708ac8cb87,batik,1,Yogyakarta_Parang,False,original,-1,41.53501892089844,734.0,5.983173868509503,0.5827518717011428,6.315771069653785,125.12451762331914
dataset_batik/batik/Yogyakarta_Parang/0036.jpg,e7708ac8cb87,batik,1,Yogyakarta_Parang,True,rot90,0,41.556724548339844,733.0,5.983658627705446,0.5825795404701909,6.312442309830331,125.10462308751192
dataset_batik/batik/Yogyakarta_Parang/0036.jpg,e7708ac8cb87,batik,1,Yogyakarta_Parang,True,rot180,1,42.6495475769043,749.0,5.984177405953394,0.583163106319748,6.315196016342868,125.21388812244021
dataset_batik/batik/Yogyakarta_Parang/0036.jpg,e7708ac8cb87,batik,1,Yogyakarta_Parang,True,rot270,2,41.51261901855469,734.0,5.982955784863455,0.582880792512601,6.3095904862736,125.14701035668436
dataset_batik/batik/Yogyakarta_Parang/0036.jpg,e7708ac8cb87,batik,1,Yogyakarta_Parang,True,rot+10p5,3,26.05682373046875,636.0,5.957103927957071,0.6012389223088339,6.0823962185812155,160.4942799594824
dataset_batik/batik/Yogyakarta_Parang/0036.jpg,e7708ac8cb87,batik,1,Yogyakarta_Parang,True,flip_h,4,41.66941833496094,734.0,5.984569184461628,0.5830623819057518,6.311582724630178,125.17376463691353
dataset_batik/batik/Yogyakarta_Parang/0036.jpg,e7708ac8cb87,batik,1,Yogyakarta_Parang,True,flip_v,5,40.78971862792969,735.0,5.984269691754086,0.582685196707986,6.318395054385762,125.15428394780045
dataset_batik/batik/Yogyakarta_Parang/0036.jpg,e7708ac8cb87,batik,1,Yogyakarta_Parang,True,zoom04,6,23.547454833984375,588.0,5.891615899529137,0.6091608163021454,6.094950967373697,165.45793851628125
dataset_batik/batik/Yogyakarta_Parang/0036.jpg,e7708ac8cb87,batik,1,Yogyakarta_Parang,True,brightness0p86,7,39.96144104003906,671.0,6.021831304155466,0.5884439845762901,6.365394340776641,125.68122769590492
dataset_batik/batik/Yogyakarta_Parang/0036.jpg,e7708ac8cb87,batik,1,Yogyakarta_Parang,True,contrast1p10,8,41.671142578125,720.0,5.8515809213037,0.6014654014255366,6.257132154542264,128.65818990750265
dataset_batik/non_batik/garis/garis1 (2).jpg,e7a78b6680b5,non_batik,0,garis,False,original,-1,120.49163818359376,370.0,6.579529902978956,0.3829283133059341,6.839489397886933,66.10525760793716
dataset_batik/non_batik/garis/garis1 (2).jpg,e7a78b6680b5,non_batik,0,garis,True,rot90,0,111.87302780151367,343.0,6.579453897598829,0.3827707360879093,6.838785381030371,66.11207741755337
dataset_batik/non_batik/garis/garis1 (2).jpg,e7a78b6680b5,non_batik,0,garis,True,rot180,1,135.04290771484375,412.0,6.579590458805309,0.383023656932735,6.838999143103535,66.13230489353549
dataset_batik/non_batik/garis/garis1 (2).jpg,e7a78b6680b5,non_batik,0,garis,True,rot270,2,103.35174179077148,317.0,6.58059231601281,0.383054104020655,6.838489267218298,66.13111315971543
dataset_batik/non_batik/garis/garis1 (2).jpg,e7a78b6680b5,non_batik,0,garis,True,rot-10p2,3,285.2902412414551,875.0,6.4957288195433005,0.385472925926601,6.789561833561766,71.93005942542321
dataset_batik/non_batik/garis/garis1 (2).jpg,e7a78b6680b5,non_batik,0,garis,True,flip_h,4,129.22369384765625,397.0,6.58059231601281,0.383054104020655,6.838489267218298,66.13111315971544
dataset_batik/non_batik/garis/garis1 (2).jpg,e7a78b6680b5,non_batik,0,garis,True,flip_v,5,128.7761116027832,395.0,6.579453897598829,0.38277073608790935,6.8387853810303705,66.11207741755334
dataset_batik/non_batik/garis/garis1 (2).jpg,e7a78b6680b5,non_batik,0,garis,True,zoom03,6,152.77653884887695,467.0,6.404700919384774,0.40068745065995093,6.793879535503238,69.32507561043808
dataset_batik/non_batik/garis/garis1 (2).jpg,e7a78b6680b5,non_batik,0,garis,True,brightness1p11,7,125.8388671875,384.0,6.575851449367284,0.3836991211118196,6.838795358911977,66.16392224287964
dataset_batik/non_batik/garis/garis1 (2).jpg,e7a78b6680b5,non_batik,0,garis,True,contrast0p86,8,119.30548095703125,322.0,6.233032702442532,0.41681548132920815,6.8477749713930205,66.13938668905968
dataset_batik/batik/Solo_Parang/0039.jpg,e9fd42eb86e9,batik,1,Solo_Parang,False,original,-1,9.344097137451172,247.0,5.850723701077181,0.5366061090818695,6.200318290039628,163.51266868377476
dataset_batik/batik/Solo_Parang/0039.jpg,e9fd42eb86e9,batik,1,Solo_Parang,True,rot90,0,9.596855163574219,258.0,5.852342395100147,0.5365163289269389,6.195968566363126,163.538413011668
dataset_batik/batik/Solo_Parang/0039.jpg,e9fd42eb86e9,batik,1,Solo_Parang,True,rot180,1,9.1663818359375,244.0,5.850259503174961,0.5366729477027969,6.200151110505937,163.5351480032846
dataset_batik/batik/Solo_Parang/0039.jpg,e9fd42eb86e9,batik,1,Solo_Parang,True,rot270,2,9.416580200195312,250.0,5.853157019841895,0.5363595955398158,6.19710612777841,163.22708861969818
dataset_batik/batik/Solo_Parang/0039.jpg,e9fd42eb86e9,batik,1,Solo_Parang,True,rot+2p0,3,7.8496856689453125,231.0,5.828378882014633,0.553804713268042,5.977947463202248,224.51566839007242
dataset_batik/batik/Solo_Parang/0039.jpg,e9fd42eb86e9,batik,1,Solo_Parang,True,flip_h,4,9.542335510253906,251.0,5.850919949490439,0.5367272191769498,6.199949146712191,163.38233831280203
dataset_batik/batik/Solo_Parang/0039.jpg,e9fd42eb86e9,batik,1,Solo_Parang,True,flip_v,5,9.163627624511719,246.0,5.8501439472644385,0.5367897421204924,6.197383966318521,163.6677483662893
dataset_batik/batik/Solo_Parang/0039.jpg,e9fd42eb86e9,batik,1,Solo_Parang,True,zoom02,6,7.5631561279296875,236.0,5.79561137994849,0.5584286232856553,5.997213871498463,227.0469337277163
dataset_batik/batik/Solo_Parang/0039.jpg,e9fd42eb86e9,batik,1,Solo_Parang,True,brightness0p87,7,12.288436889648438,212.0,5.414898727396485,0.5756397300204947,6.440096549283632,131.3001375823956
dataset_batik/batik/Solo_Parang/0039.jpg,e9fd42eb86e9,batik,1,Solo_Parang,True,contrast1p03,8,10.211723327636719,267.0,5.885451390502044,0.5331411293385028,6.203431595957237,163.16114097040742
dataset_batik/batik/batik pekalongan/pekalongan4.jpg,e9fea915240b,batik,1,batik pekalongan,False,original,-1,341.2466583251953,1684.0,7.492963677689554,0.3342205298910801,6.819746861441425,26.294685730367707
dataset_batik/batik/batik pekalongan/pekalongan4.jpg,e9fea915240b,batik,1,batik pekalongan,True,rot90,0,341.91357803344727,1703.0,7.494064708135418,0.3340674741297074,6.817528886425372,26.269991940628806
dataset_batik/batik/batik pekalongan/pekalongan4.jpg,e9fea915240b,batik,1,batik pekalongan,True,rot180,1,337.697696685791,1675.0,7.49411168735811,0.33433944065808824,6.820278136412377,26.256362681623912
dataset_batik/batik/batik pekalongan/pekalongan4.jpg,e9fea915240b,batik,1,batik pekalongan,True,rot270,2,366.26869201660156,1703.0,7.493437691061452,0.33439081768123613,6.819009939569957,26.258560160451548
dataset_batik/batik/batik pekalongan/pekalongan4.jpg,e9fea915240b,batik,1,batik pekalongan,True,rot-13p6,3,312.27182388305664,1595.0,7.292428233336974,0.369024350891435,6.7696738836542565,31.12301564794139
dataset_batik/batik/batik pekalongan/pekalongan4.jpg,e9fea915240b,batik,1,batik pekalongan,True,flip_h,4,368.0457878112793,1681.0,7.493235637084194,0.33440761784543027,6.819757887603165,26.26914872086183
dataset_batik/batik/batik pekalongan/pekalongan4.jpg,e9fea915240b,batik,1,batik pekalongan,True,flip_v,5,350.1644287109375,1727.0,7.493599931749471,0.3343006622180378,6.819095325872572,26.278779639652907
dataset_batik/batik/batik pekalongan/pekalongan4.jpg,e9fea915240b,batik,1,batik pekalongan,True,zoom05,6,300.99147033691406,1548.0,7.270947937918775,0.3727512832477978,6.731956398307119,33.50466883227085
dataset_batik/batik/batik pekalongan/pekalongan4.jpg,e9fea915240b,batik,1,batik pekalongan,True,brightness1p09,7,395.2803649902344,1676.0,7.4232864846529925,0.34098460554888155,6.81974978836293,26.535033569538207
dataset_batik/batik/batik pekalongan/pekalongan4.jpg,e9fea915240b,batik,1,batik pekalongan,True,contrast0p88,8,323.03356170654297,1645.0,7.411096175332917,0.34432872376248624,6.816445410531385,26.761147402048163
dataset_batik/non_batik/bunga_nonbatik/bunga (7).png,eac540cba307,non_batik,0,bunga_nonbatik,False,original,-1,274.44368743896484,1514.0,6.4022227058480015,0.5222293834556251,6.823959066825751,20.06394949380341
dataset_batik/non_batik/bunga_nonbatik/bunga (7).png,eac540cba307,non_batik,0,bunga_nonbatik,True,rot90,0,270.5946350097656,1495.0,6.399093355759468,0.5226785039692332,6.828210727169706,20.067183805219738
dataset_batik/non_batik/bunga_nonbatik/bunga (7).png,eac540cba307,non_batik,0,bunga_nonbatik,True,rot180,1,277.37200927734375,1528.0,6.400699177785288,0.5225303792337225,6.826300728427636,20.089988495419654
dataset_batik/non_batik/bunga_nonbatik/bunga (7).png,eac540cba307,non_batik,0,bunga_nonbatik,True,rot270,2,276.3519592285156,1528.0,6.399738532873458,0.5226648615857821,6.827605255038105,20.078726150707674
dataset_batik/non_batik/bunga_nonbatik/bunga (7).png,eac540cba307,non_batik,0,bunga_nonbatik,True,rot-3p1,3,154.75296020507812,1460.0,6.315287974609895,0.5344503357332271,6.806276563254345,22.053034409577503
dataset_batik/non_batik/bunga_nonbatik/bunga (7).png,eac540cba307,non_batik,0,bunga_nonbatik,True,flip_h,4,275.4775199890137,1519.0,6.401526276078602,0.5225547291347463,6.824828083164458,20.077374899094067
dataset_batik/non_batik/bunga_nonbatik/bunga (7).png,eac540cba307,non_batik,0,bunga_nonbatik,True,flip_v,5,172.44569396972656,1516.0,6.401071963770533,0.5224184261825918,6.825311108518933,20.072283666797833
dataset_batik/non_batik/bunga_nonbatik/bunga (7).png,eac540cba307,non_batik,0,bunga_nonbatik,True,zoom07,6,314.0548400878906,1546.0,6.5663984837324305,0.4878338108027046,6.928207164734469,23.966928803857538
dataset_batik/non_batik/bunga_nonbatik/bunga (7).png,eac540cba307,non_batik,0,bunga_nonbatik,True,brightness1p03,7,271.7090759277344,1498.0,6.237884631727513,0.5338966261872913,6.830498514747344,20.02388523367637
dataset_batik/non_batik/bunga_nonbatik/bunga (7).png,eac540cba307,non_batik,0,bunga_nonbatik,True,contrast0p91,8,262.7172393798828,1466.0,6.191609789978859,0.5421491930643125,6.781523281551408,20.17873661813141
dataset_batik/batik/Yogyakarta_Kawung/004.jpg,eb2a2549a57f,batik,1,Yogyakarta_Kawung,False,original,-1,199.0785140991211,1962.0,6.620147264104259,0.501194761985716,6.396893627385388,120.86153025204928
dataset_batik/batik/Yogyakarta_Kawung/004.jpg,eb2a2549a57f,batik,1,Yogyakarta_Kawung,True,rot90,0,195.70730590820312,1951.0,6.618450155598736,0.5010413889349019,6.397270398105439,120.88597497786866
dataset_batik/batik/Yogyakarta_Kawung/004.jpg,eb2a2549a57f,batik,1,Yogyakarta_Kawung,True,rot180,1,192.8872528076172,1948.0,6.619760861098847,0.5012447965053145,6.398949800687857,120.82973216989248
dataset_batik/batik/Yogyakarta_Kawung/004.jpg,eb2a2549a57f,batik,1,Yogyakarta_Kawung,True,rot270,2,195.10027313232422,1974.0,6.6210880706397575,0.5011405196932749,6.400522053248969,120.8371598110876
dataset_batik/batik/Yogyakarta_Kawung/004.jpg,eb2a2549a57f,batik,1,Yogyakarta_Kawung,True,rot+6p5,3,154.8702850341797,1884.0,6.517879798591484,0.5181747711596694,6.132572541244314,183.6253253000201
dataset_batik/batik/Yogyakarta_Kawung/004.jpg,eb2a2549a57f,batik,1,Yogyakarta_Kawung,True,flip_h,4,201.462158203125,1984.0,6.620422701270121,0.5014297831923454,6.398741478390807,120.83788783550237
dataset_batik/batik/Yogyakarta_Kawung/004.jpg,eb2a2549a57f,batik,1,Yogyakarta_Kawung,True,flip_v,5,198.23604583740234,1965.0,6.618500368726839,0.5012193657128843,6.396109157132433,120.88372689289933
dataset_batik/batik/Yogyakarta_Kawung/004.jpg,eb2a2549a57f,batik,1,Yogyakarta_Kawung,True,zoom03,6,122.90885925292969,1710.0,6.493313198395623,0.5246549151138142,6.131959059268164,118.32831675615753
dataset_batik/batik/Yogyakarta_Kawung/004.jpg,eb2a2549a57f,batik,1,Yogyakarta_Kawung,True,brightness0p97,7,192.77274322509766,1939.0,6.6375997761222525,0.5000290439729133,6.397982120656182,121.07887765946832
dataset_batik/batik/Yogyakarta_Kawung/004.jpg,eb2a2549a57f,batik,1,Yogyakarta_Kawung,True,contrast0p97,8,191.9919548034668,1929.0,6.614107491657674,0.5027890067036128,6.397751149338918,121.6900014651196
dataset_batik/batik/Solo_Parang/0017.jpg,ec9825accca7,batik,1,Solo_Parang,False,original,-1,32.3136100769043,791.0,6.229757431306874,0.5316608047687844,6.298687864057932,102.9351928000534
dataset_batik/batik/Solo_Parang/0017.jpg,ec9825accca7,batik,1,Solo_Parang,True,rot90,0,32.40240478515625,776.0,6.232756845164741,0.5314012599365858,6.295579167386713,102.90569690627909
dataset_batik/batik/Solo_Parang/0017.jpg,ec9825accca7,batik,1,Solo_Parang,True,rot180,1,32.97833251953125,794.0,6.226391711469198,0.5315678449309702,6.300839709063196,102.90829224141213
dataset_batik/batik/Solo_Parang/0017.jpg,ec9825accca7,batik,1,Solo_Parang,True,rot270,2,32.45954132080078,798.0,6.233827333734342,0.5316535863521361,6.298977227100668,102.87604712394646
dataset_batik/batik/Solo_Parang/0017.jpg,ec9825accca7,batik,1,Solo_Parang,True,rot-3p6,3,6.225852966308594,370.0,6.082792911799123,0.5558853770756305,5.974616389185824,134.92684092961684
dataset_batik/batik/Solo_Parang/0017.jpg,ec9825accca7,batik,1,Solo_Parang,True,flip_h,4,32.265586853027344,781.0,6.229454764314425,0.5315780778913507,6.30041429557059,102.92128361261126
dataset_batik/batik/Solo_Parang/0017.jpg,ec9825accca7,batik,1,Solo_Parang,True,flip_v,5,32.10742950439453,785.0,6.227827210198758,0.531534848386582,6.298651993895582,102.9277244035881
dataset_batik/batik/Solo_Parang/0017.jpg,ec9825accca7,batik,1,Solo_Parang,True,zoom06,6,3.3017120361328125,316.0,6.018096995965006,0.5666807731252788,5.990277120380375,146.54022727323607
dataset_batik/batik/Solo_Parang/0017.jpg,ec9825accca7,batik,1,Solo_Parang,True,brightness0p89,7,31.512840270996094,774.0,6.298667843632854,0.5280669063626577,6.296709634137311,103.57550822409475
dataset_batik/batik/Solo_Parang/0017.jpg,ec9825accca7,batik,1,Solo_Parang,True,contrast0p97,8,28.283557891845703,723.0,6.216104591165795,0.5350969394642779,6.2983271217420285,103.56099323276275
dataset_batik/non_batik/bunga_nonbatik/bunga (2).png,ed293cabd087,non_batik,0,bunga_nonbatik,False,original,-1,125.40779876708984,893.0,5.349073458691493,0.5963025062904782,6.886974426646339,26.79677325625217
dataset_batik/non_batik/bunga_nonbatik/bunga (2).png,ed293cabd087,non_batik,0,bunga_nonbatik,True,rot90,0,126.32839965820312,904.0,5.350241846429716,0.5957562986780243,6.882541554055575,26.821203299611184
dataset_batik/non_batik/bunga_nonbatik/bunga (2).png,ed293cabd087,non_batik,0,bunga_nonbatik,True,rot180,1,127.13594055175781,903.0,5.351145536159063,0.5961894565082027,6.88828696363661,26.82071823191187
dataset_batik/non_batik/bunga_nonbatik/bunga (2).png,ed293cabd087,non_batik,0,bunga_nonbatik,True,rot270,2,126.8774642944336,906.0,5.350084450994038,0.5959737761611595,6.884548195250996,26.858249978773717
dataset_batik/non_batik/bunga_nonbatik/bunga (2).png,ed293cabd087,non_batik,0,bunga_nonbatik,True,rot-14p8,3,128.12691497802734,937.0,5.336631376306313,0.5951930184048195,6.904086653762696,25.78924663552058
dataset_batik/non_batik/bunga_nonbatik/bunga (2).png,ed293cabd087,non_batik,0,bunga_nonbatik,True,flip_h,4,125.46979522705078,894.0,5.34966147036878,0.5962639860888821,6.887798800936597,26.82626653353983
dataset_batik/non_batik/bunga_nonbatik/bunga (2).png,ed293cabd087,non_batik,0,bunga_nonbatik,True,flip_v,5,129.73065185546875,914.0,5.349934592369633,0.5962582557691023,6.88593717627589,26.7976739238174
dataset_batik/non_batik/bunga_nonbatik/bunga (2).png,ed293cabd087,non_batik,0,bunga_nonbatik,True,zoom04,6,132.82237243652344,932.0,5.532576160460311,0.574474310203552,6.906578132938499,26.68648937598821
dataset_batik/non_batik/bunga_nonbatik/bunga (2).png,ed293cabd087,non_batik,0,bunga_nonbatik,True,brightness1p14,7,114.86436462402344,826.0,4.4182277240138905,0.6704996333460522,6.190568489191186,25.82587774335048
dataset_batik/non_batik/bunga_nonbatik/bunga (2).png,ed293cabd087,non_batik,0,bunga_nonbatik,True,contrast1p08,8,121.68724822998047,891.0,5.348324329530171,0.6060583420316632,6.8756414159505255,26.741475313937194
dataset_batik/batik/Solo_Parang/007.jpg,ef0f096eef7d,batik,1,Solo_Parang,False,original,-1,125.79878616333008,1147.0,7.099512258029212,0.42110758784881,6.50776022858175,37.01592492946703
dataset_batik/batik/Solo_Parang/007.jpg,ef0f096eef7d,batik,1,Solo_Parang,True,rot90,0,126.00539016723633,1143.0,7.101016730729777,0.42092197779989304,6.507449450067396,36.99308568935038
dataset_batik/batik/Solo_Parang/007.jpg,ef0f096eef7d,batik,1,Solo_Parang,True,rot180,1,126.76830291748047,1150.0,7.100882870469352,0.4209994947517567,6.508721610974699,37.04422919652714
dataset_batik/batik/Solo_Parang/007.jpg,ef0f096eef7d,batik,1,Solo_Parang,True,rot270,2,124.38797378540039,1113.0,7.101520634248612,0.421051890816422,6.509337675130408,37.01107406612871
dataset_batik/batik/Solo_Parang/007.jpg,ef0f096eef7d,batik,1,Solo_Parang,True,rot+4p7,3,89.35501098632812,1016.0,6.928154207241423,0.4568758583454625,6.248752863634145,48.950519496482336
dataset_batik/batik/Solo_Parang/007.jpg,ef0f096eef7d,batik,1,Solo_Parang,True,flip_h,4,127.37251281738281,1149.0,7.099916372334992,0.42135519947617156,6.508696395655463,37.02381773590594
dataset_batik/batik/Solo_Parang/007.jpg,ef0f096eef7d,batik,1,Solo_Parang,True,flip_v,5,126.76823425292969,1156.0,7.099750078118361,0.4211694756322852,6.507776992901373,37.029257403581745
dataset_batik/batik/Solo_Parang/007.jpg,ef0f096eef7d,batik,1,Solo_Parang,True,zoom03,6,87.77562713623047,1018.0,6.913884139731618,0.45969931971235645,6.233106741423189,46.51642495115171
dataset_batik/batik/Solo_Parang/007.jpg,ef0f096eef7d,batik,1,Solo_Parang,True,brightness1p03,7,127.17337799072266,1141.0,7.09438140576823,0.4220852684511292,6.50784917779866,37.040475530535865
dataset_batik/batik/Solo_Parang/007.jpg,ef0f096eef7d,batik,1,Solo_Parang,True,contrast0p92,8,121.710205078125,1104.0,7.0680462973682765,0.4267716058485276,6.502279796777437,36.65129100911072
dataset_batik/batik/batik solo/solo2.jpg,f11fc60776fe,batik,1,batik solo,False,original,-1,16.25634765625,197.0,5.74520771280019,0.5293464840304302,6.103959838719026,114.99090576026178
dataset_batik/batik/batik solo/solo2.jpg,f11fc60776fe,batik,1,batik solo,True,rot90,0,14.224479675292969,199.0,5.749809894201961,0.5287253132272248,6.1014594887029086,115.04488130181214
dataset_batik/batik/batik solo/solo2.jpg,f11fc60776fe,batik,1,batik solo,True,rot180,1,14.143791198730469,202.0,5.745378563835657,0.5293524221018056,6.100833601003211,114.96203531012944
dataset_batik/batik/batik solo/solo2.jpg,f11fc60776fe,batik,1,batik solo,True,rot270,2,16.18616485595703,203.0,5.74988398661066,0.5288413644121363,6.098374280440754,114.96709302138363
dataset_batik/batik/batik solo/solo2.jpg,f11fc60776fe,batik,1,batik solo,True,rot+4p8,3,14.031692504882812,219.0,5.7876374947738105,0.5267302268763219,6.01076824642249,152.34191399163745
dataset_batik/batik/batik solo/solo2.jpg,f11fc60776fe,batik,1,batik solo,True,flip_h,4,13.937530517578125,204.0,5.745236455667781,0.5294368076896983,6.102473565875424,114.93631682890663
dataset_batik/batik/batik solo/solo2.jpg,f11fc60776fe,batik,1,batik solo,True,flip_v,5,14.918231964111328,195.0,5.745231146724674,0.529401633744757,6.102752454435866,115.03643056445306
dataset_batik/batik/batik solo/solo2.jpg,f11fc60776fe,batik,1,batik solo,True,zoom03,6,15.344902038574219,226.0,5.772367442977296,0.5319834752641736,6.012508870589276,123.71757657580643
dataset_batik/batik/batik solo/solo2.jpg,f11fc60776fe,batik,1,batik solo,True,brightness1p09,7,12.77591323852539,193.0,5.77326005917244,0.5278663617175464,6.145470942903776,114.86720022222971
dataset_batik/batik/batik solo/solo2.jpg,f11fc60776fe,batik,1,batik solo,True,contrast0p97,8,13.128570556640625,193.0,5.716785734651024,0.5313264751835047,6.136606007161666,114.62080293499393
dataset_batik/non_batik/bunga_nonbatik/bunga (3).png,f190f4ab82fd,non_batik,0,bunga_nonbatik,False,original,-1,370.2610931396485,1434.0,6.140159518695221,0.4815309663693997,6.853619648620672,6.866972602057187
dataset_batik/non_batik/bunga_nonbatik/bunga (3).png,f190f4ab82fd,non_batik,0,bunga_nonbatik,True,rot90,0,374.39231872558594,1450.0,6.140107833253275,0.4817150912250683,6.850861985139527,6.87789418587721
dataset_batik/non_batik/bunga_nonbatik/bunga (3).png,f190f4ab82fd,non_batik,0,bunga_nonbatik,True,rot180,1,357.9232749938965,1413.0,6.141652680806036,0.4813346360032795,6.854544950249012,6.868580532795257
dataset_batik/non_batik/bunga_nonbatik/bunga (3).png,f190f4ab82fd,non_batik,0,bunga_nonbatik,True,rot270,2,368.77485275268555,1427.0,6.138844017535818,0.48185090248955426,6.852066834220783,6.872839997067005
dataset_batik/non_batik/bunga_nonbatik/bunga (3).png,f190f4ab82fd,non_batik,0,bunga_nonbatik,True,rot-6p0,3,367.2801818847656,1519.0,6.122402612858511,0.48564851462519754,6.861010453038308,6.910094632126881
dataset_batik/non_batik/bunga_nonbatik/bunga (3).png,f190f4ab82fd,non_batik,0,bunga_nonbatik,True,flip_h,4,358.5479431152344,1412.0,6.140115824692028,0.4814500160479782,6.854337826558989,6.862288049180055
dataset_batik/non_batik/bunga_nonbatik/bunga (3).png,f190f4ab82fd,non_batik,0,bunga_nonbatik,True,flip_v,5,367.798583984375,1424.0,6.141434338150244,0.4813748103656453,6.854549744122449,6.873034069345159
dataset_batik/non_batik/bunga_nonbatik/bunga (3).png,f190f4ab82fd,non_batik,0,bunga_nonbatik,True,zoom06,6,471.58753967285156,1718.0,6.57452701095785,0.4193949125292177,6.947088921749587,6.605331768225261
dataset_batik/non_batik/bunga_nonbatik/bunga (3).png,f190f4ab82fd,non_batik,0,bunga_nonbatik,True,brightness1p07,7,379.5442886352539,1473.0,5.992741859737483,0.48792859624599844,6.2134049343490325,6.873432849038396
dataset_batik/non_batik/bunga_nonbatik/bunga (3).png,f190f4ab82fd,non_batik,0,bunga_nonbatik,True,contrast0p86,8,352.3737602233887,1389.0,6.094393110849698,0.4903410438381745,6.8740505116191315,6.88281465644925
dataset_batik/non_batik/geometris/geometris (2).png,f6b3418e39a1,non_batik,0,geometris,False,original,-1,163.974609375,928.0,6.1542480166760285,0.5163558496701095,6.63920029860861,220.3160084892604
dataset_batik/non_batik/geometris/geometris (2).png,f6b3418e39a1,non_batik,0,geometris,True,rot90,0,164.50363159179688,932.0,6.128905841221011,0.5177210059458384,6.645453763848224,220.4145266838498
dataset_batik/non_batik/geometris/geometris (2).png,f6b3418e39a1,non_batik,0,geometris,True,rot180,1,163.88985443115234,927.0,6.152409237837361,0.5163183825271838,6.64229604931349,220.33178988963923
dataset_batik/non_batik/geometris/geometris (2).png,f6b3418e39a1,non_batik,0,geometris,True,rot270,2,163.13047409057617,925.0,6.127528563814843,0.5179618042627359,6.646470854191599,220.4227326139442
dataset_batik/non_batik/geometris/geometris (2).png,f6b3418e39a1,non_batik,0,geometris,True,rot+4p5,3,150.06854248046875,848.0,6.176408278668418,0.527900768937877,6.67176909938758,227.93392560081477
dataset_batik/non_batik/geometris/geometris (2).png,f6b3418e39a1,non_batik,0,geometris,True,flip_h,4,163.5858917236328,926.0,6.152051126746013,0.5164052627192492,6.641428604427239,220.32091975302478
dataset_batik/non_batik/geometris/geometris (2).png,f6b3418e39a1,non_batik,0,geometris,True,flip_v,5,165.6184959411621,937.0,6.154121209561145,0.5162448593096712,6.640863246927591,220.30160163354785
dataset_batik/non_batik/geometris/geometris (2).png,f6b3418e39a1,non_batik,0,geometris,True,zoom07,6,166.45614624023438,840.0,6.677214477516355,0.4690546526341451,6.70786888617162,253.8661110905136
dataset_batik/non_batik/geometris/geometris (2).png,f6b3418e39a1,non_batik,0,geometris,True,brightness1p11,7,165.57028198242188,936.0,6.074930013652356,0.5237993799039202,6.619410184118448,221.1705445198848
dataset_batik/non_batik/geometris/geometris (2).png,f6b3418e39a1,non_batik,0,geometris,True,contrast0p94,8,160.67800903320312,914.0,6.190976873201736,0.5157987942627428,6.650719108532961,220.43863481970078
dataset_batik/batik/batik semarangan/semarangan2.jpg,f745452e50e3,batik,1,batik semarangan,False,original,-1,117.885498046875,832.0,6.378037407410876,0.5405936575831869,6.629192942421161,33.986498487013776
dataset_batik/batik/batik semarangan/semarangan2.jpg,f745452e50e3,batik,1,batik semarangan,True,rot90,0,117.54409790039062,831.0,6.367939021776861,0.5406548496159679,6.630525986746734,33.992241105037884
dataset_batik/batik/batik semarangan/semarangan2.jpg,f745452e50e3,batik,1,batik semarangan,True,rot180,1,120.76478576660156,852.0,6.367918773151549,0.5410538994344829,6.629414912138802,33.97205497268878
dataset_batik/batik/batik semarangan/semarangan2.jpg,f745452e50e3,batik,1,batik semarangan,True,rot270,2,120.11329650878906,854.0,6.376060525589068,0.5406409463095921,6.62986781212698,33.995324986503036
dataset_batik/batik/batik semarangan/semarangan2.jpg,f745452e50e3,batik,1,batik semarangan,True,rot+10p4,3,91.70717239379883,835.0,6.1161280485679965,0.5789304069784759,6.462475167412045,40.65442988283101
dataset_batik/batik/batik semarangan/semarangan2.jpg,f745452e50e3,batik,1,batik semarangan,True,flip_h,4,118.91609191894531,844.0,6.377175963994252,0.5406880915173022,6.626450923676859,33.977501704481185
dataset_batik/batik/batik semarangan/semarangan2.jpg,f745452e50e3,batik,1,batik semarangan,True,flip_v,5,114.30590438842773,823.0,6.3689089566651695,0.5407330658421885,6.629611823406188,33.99448769537865
dataset_batik/batik/batik semarangan/semarangan2.jpg,f745452e50e3,batik,1,batik semarangan,True,zoom10,6,88.609375,848.0,6.143395914807786,0.579799016621813,6.439690871636737,49.8197526318252
dataset_batik/batik/batik semarangan/semarangan2.jpg,f745452e50e3,batik,1,batik semarangan,True,brightness1p07,7,117.98009872436523,841.0,6.380237338573817,0.543957351987199,6.6370182782978855,34.19891794690575
dataset_batik/batik/batik semarangan/semarangan2.jpg,f745452e50e3,batik,1,batik semarangan,True,contrast0p90,8,108.2489013671875,790.0,6.24694957213109,0.550986496009694,6.634702446285712,33.830257193630906
dataset_batik/batik/Yogyakarta_Kawung/0015.jpg,f74bb111b026,batik,1,Yogyakarta_Kawung,False,original,-1,101.66738510131836,1513.0,6.444351116759208,0.4968822520082981,6.4730517860922285,177.19584527429598
dataset_batik/batik/Yogyakarta_Kawung/0015.jpg,f74bb111b026,batik,1,Yogyakarta_Kawung,True,rot90,0,103.27440643310547,1526.0,6.443753930337691,0.49642621469332887,6.472707841919815,177.3765076508464
dataset_batik/batik/Yogyakarta_Kawung/0015.jpg,f74bb111b026,batik,1,Yogyakarta_Kawung,True,rot180,1,102.57843017578125,1520.0,6.445713766111252,0.4971235303570526,6.475555113985863,177.1895643172215
dataset_batik/batik/Yogyakarta_Kawung/0015.jpg,f74bb111b026,batik,1,Yogyakarta_Kawung,True,rot270,2,103.54369354248047,1518.0,6.444816190515764,0.49637005610001816,6.47373742725988,177.5419877977959
dataset_batik/batik/Yogyakarta_Kawung/0015.jpg,f74bb111b026,batik,1,Yogyakarta_Kawung,True,rot-12p6,3,72.45594024658203,1385.0,6.3103558776926425,0.5193131419367559,6.211057785853438,204.7656385132411
dataset_batik/batik/Yogyakarta_Kawung/0015.jpg,f74bb111b026,batik,1,Yogyakarta_Kawung,True,flip_h,4,101.76345825195312,1514.0,6.445628724623173,0.4969903645330557,6.475459708802545,177.2349955153124
dataset_batik/batik/Yogyakarta_Kawung/0015.jpg,f74bb111b026,batik,1,Yogyakarta_Kawung,True,flip_v,5,101.59731674194336,1497.0,6.445087997941695,0.4968738442281144,6.472482001303989,177.13310712424956
dataset_batik/batik/Yogyakarta_Kawung/0015.jpg,f74bb111b026,batik,1,Yogyakarta_Kawung,True,zoom02,6,62.30489730834961,1253.0,6.278989165081456,0.5252955270434343,6.1939112128145535,209.78416541340562
dataset_batik/batik/Yogyakarta_Kawung/0015.jpg,f74bb111b026,batik,1,Yogyakarta_Kawung,True,brightness1p03,7,103.1988525390625,1520.0,6.441496395173268,0.4962832854592666,6.473970125703895,177.3036672991378
dataset_batik/batik/Yogyakarta_Kawung/0015.jpg,f74bb111b026,batik,1,Yogyakarta_Kawung,True,contrast0p97,8,96.72013092041016,1449.0,6.4042747124872434,0.5004377361606186,6.474982645724031,177.5347694301916
dataset_batik/non_batik/geometris/geometris (8).png,f88b483bd98e,non_batik,0,geometris,False,original,-1,0.0,0.0,5.505360962308018,0.586709898500595,6.649136388158112,70.74322169816084
dataset_batik/non_batik/geometris/geometris (8).png,f88b483bd98e,non_batik,0,geometris,True,rot90,0,0.0,0.0,5.502731764460372,0.5871942151261427,6.656327321865838,70.72634705793445
dataset_batik/non_batik/geometris/geometris (8).png,f88b483bd98e,non_batik,0,geometris,True,rot180,1,0.0,0.0,5.505449413185936,0.5867475149843971,6.650098397808177,70.72254967756973
dataset_batik/non_batik/geometris/geometris (8).png,f88b483bd98e,non_batik,0,geometris,True,rot270,2,0.0,0.0,5.504331907516335,0.587288171099625,6.656144176625086,70.76916458332386
dataset_batik/non_batik/geometris/geometris (8).png,f88b483bd98e,non_batik,0,geometris,True,rot+13p3,3,1.02264404296875,24.0,5.200599538424534,0.6490286472474183,6.707652971066715,157.25177093552
dataset_batik/non_batik/geometris/geometris (8).png,f88b483bd98e,non_batik,0,geometris,True,flip_h,4,0.0,0.0,5.50616100657188,0.58680419142477,6.649476685790191,70.74720154010932
dataset_batik/non_batik/geometris/geometris (8).png,f88b483bd98e,non_batik,0,geometris,True,flip_v,5,0.0,0.0,5.505184021288636,0.5866201159046167,6.651088873097024,70.71767842778367
dataset_batik/non_batik/geometris/geometris (8).png,f88b483bd98e,non_batik,0,geometris,True,zoom03,6,0.0,0.0,5.266051402634133,0.6356841922398522,6.655318320845058,86.72413265118571
dataset_batik/non_batik/geometris/geometris (8).png,f88b483bd98e,non_batik,0,geometris,True,brightness0p85,7,0.0,0.0,4.634514521115825,0.7630468283476662,6.71828273125981,154.23904891634137
dataset_batik/non_batik/geometris/geometris (8).png,f88b483bd98e,non_batik,0,geometris,True,contrast0p88,8,0.0,0.0,5.391682486839613,0.6024320408905208,6.657729936657752,70.62172417758973
dataset_batik/batik/Solo_Parang/0014.jpg,fa24684732b1,batik,1,Solo_Parang,False,original,-1,11.993270874023438,222.0,5.829067358909915,0.5840647064667011,5.854285447189122,174.3635316756805
dataset_batik/batik/Solo_Parang/0014.jpg,fa24684732b1,batik,1,Solo_Parang,True,rot90,0,12.276390075683594,209.0,5.829476968754207,0.5839859990510742,5.843802534925026,173.9115192962803
dataset_batik/batik/Solo_Parang/0014.jpg,fa24684732b1,batik,1,Solo_Parang,True,rot180,1,12.8525390625,214.0,5.8285555063505186,0.5842138577483214,5.855943193813761,174.2422518353981
dataset_batik/batik/Solo_Parang/0014.jpg,fa24684732b1,batik,1,Solo_Parang,True,rot270,2,12.305728912353516,203.0,5.828894103611056,0.5840764310202153,5.846734415970269,174.04837968729078
dataset_batik/batik/Solo_Parang/0014.jpg,fa24684732b1,batik,1,Solo_Parang,True,rot-2p0,3,10.507179260253906,211.0,5.773394972841006,0.5969443532188456,5.759679908794398,192.4533920260827
dataset_batik/batik/Solo_Parang/0014.jpg,fa24684732b1,batik,1,Solo_Parang,True,flip_h,4,12.040328979492188,210.0,5.827062559136266,0.5843182829288198,5.854208198260884,174.37729701524896
dataset_batik/batik/Solo_Parang/0014.jpg,fa24684732b1,batik,1,Solo_Parang,True,flip_v,5,13.153388977050781,226.0,5.828806511764347,0.5842788327938955,5.85210022066634,174.20353583762366
dataset_batik/batik/Solo_Parang/0014.jpg,fa24684732b1,batik,1,Solo_Parang,True,zoom09,6,6.12030029296875,200.0,5.726277474114658,0.6062345774474833,5.659220626083071,228.95800927504507
dataset_batik/batik/Solo_Parang/0014.jpg,fa24684732b1,batik,1,Solo_Parang,True,brightness1p03,7,13.105247497558594,218.0,5.603386560574125,0.6029142664035327,5.560013373721249,173.79476612438157
dataset_batik/batik/Solo_Parang/0014.jpg,fa24684732b1,batik,1,Solo_Parang,True,contrast1p13,8,14.525833129882812,236.0,5.461857727895591,0.6140105155601183,4.922863877548039,154.50651741780803
dataset_batik/batik/Yogyakarta_Parang/008.jpg,fb19d7075d8a,batik,1,Yogyakarta_Parang,False,original,-1,47.43254089355469,812.0,6.1152388036670144,0.5671304756946498,6.292933418679534,126.30028569361772
dataset_batik/batik/Yogyakarta_Parang/008.jpg,fb19d7075d8a,batik,1,Yogyakarta_Parang,True,rot90,0,46.33392333984375,816.0,6.116422944659594,0.5671083349518412,6.291447242621253,126.2811297529742
dataset_batik/batik/Yogyakarta_Parang/008.jpg,fb19d7075d8a,batik,1,Yogyakarta_Parang,True,rot180,1,45.19734573364258,793.0,6.123148687894553,0.5669749275561746,6.293371361146234,126.45435947644653
dataset_batik/batik/Yogyakarta_Parang/008.jpg,fb19d7075d8a,batik,1,Yogyakarta_Parang,True,rot270,2,45.41294860839844,812.0,6.117644712660104,0.5671148427767787,6.288586154355613,126.29577179379167
dataset_batik/batik/Yogyakarta_Parang/008.jpg,fb19d7075d8a,batik,1,Yogyakarta_Parang,True,rot-10p5,3,31.095932006835938,742.0,6.018816461621262,0.5851538265949086,6.054085206175269,162.41268658646234
dataset_batik/batik/Yogyakarta_Parang/008.jpg,fb19d7075d8a,batik,1,Yogyakarta_Parang,True,flip_h,4,46.073570251464844,806.0,6.12013794363269,0.5668906154874283,6.2892920122128935,126.36067086070344
dataset_batik/batik/Yogyakarta_Parang/008.jpg,fb19d7075d8a,batik,1,Yogyakarta_Parang,True,flip_v,5,49.0264892578125,816.0,6.118486830735706,0.56696937024178,6.294465897551654,126.38619393191578
dataset_batik/batik/Yogyakarta_Parang/008.jpg,fb19d7075d8a,batik,1,Yogyakarta_Parang,True,zoom05,6,25.88616943359375,654.0,5.97628973406596,0.5985995177074646,6.0609281803951225,167.7120066963913
dataset_batik/batik/Yogyakarta_Parang/008.jpg,fb19d7075d8a,batik,1,Yogyakarta_Parang,True,brightness1p08,7,41.113037109375,704.0,5.878284078948649,0.5911122890232487,6.265246536238922,129.2257214774769
dataset_batik/batik/Yogyakarta_Parang/008.jpg,fb19d7075d8a,batik,1,Yogyakarta_Parang,True,contrast1p06,8,43.14372253417969,804.0,6.15040028952137,0.5625317785147737,6.289979349587368,127.36850608100127
dataset_batik/batik/Solo_Parang/0021.jpg,fc1e0904dd28,batik,1,Solo_Parang,False,original,-1,31.709716796875,776.0,6.228418248322077,0.5348300091880945,6.289870975720101,104.8315260425662
dataset_batik/batik/Solo_Parang/0021.jpg,fc1e0904dd28,batik,1,Solo_Parang,True,rot90,0,32.4886474609375,772.0,6.227251095970135,0.5347746485133691,6.287534527903594,104.84367571490861
dataset_batik/batik/Solo_Parang/0021.jpg,fc1e0904dd28,batik,1,Solo_Parang,True,rot180,1,32.07205581665039,763.0,6.226017727442731,0.5345496619469519,6.289403136943775,104.88009499462025
dataset_batik/batik/Solo_Parang/0021.jpg,fc1e0904dd28,batik,1,Solo_Parang,True,rot270,2,31.410873413085938,762.0,6.230008127662194,0.5346708992842758,6.288036795178057,104.86015904041952
dataset_batik/batik/Solo_Parang/0021.jpg,fc1e0904dd28,batik,1,Solo_Parang,True,rot+5p0,3,5.95367431640625,336.0,6.0932952449807525,0.5583349789433282,6.038115604441225,132.97277876213056
dataset_batik/batik/Solo_Parang/0021.jpg,fc1e0904dd28,batik,1,Solo_Parang,True,flip_h,4,32.06772994995117,777.0,6.2281480678362255,0.5347178717373765,6.290969071928669,104.85623708618735
dataset_batik/batik/Solo_Parang/0021.jpg,fc1e0904dd28,batik,1,Solo_Parang,True,flip_v,5,31.78022003173828,777.0,6.227432765706637,0.5343504102845354,6.291023644132851,104.82696527929966
dataset_batik/batik/Solo_Parang/0021.jpg,fc1e0904dd28,batik,1,Solo_Parang,True,zoom04,6,4.068042755126953,353.0,6.0425738325619545,0.5633458990530187,5.979906532812255,140.91862271408334
dataset_batik/batik/Solo_Parang/0021.jpg,fc1e0904dd28,batik,1,Solo_Parang,True,brightness0p91,7,31.377716064453125,760.0,6.308522897671291,0.5286455968862595,6.295551141236899,105.12203119137698
dataset_batik/batik/Solo_Parang/0021.jpg,fc1e0904dd28,batik,1,Solo_Parang,True,contrast0p88,8,20.2606201171875,600.0,6.126977805403325,0.5477553042850265,6.29330846831877,105.4850954125139
dataset_batik/non_batik/geometris/geometris (7).png,fc6da929304d,non_batik,0,geometris,False,original,-1,4.124198913574219,27.0,4.638173641623872,0.683823406245852,6.565757848577979,344.0922998303385
dataset_batik/non_batik/geometris/geometris (7).png,fc6da929304d,non_batik,0,geometris,True,rot90,0,3.66412353515625,24.0,4.646990271440918,0.6822780184644848,6.557649304779767,343.99409191310616
dataset_batik/non_batik/geometris/geometris (7).png,fc6da929304d,non_batik,0,geometris,True,rot180,1,3.513294219970703,23.0,4.636947372836563,0.6837663180818728,6.564307029914248,344.36532942057164
dataset_batik/non_batik/geometris/geometris (7).png,fc6da929304d,non_batik,0,geometris,True,rot270,2,4.433013916015625,29.0,4.646155748234943,0.6819878876241576,6.557425200410915,343.7270136925513
dataset_batik/non_batik/geometris/geometris (7).png,fc6da929304d,non_batik,0,geometris,True,rot-5p8,3,5.1986236572265625,34.0,4.601518137442316,0.6876771940975723,6.577656294592989,372.303359843627
dataset_batik/non_batik/geometris/geometris (7).png,fc6da929304d,non_batik,0,geometris,True,flip_h,4,3.9726409912109375,26.0,4.638358953330428,0.6835352013774443,6.563338389701092,344.0475190693358
dataset_batik/non_batik/geometris/geometris (7).png,fc6da929304d,non_batik,0,geometris,True,flip_v,5,4.125331878662109,27.0,4.637834274406488,0.6838475945272748,6.563239454732536,344.3685893599033
dataset_batik/non_batik/geometris/geometris (7).png,fc6da929304d,non_batik,0,geometris,True,zoom02,6,3.573833465576172,23.0,4.65825953160041,0.6846288617990294,6.541154096429475,388.6153896903791
dataset_batik/non_batik/geometris/geometris (7).png,fc6da929304d,non_batik,0,geometris,True,brightness1p08,7,2.266559600830078,15.0,4.301373832423562,0.7140701075301992,6.5063192010293545,342.81016452466963
dataset_batik/non_batik/geometris/geometris (7).png,fc6da929304d,non_batik,0,geometris,True,contrast0p91,8,2.578105926513672,17.0,4.378185885389005,0.6926914470440595,6.379067671994328,347.6889406339364
dataset_batik/batik/Yogyakarta_Parang/006.jpg,fd0c795decdf,batik,1,Yogyakarta_Parang,False,original,-1,38.155517578125,690.0,6.434416617308411,0.5465114405118068,6.176374941194836,198.17254133785372
dataset_batik/batik/Yogyakarta_Parang/006.jpg,fd0c795decdf,batik,1,Yogyakarta_Parang,True,rot90,0,38.90055465698242,709.0,6.431523165551632,0.5467764705732769,6.177877516701534,197.82536456648134
dataset_batik/batik/Yogyakarta_Parang/006.jpg,fd0c795decdf,batik,1,Yogyakarta_Parang,True,rot180,1,38.57351303100586,705.0,6.434982809767785,0.5467801514521675,6.176749264222169,198.031160449946
dataset_batik/batik/Yogyakarta_Parang/006.jpg,fd0c795decdf,batik,1,Yogyakarta_Parang,True,rot270,2,40.6219482421875,725.0,6.429716834269917,0.546687446450834,6.17678514985793,197.94553862702307
dataset_batik/batik/Yogyakarta_Parang/006.jpg,fd0c795decdf,batik,1,Yogyakarta_Parang,True,rot-11p8,3,14.783477783203125,450.0,6.259214964912599,0.568653011543072,6.020928053252332,245.25210498751758
dataset_batik/batik/Yogyakarta_Parang/006.jpg,fd0c795decdf,batik,1,Yogyakarta_Parang,True,flip_h,4,38.839759826660156,705.0,6.434338193422635,0.5465126329101975,6.176720175928047,198.13531285937415
dataset_batik/batik/Yogyakarta_Parang/006.jpg,fd0c795decdf,batik,1,Yogyakarta_Parang,True,flip_v,5,38.955665588378906,702.0,6.435613956150675,0.5464356539232083,6.177023933988336,198.03482510045046
dataset_batik/batik/Yogyakarta_Parang/006.jpg,fd0c795decdf,batik,1,Yogyakarta_Parang,True,zoom06,6,13.025444030761719,439.0,6.231083974603021,0.5817009170176806,5.960175798307393,227.58388133443177
dataset_batik/batik/Yogyakarta_Parang/006.jpg,fd0c795decdf,batik,1,Yogyakarta_Parang,True,brightness0p96,7,27.99419403076172,603.0,6.3227314554904375,0.566868923729659,6.114798043546546,213.10155099078733
dataset_batik/batik/Yogyakarta_Parang/006.jpg,fd0c795decdf,batik,1,Yogyakarta_Parang,True,contrast0p87,8,25.540145874023438,563.0,6.300880514511138,0.56185669018697,6.169627440265678,205.29858989842748
dataset_batik/non_batik/polkadot/polkadot4.jpg,ffeae644af12,non_batik,0,polkadot,False,original,-1,1.76068115234375,112.0,3.3439019342788674,0.8596852896566519,5.115096288317606,87.92487885268251
dataset_batik/non_batik/polkadot/polkadot4.jpg,ffeae644af12,non_batik,0,polkadot,True,rot90,0,1.5705108642578125,100.0,3.340364348491303,0.860264619406696,5.119236166346386,88.2505963108957
dataset_batik/non_batik/polkadot/polkadot4.jpg,ffeae644af12,non_batik,0,polkadot,True,rot180,1,1.7279815673828125,110.0,3.343992440291615,0.860020621038617,5.113817424327038,88.00265512157227
dataset_batik/non_batik/polkadot/polkadot4.jpg,ffeae644af12,non_batik,0,polkadot,True,rot270,2,1.5933609008789062,105.0,3.341238676243826,0.8603311626265531,5.120790051353884,88.19729058561171
dataset_batik/non_batik/polkadot/polkadot4.jpg,ffeae644af12,non_batik,0,polkadot,True,rot-7p5,3,1.6608734130859375,89.0,3.3206580604242557,0.8738271316548905,5.361069415944925,109.99589824868237
dataset_batik/non_batik/polkadot/polkadot4.jpg,ffeae644af12,non_batik,0,polkadot,True,flip_h,4,1.7626075744628906,113.0,3.3446567359431407,0.859913033456461,5.114597051049951,87.96264078170385
dataset_batik/non_batik/polkadot/polkadot4.jpg,ffeae644af12,non_batik,0,polkadot,True,flip_v,5,1.7037124633789062,107.0,3.3452146442778843,0.8596257432446684,5.112765706939042,87.94406222677286
dataset_batik/non_batik/polkadot/polkadot4.jpg,ffeae644af12,non_batik,0,polkadot,True,zoom07,6,1.4254188537597656,87.0,3.2907140232949788,0.8791141544744311,5.366602848271157,113.40954468086937
dataset_batik/non_batik/polkadot/polkadot4.jpg,ffeae644af12,non_batik,0,polkadot,True,brightness0p97,7,1.6942596435546875,106.0,3.236241473983495,0.8607927256350253,5.116926912167692,88.19866389453061
dataset_batik/non_batik/polkadot/polkadot4.jpg,ffeae644af12,non_batik,0,polkadot,True,contrast1p10,8,1.6812515258789062,90.0,3.098036601916399,0.8676849254620118,5.098088306185269,89.14983296347839
