path,source_id,group_id,source_path,kelas,label,subjenis,partition,is_augmented,transform,motif_complexity_score,small_contour_count,glcm_entropy,glcm_homogeneity,lbp_entropy,fft_peak_ratio
dataset_aug/cv_pool/batik/0018__01423db2bf4d__orig_0073.jpg,01423db2bf4d,01423db2bf4d,dataset_batik/batik/Yogyakarta_Kawung/0018.jpg,batik,1,Yogyakarta_Kawung,cv_pool,False,original,30.266876220703125,1110.0,6.033258717094634,0.5940778007334682,6.28185078861286,110.9871004013901
dataset_aug/cv_pool/batik/0018__01423db2bf4d__brightness0p91_0098.jpg,01423db2bf4d,01423db2bf4d,dataset_batik/batik/Yogyakarta_Kawung/0018.jpg,batik,1,Yogyakarta_Kawung,cv_pool,True,brightness0p91,19.809417724609375,788.0,5.899764213383381,0.614508697519635,6.255835400199085,113.37339460908879
dataset_aug/cv_pool/batik/semarangan4__028b7571da11__orig_0132.jpg,028b7571da11,028b7571da11,dataset_batik/batik/batik semarangan/semarangan4.jpg,batik,1,batik semarangan,cv_pool,False,original,109.83391571044922,921.0,6.411690355107687,0.569838434486581,6.342496381232701,25.62938934788493
dataset_aug/cv_pool/batik/semarangan4__028b7571da11__flip_h_0005.jpg,028b7571da11,028b7571da11,dataset_batik/batik/batik semarangan/semarangan4.jpg,batik,1,batik semarangan,cv_pool,True,flip_h,113.19386291503906,911.0,6.426211753131078,0.5659411277478814,6.372428886749027,25.35597672794991
dataset_aug/cv_pool/batik/semarangan4__028b7571da11__zoom02_0142.jpg,028b7571da11,028b7571da11,dataset_batik/batik/batik semarangan/semarangan4.jpg,batik,1,batik semarangan,cv_pool,True,zoom02,81.4910888671875,828.0,6.228965437259552,0.603244265598338,6.236635872844135,34.03559567936346
dataset_aug/cv_pool/batik/0037__050046f947a6__orig_0028.jpg,050046f947a6,050046f947a6,dataset_batik/batik/Solo_Parang/0037.jpg,batik,1,Solo_Parang,cv_pool,False,original,81.10137557983398,1001.0,6.081687482998703,0.5220058714279624,6.239786553897382,178.11726345630646
dataset_aug/cv_pool/batik/0037__050046f947a6__rot180_0110.jpg,050046f947a6,050046f947a6,dataset_batik/batik/Solo_Parang/0037.jpg,batik,1,Solo_Parang,cv_pool,True,rot180,84.6789436340332,1023.0,6.093137152018204,0.5202333542700555,6.236513719718225,177.45102441802084
dataset_aug/cv_pool/batik/003__05ccbfc92105__orig_0110.jpg,05ccbfc92105,05ccbfc92105,dataset_batik/batik/Yogyakarta_Parang/003.jpg,batik,1,Yogyakarta_Parang,cv_pool,False,original,13.556312561035156,206.0,5.518027100859296,0.6042787135130097,6.074258543201664,154.26800917983815
dataset_aug/cv_pool/batik/003__05ccbfc92105__brightness0p97_0008.jpg,05ccbfc92105,05ccbfc92105,dataset_batik/batik/Yogyakarta_Parang/003.jpg,batik,1,Yogyakarta_Parang,cv_pool,True,brightness0p97,10.497550964355469,186.0,5.615646110666129,0.6029870718970913,6.126942919625121,157.8016616577854
dataset_aug/cv_pool/batik/003__05ccbfc92105__rot90_0145.jpg,05ccbfc92105,05ccbfc92105,dataset_batik/batik/Yogyakarta_Parang/003.jpg,batik,1,Yogyakarta_Parang,cv_pool,True,rot90,12.427631378173828,199.0,5.535927954067943,0.6055727795199977,6.084732775912114,155.9527392454443
dataset_aug/cv_pool/batik/0040__0c9036a66a5e__orig_0118.jpg,0c9036a66a5e,0c9036a66a5e,dataset_batik/batik/Yogyakarta_Parang/0040.jpg,batik,1,Yogyakarta_Parang,cv_pool,False,original,28.83190155029297,774.0,6.21590833199517,0.5688389352075418,6.325112432248194,141.95948142292238
dataset_aug/cv_pool/batik/0040__0c9036a66a5e__contrast1p10_0108.jpg,0c9036a66a5e,0c9036a66a5e,dataset_batik/batik/Yogyakarta_Parang/0040.jpg,batik,1,Yogyakarta_Parang,cv_pool,True,contrast1p10,34.99125671386719,838.0,6.191673182577478,0.5781926564439758,6.3038937062610945,143.49807493965844
dataset_aug/cv_pool/batik/0010__0cda161b73d8__orig_0043.jpg,0cda161b73d8,0cda161b73d8,dataset_batik/batik/SumateraBarat_Rumah_Minang/0010.jpg,batik,1,SumateraBarat_Rumah_Minang,cv_pool,False,original,124.97677230834961,861.0,6.995511779630895,0.4064309384947446,6.502614513889738,39.15665553561271
dataset_aug/cv_pool/batik/0010__0cda161b73d8__flip_h_0158.jpg,0cda161b73d8,0cda161b73d8,dataset_batik/batik/SumateraBarat_Rumah_Minang/0010.jpg,batik,1,SumateraBarat_Rumah_Minang,cv_pool,True,flip_h,124.62092971801758,859.0,7.002376036961035,0.40558934104675,6.502821402024361,39.14948267315877
dataset_aug/cv_pool/batik/0010__0cda161b73d8__rot270_0021.jpg,0cda161b73d8,0cda161b73d8,dataset_batik/batik/SumateraBarat_Rumah_Minang/0010.jpg,batik,1,SumateraBarat_Rumah_Minang,cv_pool,True,rot270,122.7370491027832,843.0,6.997551764650764,0.40571603192496497,6.506348679101428,39.02355413522851
dataset_aug/cv_pool/batik/0013__0f308677eb60__orig_0010.jpg,0f308677eb60,0f308677eb60,dataset_batik/batik/Solo_Parang/0013.jpg,batik,1,Solo_Parang,cv_pool,False,original,177.7064971923828,1078.0,7.236864802738032,0.38098102625461316,6.426504725938624,39.4130416635958
dataset_aug/cv_pool/batik/0013__0f308677eb60__contrast1p05_0162.jpg,0f308677eb60,0f308677eb60,dataset_batik/batik/Solo_Parang/0013.jpg,batik,1,Solo_Parang,cv_pool,True,contrast1p05,186.0685272216797,1132.0,7.248792966179486,0.3791095173935046,6.423143108077864,39.29402476576732
dataset_aug/cv_pool/batik/0013__0f308677eb60__zoom07_0025.jpg,0f308677eb60,0f308677eb60,dataset_batik/batik/Solo_Parang/0013.jpg,batik,1,Solo_Parang,cv_pool,True,zoom07,133.63763809204102,1029.0,7.032920972336948,0.42231340966590347,6.157265964182136,48.71538534461986
dataset_aug/cv_pool/batik/0020__0f8e0b867151__orig_0105.jpg,0f8e0b867151,0f8e0b867151,dataset_batik/batik/Yogyakarta_Parang/0020.jpg,batik,1,Yogyakarta_Parang,cv_pool,False,original,44.638824462890625,792.0,6.547758322020123,0.5247472086346906,6.254808637987737,132.80134881866107
dataset_aug/cv_pool/batik/0020__0f8e0b867151__flip_v_0132.jpg,0f8e0b867151,0f8e0b867151,dataset_batik/batik/Yogyakarta_Parang/0020.jpg,batik,1,Yogyakarta_Parang,cv_pool,True,flip_v,46.343650817871094,830.0,6.5496048869334205,0.5237385093924118,6.261146052028502,132.5529143381728
dataset_aug/cv_pool/batik/solo5__0fd5923aff43__orig_0137.jpg,0fd5923aff43,0fd5923aff43,dataset_batik/batik/batik solo/solo5.jpg,batik,1,batik solo,cv_pool,False,original,87.68804168701172,766.0,5.9978430274274634,0.48667386743036073,6.693752451463382,127.14743144197682
dataset_aug/cv_pool/batik/solo5__0fd5923aff43__rot270_0075.jpg,0fd5923aff43,0fd5923aff43,dataset_batik/batik/batik solo/solo5.jpg,batik,1,batik solo,cv_pool,True,rot270,89.04888916015625,776.0,5.99487631670403,0.48749145239661745,6.6840883899343275,127.25567005478571
dataset_aug/cv_pool/batik/0025__15c3a3af00f1__orig_0080.jpg,15c3a3af00f1,15c3a3af00f1,dataset_batik/batik/Yogyakarta_Kawung/0025.jpg,batik,1,Yogyakarta_Kawung,cv_pool,False,original,228.39984512329102,1793.0,6.799198133555802,0.43475222731916763,6.633632597951047,169.54504005241614
dataset_aug/cv_pool/batik/0025__15c3a3af00f1__flip_v_0150.jpg,15c3a3af00f1,15c3a3af00f1,dataset_batik/batik/Yogyakarta_Kawung/0025.jpg,batik,1,Yogyakarta_Kawung,cv_pool,True,flip_v,233.30905151367188,1752.0,6.803401588538056,0.43456030763551634,6.6376574090180585,169.5896601660827
dataset_aug/cv_pool/batik/0025__15c3a3af00f1__rot-14p7_0013.jpg,15c3a3af00f1,15c3a3af00f1,dataset_batik/batik/Yogyakarta_Kawung/0025.jpg,batik,1,Yogyakarta_Kawung,cv_pool,True,rot-14p7,125.30166625976562,1607.0,6.6360964847270285,0.4600211325121403,6.46435554908788,205.8045298765432
dataset_aug/cv_pool/batik/0028__17204d5eeb3c__orig_0038.jpg,17204d5eeb3c,17204d5eeb3c,dataset_batik/batik/SulawesiSelatan_Lontara/0028.jpg,batik,1,SulawesiSelatan_Lontara,cv_pool,False,original,92.17044830322266,754.0,5.624252123899712,0.5922120350073425,6.702394145860758,57.38565176337774
dataset_aug/cv_pool/batik/0028__17204d5eeb3c__flip_v_0141.jpg,17204d5eeb3c,17204d5eeb3c,dataset_batik/batik/SulawesiSelatan_Lontara/0028.jpg,batik,1,SulawesiSelatan_Lontara,cv_pool,True,flip_v,90.83963775634766,746.0,5.639424875109041,0.5911799555217844,6.702041354246889,56.80942217537108
dataset_aug/cv_pool/batik/0028__17204d5eeb3c__rot+5p9_0004.jpg,17204d5eeb3c,17204d5eeb3c,dataset_batik/batik/SulawesiSelatan_Lontara/0028.jpg,batik,1,SulawesiSelatan_Lontara,cv_pool,True,rot+5p9,43.84519958496094,564.0,5.326964655580052,0.6453488956357397,6.64262087039417,74.55027874096787
dataset_aug/cv_pool/batik/0020__1a750a1ff1bb__orig_0053.jpg,1a750a1ff1bb,1a750a1ff1bb,dataset_batik/batik/SumateraBarat_Rumah_Minang/0020.jpg,batik,1,SumateraBarat_Rumah_Minang,cv_pool,False,original,98.29535675048828,886.0,6.976701459008419,0.4329543879061759,6.395743648958529,23.927800442326554
dataset_aug/cv_pool/batik/0020__1a750a1ff1bb__flip_h_0032.jpg,1a750a1ff1bb,1a750a1ff1bb,dataset_batik/batik/SumateraBarat_Rumah_Minang/0020.jpg,batik,1,SumateraBarat_Rumah_Minang,cv_pool,True,flip_h,102.69247055053711,915.0,6.977854722360508,0.43225379939567227,6.400548999298719,23.802829913443656
dataset_aug/cv_pool/batik/0040__1ae0673d1fc2__orig_0094.jpg,1ae0673d1fc2,1ae0673d1fc2,dataset_batik/batik/Yogyakarta_Kawung/0040.jpg,batik,1,Yogyakarta_Kawung,cv_pool,False,original,248.78167724609375,1496.0,6.96948673102791,0.39579858800256185,6.656014083119003,168.7606997390405
dataset_aug/cv_pool/batik/0040__1ae0673d1fc2__rot-7p3_0040.jpg,1ae0673d1fc2,1ae0673d1fc2,dataset_batik/batik/Yogyakarta_Kawung/0040.jpg,batik,1,Yogyakarta_Kawung,cv_pool,True,rot-7p3,92.96266174316406,1106.0,6.824551586363064,0.4252874561192814,6.469355167746751,201.392512795452
dataset_aug/cv_pool/batik/semarangan3__1e1c6c73c84d__orig_0131.jpg,1e1c6c73c84d,grp_1e1c6c73c84d,dataset_batik/batik/batik semarangan/semarangan3.jpg,batik,1,batik semarangan,cv_pool,False,original,215.90988159179688,1064.0,7.329342288927549,0.3862383061938094,6.656551417739871,24.144788309028186
dataset_aug/cv_pool/batik/semarangan3__1e1c6c73c84d__rot270_0093.jpg,1e1c6c73c84d,grp_1e1c6c73c84d,dataset_batik/batik/batik semarangan/semarangan3.jpg,batik,1,batik semarangan,cv_pool,True,rot270,216.64907455444336,1065.0,7.339109546942339,0.3838438557162923,6.675356934359806,24.071509152176116
dataset_aug/cv_pool/batik/0017__1ebf8c8980d8__orig_0036.jpg,1ebf8c8980d8,1ebf8c8980d8,dataset_batik/batik/SulawesiSelatan_Lontara/0017.jpg,batik,1,SulawesiSelatan_Lontara,cv_pool,False,original,27.161598205566406,475.0,5.318640570147782,0.5875957758819974,6.456677654247552,36.04964022058449
dataset_aug/cv_pool/batik/0017__1ebf8c8980d8__rot270_0129.jpg,1ebf8c8980d8,1ebf8c8980d8,dataset_batik/batik/SulawesiSelatan_Lontara/0017.jpg,batik,1,SulawesiSelatan_Lontara,cv_pool,True,rot270,26.102680206298828,457.0,5.3315181660124455,0.5865952413700719,6.451635308165441,35.991296563577144
dataset_aug/cv_pool/batik/0034__204cc85f05f5__orig_0026.jpg,204cc85f05f5,grp_204cc85f05f5,dataset_batik/batik/Solo_Parang/0034.jpg,batik,1,Solo_Parang,cv_pool,False,original,119.54412841796875,1271.0,6.656967487451102,0.46171185656466923,5.998382857753606,129.72488596145948
dataset_aug/cv_pool/batik/0034__204cc85f05f5__rot180_0083.jpg,204cc85f05f5,grp_204cc85f05f5,dataset_batik/batik/Solo_Parang/0034.jpg,batik,1,Solo_Parang,cv_pool,True,rot180,123.21922302246094,1270.0,6.658486450353212,0.46159607293723676,6.0034328425327335,129.58023647958566
dataset_aug/cv_pool/batik/0033__20802bdd836c__orig_0061.jpg,20802bdd836c,20802bdd836c,dataset_batik/batik/SumateraBarat_Rumah_Minang/0033.jpg,batik,1,SumateraBarat_Rumah_Minang,cv_pool,False,original,99.4227294921875,758.0,7.055033332778567,0.41229404195079966,6.440943230772991,21.27677490958271
dataset_aug/cv_pool/batik/0033__20802bdd836c__rot90_0118.jpg,20802bdd836c,20802bdd836c,dataset_batik/batik/SumateraBarat_Rumah_Minang/0033.jpg,batik,1,SumateraBarat_Rumah_Minang,cv_pool,True,rot90,99.72039794921875,748.0,7.059293648879338,0.41178799377438835,6.442645706367189,21.30556516389647
dataset_aug/cv_pool/batik/0016__224b3baae42f__orig_0100.jpg,224b3baae42f,224b3baae42f,dataset_batik/batik/Yogyakarta_Parang/0016.jpg,batik,1,Yogyakarta_Parang,cv_pool,False,original,61.80736541748047,747.0,6.67050175223784,0.4483948767919683,6.1677211264134755,88.93399822164484
dataset_aug/cv_pool/batik/0016__224b3baae42f__rot270_0057.jpg,224b3baae42f,224b3baae42f,dataset_batik/batik/Yogyakarta_Parang/0016.jpg,batik,1,Yogyakarta_Parang,cv_pool,True,rot270,63.23166275024414,759.0,6.676189763268887,0.44735632259745894,6.172162585908,88.84332051050866
dataset_aug/cv_pool/batik/0027__232973849352__orig_0019.jpg,232973849352,232973849352,dataset_batik/batik/Solo_Parang/0027.jpg,batik,1,Solo_Parang,cv_pool,False,original,176.46429443359375,1136.0,7.114553396441651,0.4236853521957535,6.504128227880738,52.24177939421096
dataset_aug/cv_pool/batik/0027__232973849352__rot180_0074.jpg,232973849352,232973849352,dataset_batik/batik/Solo_Parang/0027.jpg,batik,1,Solo_Parang,cv_pool,True,rot180,174.6503448486328,1140.0,7.112660166006094,0.42393629250050513,6.504052089767942,52.282496340156754
dataset_aug/cv_pool/batik/solo1__24dcb9ff498b__orig_0134.png,24dcb9ff498b,24dcb9ff498b,dataset_batik/batik/batik solo/solo1.png,batik,1,batik solo,cv_pool,False,original,341.7829055786133,1534.0,6.940359580277114,0.40259453485621666,6.7368795397912,47.86767466242667
dataset_aug/cv_pool/batik/solo1__24dcb9ff498b__rot180_0047.jpg,24dcb9ff498b,24dcb9ff498b,dataset_batik/batik/batik solo/solo1.png,batik,1,batik solo,cv_pool,True,rot180,334.1759262084961,1491.0,6.967544359354486,0.3987307978407164,6.726430496951297,48.29273347819948
dataset_aug/cv_pool/batik/0014__2a17bd6593bc__orig_0047.jpg,2a17bd6593bc,2a17bd6593bc,dataset_batik/batik/SumateraBarat_Rumah_Minang/0014.jpg,batik,1,SumateraBarat_Rumah_Minang,cv_pool,False,original,134.36187744140625,860.0,6.6370735501037865,0.48075897574025744,6.695917449084156,18.76993984779059
dataset_aug/cv_pool/batik/0014__2a17bd6593bc__flip_h_0059.jpg,2a17bd6593bc,2a17bd6593bc,dataset_batik/batik/SumateraBarat_Rumah_Minang/0014.jpg,batik,1,SumateraBarat_Rumah_Minang,cv_pool,True,flip_h,136.31661987304688,852.0,6.620208263403428,0.4823830527246702,6.69925554817517,18.796147919409464
dataset_aug/cv_pool/batik/005__2a2a23410a51__orig_0095.jpg,2a2a23410a51,2a2a23410a51,dataset_batik/batik/Yogyakarta_Kawung/005.jpg,batik,1,Yogyakarta_Kawung,cv_pool,False,original,14.969879150390625,678.0,5.69438795030828,0.6542066320910015,6.202598659488917,133.35641191180173
dataset_aug/cv_pool/batik/005__2a2a23410a51__flip_h_0104.jpg,2a2a23410a51,2a2a23410a51,dataset_batik/batik/Yogyakarta_Kawung/005.jpg,batik,1,Yogyakarta_Kawung,cv_pool,True,flip_h,14.66986083984375,678.0,5.697143021142226,0.6534158794450662,6.211888782632551,133.22595341127843
dataset_aug/cv_pool/batik/003__318560941f39__orig_0084.jpg,318560941f39,318560941f39,dataset_batik/batik/Yogyakarta_Kawung/003.jpg,batik,1,Yogyakarta_Kawung,cv_pool,False,original,31.784133911132812,1129.0,6.050640383862473,0.5867372728674536,6.310762653713029,117.39669675484866
dataset_aug/cv_pool/batik/003__318560941f39__contrast1p14_0135.jpg,318560941f39,318560941f39,dataset_batik/batik/Yogyakarta_Kawung/003.jpg,batik,1,Yogyakarta_Kawung,cv_pool,True,contrast1p14,36.03609085083008,1105.0,5.9908892955113995,0.5911627701519608,6.309799810292781,119.37242716817639
dataset_aug/cv_pool/batik/008__32d72ffa72f3__orig_0067.jpg,32d72ffa72f3,32d72ffa72f3,dataset_batik/batik/SumateraBarat_Rumah_Minang/008.jpg,batik,1,SumateraBarat_Rumah_Minang,cv_pool,False,original,132.9507179260254,1191.0,6.9761946202052645,0.4501246306939979,6.54213330072351,23.74054646629173
dataset_aug/cv_pool/batik/008__32d72ffa72f3__brightness1p10_0026.jpg,32d72ffa72f3,32d72ffa72f3,dataset_batik/batik/SumateraBarat_Rumah_Minang/008.jpg,batik,1,SumateraBarat_Rumah_Minang,cv_pool,True,brightness1p10,126.62869262695312,1164.0,6.914800734316179,0.45519244794768476,6.540867090707387,23.890092417943418
dataset_aug/cv_pool/batik/008__32d72ffa72f3__rot90_0163.jpg,32d72ffa72f3,32d72ffa72f3,dataset_batik/batik/SumateraBarat_Rumah_Minang/008.jpg,batik,1,SumateraBarat_Rumah_Minang,cv_pool,True,rot90,140.97958374023438,1242.0,6.976591082621221,0.44965928270766203,6.547408487968505,23.76014656426665
dataset_aug/cv_pool/batik/0011__32d738243497__orig_0008.jpg,32d738243497,32d738243497,dataset_batik/batik/Solo_Parang/0011.jpg,batik,1,Solo_Parang,cv_pool,False,original,118.45415878295898,943.0,6.675923153687892,0.5168654917855993,6.476390576772475,73.84379555981664
dataset_aug/cv_pool/batik/0011__32d738243497__contrast1p07_0045.jpg,32d738243497,32d738243497,dataset_batik/batik/Solo_Parang/0011.jpg,batik,1,Solo_Parang,cv_pool,True,contrast1p07,126.6141128540039,1011.0,6.672778760844232,0.5152875877488792,6.478261107271178,75.73306787682108
dataset_aug/cv_pool/batik/006__339148643a6c__orig_0042.jpg,339148643a6c,339148643a6c,dataset_batik/batik/SulawesiSelatan_Lontara/006.jpg,batik,1,SulawesiSelatan_Lontara,cv_pool,False,original,52.01661682128906,1121.0,6.366874109543331,0.45348768663982,6.676220574430548,55.66618305144322
dataset_aug/cv_pool/batik/006__339148643a6c__contrast1p14_0018.jpg,339148643a6c,339148643a6c,dataset_batik/batik/SulawesiSelatan_Lontara/006.jpg,batik,1,SulawesiSelatan_Lontara,cv_pool,True,contrast1p14,99.43513870239258,1455.0,6.535469313764303,0.4352237278551708,6.684714132126203,55.157538718782504
dataset_aug/cv_pool/batik/006__339148643a6c__rot180_0155.jpg,339148643a6c,339148643a6c,dataset_batik/batik/SulawesiSelatan_Lontara/006.jpg,batik,1,SulawesiSelatan_Lontara,cv_pool,True,rot180,55.12956619262695,1119.0,6.363777925504338,0.4533179378281408,6.675157656227956,55.548731603184656
dataset_aug/cv_pool/batik/0027__35db741433f7__orig_0059.jpg,35db741433f7,35db741433f7,dataset_batik/batik/SumateraBarat_Rumah_Minang/0027.jpg,batik,1,SumateraBarat_Rumah_Minang,cv_pool,False,original,66.9407844543457,735.0,6.246632489986478,0.4952536217189409,6.408911574924398,26.507530405927326
dataset_aug/cv_pool/batik/0027__35db741433f7__rot270_0030.jpg,35db741433f7,35db741433f7,dataset_batik/batik/SumateraBarat_Rumah_Minang/0027.jpg,batik,1,SumateraBarat_Rumah_Minang,cv_pool,True,rot270,67.24707794189453,743.0,6.245747937140921,0.4955402761415792,6.404021901473728,26.484466648398094
dataset_aug/cv_pool/batik/0038__37dc41276bd9__orig_0029.jpg,37dc41276bd9,37dc41276bd9,dataset_batik/batik/Solo_Parang/0038.jpg,batik,1,Solo_Parang,cv_pool,False,original,78.67816162109375,808.0,6.77761185242653,0.4708851402978534,6.38324211741466,67.18798718781157
dataset_aug/cv_pool/batik/0038__37dc41276bd9__brightness0p96_0152.jpg,37dc41276bd9,37dc41276bd9,dataset_batik/batik/Solo_Parang/0038.jpg,batik,1,Solo_Parang,cv_pool,True,brightness0p96,63.41140365600586,699.0,6.74819063801422,0.47686405059908077,6.376857943773488,67.52936550720658
dataset_aug/cv_pool/batik/0038__37dc41276bd9__flip_v_0015.jpg,37dc41276bd9,37dc41276bd9,dataset_batik/batik/Solo_Parang/0038.jpg,batik,1,Solo_Parang,cv_pool,True,flip_v,80.0728530883789,814.0,6.779925159483676,0.47039069278753665,6.38406417984191,67.24878359069122
dataset_aug/cv_pool/batik/0038__3c68bb5f2327__orig_0115.jpg,3c68bb5f2327,3c68bb5f2327,dataset_batik/batik/Yogyakarta_Parang/0038.jpg,batik,1,Yogyakarta_Parang,cv_pool,False,original,36.994422912597656,877.0,6.276523517907348,0.5480683056023327,6.311910547707959,144.5767624076077
dataset_aug/cv_pool/batik/0038__3c68bb5f2327__rot270_0120.jpg,3c68bb5f2327,3c68bb5f2327,dataset_batik/batik/Yogyakarta_Parang/0038.jpg,batik,1,Yogyakarta_Parang,cv_pool,True,rot270,38.62773895263672,895.0,6.280603974083762,0.5470095908962507,6.3140823988790755,144.5246505333247
dataset_aug/cv_pool/batik/0032__3db0cabb6a47__orig_0024.jpg,3db0cabb6a47,grp_3db0cabb6a47,dataset_batik/batik/Solo_Parang/0032.jpg,batik,1,Solo_Parang,cv_pool,False,original,94.24220657348633,829.0,6.694536171285151,0.4822378710482236,6.094256052259755,111.35752034315664
dataset_aug/cv_pool/batik/0032__3db0cabb6a47__flip_h_0122.jpg,3db0cabb6a47,grp_3db0cabb6a47,dataset_batik/batik/Solo_Parang/0032.jpg,batik,1,Solo_Parang,cv_pool,True,flip_h,97.08008575439453,847.0,6.7049268013040955,0.48163562517608904,6.100121544345971,110.77555121302993
dataset_aug/cv_pool/batik/0025__418868e904b3__orig_0018.jpg,418868e904b3,418868e904b3,dataset_batik/batik/Solo_Parang/0025.jpg,batik,1,Solo_Parang,cv_pool,False,original,85.88479614257812,792.0,6.583537202899956,0.5262675656091683,6.468477413220306,62.02944682765902
dataset_aug/cv_pool/batik/0025__418868e904b3__rot90_0136.jpg,418868e904b3,418868e904b3,dataset_batik/batik/Solo_Parang/0025.jpg,batik,1,Solo_Parang,cv_pool,True,rot90,84.2119140625,776.0,6.5825365428610825,0.5255921768573231,6.472058586575641,62.585472653920625
dataset_aug/cv_pool/batik/0012__4296840cb96e__orig_0045.jpg,4296840cb96e,4296840cb96e,dataset_batik/batik/SumateraBarat_Rumah_Minang/0012.jpg,batik,1,SumateraBarat_Rumah_Minang,cv_pool,False,original,249.7566261291504,1167.0,7.3226251488630965,0.3903409934601181,6.722442789562684,34.58663934841886
dataset_aug/cv_pool/batik/0012__4296840cb96e__rot270_0084.jpg,4296840cb96e,4296840cb96e,dataset_batik/batik/SumateraBarat_Rumah_Minang/0012.jpg,batik,1,SumateraBarat_Rumah_Minang,cv_pool,True,rot270,244.42403411865234,1143.0,7.326426055949048,0.3895062792937742,6.726268796372038,34.2869302798095
dataset_aug/cv_pool/batik/007__4378ec5c01d7__orig_0066.jpg,4378ec5c01d7,4378ec5c01d7,dataset_batik/batik/SumateraBarat_Rumah_Minang/007.jpg,batik,1,SumateraBarat_Rumah_Minang,cv_pool,False,original,34.827880859375,554.0,6.347655094965495,0.5133931682071415,6.298573371674049,33.63253740077933
dataset_aug/cv_pool/batik/007__4378ec5c01d7__rot-12p9_0139.jpg,4378ec5c01d7,4378ec5c01d7,dataset_batik/batik/SumateraBarat_Rumah_Minang/007.jpg,batik,1,SumateraBarat_Rumah_Minang,cv_pool,True,rot-12p9,38.2418212890625,523.0,6.273292111332083,0.52620683383571,6.21729175879158,35.817559787097
dataset_aug/cv_pool/batik/007__4378ec5c01d7__rot180_0002.jpg,4378ec5c01d7,4378ec5c01d7,dataset_batik/batik/SumateraBarat_Rumah_Minang/007.jpg,batik,1,SumateraBarat_Rumah_Minang,cv_pool,True,rot180,33.721160888671875,540.0,6.358773598487961,0.511950357894881,6.302671987016038,33.39226302508239
dataset_aug/cv_pool/batik/0039__46224a6951cd__orig_0092.jpg,46224a6951cd,46224a6951cd,dataset_batik/batik/Yogyakarta_Kawung/0039.jpg,batik,1,Yogyakarta_Kawung,cv_pool,False,original,37.44140625,512.0,6.355250879849191,0.5264076559118427,6.383217757187907,46.394586016164794
dataset_aug/cv_pool/batik/0039__46224a6951cd__rot+13p5_0067.jpg,46224a6951cd,46224a6951cd,dataset_batik/batik/Yogyakarta_Kawung/0039.jpg,batik,1,Yogyakarta_Kawung,cv_pool,True,rot+13p5,36.156063079833984,561.0,6.290591475155022,0.5400258489258118,6.3026722999288864,52.83087863183206
dataset_aug/cv_pool/batik/0010__4685b3b6f662__orig_0069.jpg,4685b3b6f662,grp_4685b3b6f662,dataset_batik/batik/Yogyakarta_Kawung/0010.jpg,batik,1,Yogyakarta_Kawung,cv_pool,False,original,52.05940628051758,991.0,5.948991144506764,0.5273755567558327,6.620256457080574,271.20505904600685
dataset_aug/cv_pool/batik/0010__4685b3b6f662__zoom02_0034.jpg,4685b3b6f662,grp_4685b3b6f662,dataset_batik/batik/Yogyakarta_Kawung/0010.jpg,batik,1,Yogyakarta_Kawung,cv_pool,True,zoom02,12.557464599609375,456.0,5.70624869047451,0.5597287671469444,6.476141108742127,315.77078966325007
dataset_aug/cv_pool/batik/0011__482d00c6689f__orig_0044.jpg,482d00c6689f,482d00c6689f,dataset_batik/batik/SumateraBarat_Rumah_Minang/0011.jpg,batik,1,SumateraBarat_Rumah_Minang,cv_pool,False,original,67.26874160766602,767.0,6.215274351303714,0.49956655563819236,6.382393456442106,27.55561955886729
dataset_aug/cv_pool/batik/0011__482d00c6689f__rot270_0111.jpg,482d00c6689f,482d00c6689f,dataset_batik/batik/SumateraBarat_Rumah_Minang/0011.jpg,batik,1,SumateraBarat_Rumah_Minang,cv_pool,True,rot270,69.49853134155273,797.0,6.219845493843313,0.4991617673696475,6.384489383747937,27.455867690667905
dataset_aug/cv_pool/batik/38__4887f2b0b9db__orig_0004.jpg,4887f2b0b9db,4887f2b0b9db,dataset_batik/batik/Batik Sekar Jagad/38.jpg,batik,1,Batik Sekar Jagad,cv_pool,False,original,293.0018081665039,1474.0,7.413206549661114,0.35619091183699936,6.67783445995817,19.042851493946237
dataset_aug/cv_pool/batik/38__4887f2b0b9db__rot90_0028.jpg,4887f2b0b9db,4887f2b0b9db,dataset_batik/batik/Batik Sekar Jagad/38.jpg,batik,1,Batik Sekar Jagad,cv_pool,True,rot90,314.66150283813477,1495.0,7.413569932862234,0.3561001183563064,6.675507842949232,18.991266849716254
dataset_aug/cv_pool/batik/0017__494cc5d151c0__orig_0049.jpg,494cc5d151c0,494cc5d151c0,dataset_batik/batik/SumateraBarat_Rumah_Minang/0017.jpg,batik,1,SumateraBarat_Rumah_Minang,cv_pool,False,original,27.765106201171875,692.0,5.9699006052058206,0.6252291792703075,6.344178942227933,45.18125694347438
dataset_aug/cv_pool/batik/0017__494cc5d151c0__flip_v_0060.jpg,494cc5d151c0,494cc5d151c0,dataset_batik/batik/SumateraBarat_Rumah_Minang/0017.jpg,batik,1,SumateraBarat_Rumah_Minang,cv_pool,True,flip_v,32.15622329711914,707.0,5.9699158031213795,0.625527104408799,6.340502871400558,44.92505057203631
dataset_aug/cv_pool/batik/0025__49e6fc0351e9__orig_0058.jpg,49e6fc0351e9,49e6fc0351e9,dataset_batik/batik/SumateraBarat_Rumah_Minang/0025.jpg,batik,1,SumateraBarat_Rumah_Minang,cv_pool,False,original,95.45394515991211,957.0,6.846616389974365,0.452608442903895,6.512394407211557,31.658166510238285
dataset_aug/cv_pool/batik/0025__49e6fc0351e9__zoom06_0097.jpg,49e6fc0351e9,49e6fc0351e9,dataset_batik/batik/SumateraBarat_Rumah_Minang/0025.jpg,batik,1,SumateraBarat_Rumah_Minang,cv_pool,True,zoom06,63.120079040527344,790.0,6.659891753304209,0.4841223943563702,6.322232752589793,41.39339206183366
dataset_aug/cv_pool/batik/004__4ce26e238996__orig_0031.jpg,4ce26e238996,4ce26e238996,dataset_batik/batik/Solo_Parang/004.jpg,batik,1,Solo_Parang,cv_pool,False,original,63.208740234375,688.0,6.101510800825051,0.5588353445611328,6.266905556604573,47.63039475074244
dataset_aug/cv_pool/batik/004__4ce26e238996__contrast1p03_0144.jpg,4ce26e238996,4ce26e238996,dataset_batik/batik/Solo_Parang/004.jpg,batik,1,Solo_Parang,cv_pool,True,contrast1p03,61.5873908996582,685.0,5.921833830978486,0.5783371188867212,6.250076325729518,48.20576860543642
dataset_aug/cv_pool/batik/004__4ce26e238996__zoom06_0007.jpg,4ce26e238996,4ce26e238996,dataset_batik/batik/Solo_Parang/004.jpg,batik,1,Solo_Parang,cv_pool,True,zoom06,50.6383056640625,632.0,5.856306804165535,0.6012599052560763,6.174651275299028,67.50285656623005
dataset_aug/cv_pool/batik/1__4cf5c0621088__orig_0002.jpg,4cf5c0621088,4cf5c0621088,dataset_batik/batik/Batik Sekar Jagad/1.jpg,batik,1,Batik Sekar Jagad,cv_pool,False,original,329.4780387878418,1507.0,6.9696440420374906,0.40989794495716725,6.547917264538107,21.136414514935485
dataset_aug/cv_pool/batik/1__4cf5c0621088__rot270_0102.jpg,4cf5c0621088,4cf5c0621088,dataset_batik/batik/Batik Sekar Jagad/1.jpg,batik,1,Batik Sekar Jagad,cv_pool,True,rot270,333.8691635131836,1517.0,6.971941028588225,0.40900681284841695,6.552719431968546,21.151999947915346
dataset_aug/cv_pool/batik/0039__519b6e1dfbd9__orig_0116.jpg,519b6e1dfbd9,519b6e1dfbd9,dataset_batik/batik/Yogyakarta_Parang/0039.jpg,batik,1,Yogyakarta_Parang,cv_pool,False,original,263.98986053466797,1477.0,7.1949455187262945,0.37242837040422616,6.444824375316728,52.82063346636534
dataset_aug/cv_pool/batik/0039__519b6e1dfbd9__zoom07_0052.jpg,519b6e1dfbd9,519b6e1dfbd9,dataset_batik/batik/Yogyakarta_Parang/0039.jpg,batik,1,Yogyakarta_Parang,cv_pool,True,zoom07,180.3908462524414,1387.0,6.929171969797742,0.4163850890611848,6.158147168892412,66.80634014459397
dataset_aug/cv_pool/batik/0028__5417f1939333__orig_0108.jpg,5417f1939333,5417f1939333,dataset_batik/batik/Yogyakarta_Parang/0028.jpg,batik,1,Yogyakarta_Parang,cv_pool,False,original,51.15251541137695,549.0,6.47334288322601,0.5137051962251813,6.32275893618532,99.67472630580488
dataset_aug/cv_pool/batik/0028__5417f1939333__flip_v_0087.jpg,5417f1939333,5417f1939333,dataset_batik/batik/Yogyakarta_Parang/0028.jpg,batik,1,Yogyakarta_Parang,cv_pool,True,flip_v,51.75895690917969,563.0,6.4741305573478645,0.5124639340704039,6.326290719504255,99.56311676105634
dataset_aug/cv_pool/batik/001__54bfb8bd54ab__orig_0006.jpg,54bfb8bd54ab,54bfb8bd54ab,dataset_batik/batik/Solo_Parang/001.jpg,batik,1,Solo_Parang,cv_pool,False,original,104.92248916625977,1359.0,6.807581322978425,0.4619964105248759,5.970267405879426,88.46304842254152
dataset_aug/cv_pool/batik/001__54bfb8bd54ab__contrast0p86_0054.jpg,54bfb8bd54ab,54bfb8bd54ab,dataset_batik/batik/Solo_Parang/001.jpg,batik,1,Solo_Parang,cv_pool,True,contrast0p86,101.43660736083984,1281.0,6.776845281775466,0.46801964143170643,5.975068881162905,91.15334753004197
dataset_aug/cv_pool/batik/0037__56fa039f7fcf__orig_0063.jpg,56fa039f7fcf,56fa039f7fcf,dataset_batik/batik/SumateraBarat_Rumah_Minang/0037.jpg,batik,1,SumateraBarat_Rumah_Minang,cv_pool,False,original,128.94604110717773,949.0,6.737050363366384,0.4879824467733068,6.552647091486115,25.156031673205103
dataset_aug/cv_pool/batik/0037__56fa039f7fcf__flip_h_0149.jpg,56fa039f7fcf,56fa039f7fcf,dataset_batik/batik/SumateraBarat_Rumah_Minang/0037.jpg,batik,1,SumateraBarat_Rumah_Minang,cv_pool,True,flip_h,120.72566986083984,890.0,6.733180021227215,0.4880601047607592,6.554280454483419,25.391742719781295
dataset_aug/cv_pool/batik/0037__56fa039f7fcf__rot270_0012.jpg,56fa039f7fcf,56fa039f7fcf,dataset_batik/batik/SumateraBarat_Rumah_Minang/0037.jpg,batik,1,SumateraBarat_Rumah_Minang,cv_pool,True,rot270,128.8964080810547,945.0,6.733255602766651,0.48811487363023615,6.552779406522383,25.402374374201816
dataset_aug/cv_pool/batik/0032__5a0b830d2c1b__orig_0087.jpg,5a0b830d2c1b,5a0b830d2c1b,dataset_batik/batik/Yogyakarta_Kawung/0032.jpg,batik,1,Yogyakarta_Kawung,cv_pool,False,original,22.53567123413086,909.0,5.831762338472706,0.6190059242839219,6.2372544696713845,117.5461300918995
dataset_aug/cv_pool/batik/0032__5a0b830d2c1b__rot180_0092.jpg,5a0b830d2c1b,5a0b830d2c1b,dataset_batik/batik/Yogyakarta_Kawung/0032.jpg,batik,1,Yogyakarta_Kawung,cv_pool,True,rot180,22.087905883789062,893.0,5.832905045790327,0.6189822007949584,6.243943554430301,117.9102506623301
dataset_aug/cv_pool/batik/pekalongan1__5bfe72414caf__orig_0124.jpg,5bfe72414caf,5bfe72414caf,dataset_batik/batik/batik pekalongan/pekalongan1.jpg,batik,1,batik pekalongan,cv_pool,False,original,305.05902099609375,1773.0,7.321140707420215,0.3680652739725636,6.573518017867485,41.41694069517459
dataset_aug/cv_pool/batik/pekalongan1__5bfe72414caf__zoom10_0115.jpg,5bfe72414caf,5bfe72414caf,dataset_batik/batik/batik pekalongan/pekalongan1.jpg,batik,1,batik pekalongan,cv_pool,True,zoom10,204.6749267578125,1452.0,7.005505599780079,0.42764856940718876,6.361574897793195,57.96037022667157
dataset_aug/cv_pool/batik/0030__5dc0a5b5e0e3__orig_0039.jpg,5dc0a5b5e0e3,5dc0a5b5e0e3,dataset_batik/batik/SulawesiSelatan_Lontara/0030.jpg,batik,1,SulawesiSelatan_Lontara,cv_pool,False,original,208.9667854309082,1319.0,5.162429274894771,0.6017722666311031,6.522635502078378,54.5922462377019
dataset_aug/cv_pool/batik/0030__5dc0a5b5e0e3__zoom04_0079.jpg,5dc0a5b5e0e3,5dc0a5b5e0e3,dataset_batik/batik/SulawesiSelatan_Lontara/0030.jpg,batik,1,SulawesiSelatan_Lontara,cv_pool,True,zoom04,52.85603713989258,727.0,4.790708026692137,0.6677256406869664,6.497583775899846,56.86079354866839
dataset_aug/cv_pool/batik/0029__5f3323d49daf__orig_0083.jpg,5f3323d49daf,5f3323d49daf,dataset_batik/batik/Yogyakarta_Kawung/0029.jpg,batik,1,Yogyakarta_Kawung,cv_pool,False,original,23.110671997070312,901.0,5.878490130493169,0.614889829735366,6.315108579478426,115.20470547248263
dataset_aug/cv_pool/batik/0029__5f3323d49daf__rot270_0048.jpg,5f3323d49daf,5f3323d49daf,dataset_batik/batik/Yogyakarta_Kawung/0029.jpg,batik,1,Yogyakarta_Kawung,cv_pool,True,rot270,22.988235473632812,884.0,5.879180796357012,0.6145923625384904,6.321657640414859,114.96827206539311
dataset_aug/cv_pool/batik/0024__5fbb49767a26__orig_0057.jpg,5fbb49767a26,5fbb49767a26,dataset_batik/batik/SumateraBarat_Rumah_Minang/0024.jpg,batik,1,SumateraBarat_Rumah_Minang,cv_pool,False,original,228.1184844970703,1091.0,7.326245241816602,0.3894260676578023,6.717661860889139,33.918387634820476
dataset_aug/cv_pool/batik/0024__5fbb49767a26__rot+3p2_0031.jpg,5fbb49767a26,5fbb49767a26,dataset_batik/batik/SumateraBarat_Rumah_Minang/0024.jpg,batik,1,SumateraBarat_Rumah_Minang,cv_pool,True,rot+3p2,210.25315475463867,1143.0,7.0809405029508925,0.4312302278984607,6.569018419346657,40.32156165643421
dataset_aug/cv_pool/batik/0010__6442e19a4f03__orig_0007.jpg,6442e19a4f03,6442e19a4f03,dataset_batik/batik/Solo_Parang/0010.jpg,batik,1,Solo_Parang,cv_pool,False,original,105.16461181640625,773.0,6.15638593357844,0.5529192213673282,6.276383266287202,138.34043296261072
dataset_aug/cv_pool/batik/0010__6442e19a4f03__brightness1p06_0080.jpg,6442e19a4f03,6442e19a4f03,dataset_batik/batik/Solo_Parang/0010.jpg,batik,1,Solo_Parang,cv_pool,True,brightness1p06,110.74700164794922,803.0,6.162556692147311,0.550658846248534,6.276475904651457,137.9438636480218
dataset_aug/cv_pool/batik/0024__64c221c7e69e__orig_0106.jpg,64c221c7e69e,64c221c7e69e,dataset_batik/batik/Yogyakarta_Parang/0024.jpg,batik,1,Yogyakarta_Parang,cv_pool,False,original,43.87874221801758,771.0,6.347433721761181,0.5397727616533412,6.3330235250316536,175.84445711474902
dataset_aug/cv_pool/batik/0024__64c221c7e69e__rot90_0064.jpg,64c221c7e69e,64c221c7e69e,dataset_batik/batik/Yogyakarta_Parang/0024.jpg,batik,1,Yogyakarta_Parang,cv_pool,True,rot90,45.979713439941406,769.0,6.3510499525623665,0.5393709870703208,6.341218155290665,175.58730953817872
dataset_aug/cv_pool/batik/009__68d05da78831__orig_0034.jpg,68d05da78831,68d05da78831,dataset_batik/batik/Solo_Parang/009.jpg,batik,1,Solo_Parang,cv_pool,False,original,36.79901123046875,740.0,6.116563662316114,0.6091557286218683,6.23003222961796,132.64830032001015
dataset_aug/cv_pool/batik/009__68d05da78831__zoom06_0124.jpg,68d05da78831,68d05da78831,dataset_batik/batik/Solo_Parang/009.jpg,batik,1,Solo_Parang,cv_pool,True,zoom06,17.96786117553711,581.0,5.988524735370282,0.6342521062361006,6.039576659335322,165.51466391203914
dataset_aug/cv_pool/batik/pekalongan5__6900868add34__orig_0128.jpg,6900868add34,6900868add34,dataset_batik/batik/batik pekalongan/pekalongan5.jpg,batik,1,batik pekalongan,cv_pool,False,original,410.09239196777344,1660.0,7.453876871472065,0.34384814357460536,6.829599429526503,14.650736903023454
dataset_aug/cv_pool/batik/pekalongan5__6900868add34__rot+13p3_0049.jpg,6900868add34,6900868add34,dataset_batik/batik/batik pekalongan/pekalongan5.jpg,batik,1,batik pekalongan,cv_pool,True,rot+13p3,350.2866439819336,1719.0,7.212442588391667,0.38941849695770714,6.651926017391343,21.409675970897336
dataset_aug/cv_pool/batik/0033__6dc41f6c55a3__orig_0025.jpg,6dc41f6c55a3,6dc41f6c55a3,dataset_batik/batik/Solo_Parang/0033.jpg,batik,1,Solo_Parang,cv_pool,False,original,194.5881805419922,1628.0,6.605164617777666,0.44549587195518336,6.15129155417552,166.24823121329925
dataset_aug/cv_pool/batik/0033__6dc41f6c55a3__rot-9p5_0148.jpg,6dc41f6c55a3,6dc41f6c55a3,dataset_batik/batik/Solo_Parang/0033.jpg,batik,1,Solo_Parang,cv_pool,True,rot-9p5,192.99346923828125,1910.0,6.417448115387998,0.4780699063051377,5.917011129228991,199.3981297407254
dataset_aug/cv_pool/batik/0033__6dc41f6c55a3__rot180_0011.jpg,6dc41f6c55a3,6dc41f6c55a3,dataset_batik/batik/Solo_Parang/0033.jpg,batik,1,Solo_Parang,cv_pool,True,rot180,198.73258209228516,1674.0,6.598338338357362,0.44815918980447833,6.152584883406947,166.45075513682514
dataset_aug/cv_pool/batik/0020__6ee03ea4ad8e__orig_0014.jpg,6ee03ea4ad8e,6ee03ea4ad8e,dataset_batik/batik/Solo_Parang/0020.jpg,batik,1,Solo_Parang,cv_pool,False,original,209.75909423828125,1583.0,7.044844847050813,0.4080098237592126,6.2292566391626645,71.70867505594809
dataset_aug/cv_pool/batik/0020__6ee03ea4ad8e__flip_v_0078.jpg,6ee03ea4ad8e,6ee03ea4ad8e,dataset_batik/batik/Solo_Parang/0020.jpg,batik,1,Solo_Parang,cv_pool,True,flip_v,207.14439392089844,1588.0,7.042744355406055,0.40780228951476777,6.229347246804885,71.0967339990265
dataset_aug/cv_pool/batik/0030__71b47ddc1aef__orig_0111.jpg,71b47ddc1aef,71b47ddc1aef,dataset_batik/batik/Yogyakarta_Parang/0030.jpg,batik,1,Yogyakarta_Parang,cv_pool,False,original,50.91609191894531,798.0,6.066648874693797,0.5726456927251272,6.337919503875096,119.25086090459922
dataset_aug/cv_pool/batik/0030__71b47ddc1aef__flip_h_0077.jpg,71b47ddc1aef,71b47ddc1aef,dataset_batik/batik/Yogyakarta_Parang/0030.jpg,batik,1,Yogyakarta_Parang,cv_pool,True,flip_h,47.38549041748047,742.0,6.073758982167067,0.5718876892181932,6.339466336222575,119.54642494178078
dataset_aug/cv_pool/batik/0034__72312efd43da__orig_0040.jpg,72312efd43da,72312efd43da,dataset_batik/batik/SulawesiSelatan_Lontara/0034.jpg,batik,1,SulawesiSelatan_Lontara,cv_pool,False,original,176.16613388061523,1679.0,6.389640709498945,0.5322756853363108,6.550866904934157,117.60911721408577
dataset_aug/cv_pool/batik/0034__72312efd43da__rot270_0039.jpg,72312efd43da,72312efd43da,dataset_batik/batik/SulawesiSelatan_Lontara/0034.jpg,batik,1,SulawesiSelatan_Lontara,cv_pool,True,rot270,176.642578125,1664.0,6.394861205907917,0.5315134297750753,6.5604894206231625,117.52752113456548
dataset_aug/cv_pool/batik/0018__72cc088c4040__orig_0102.jpg,72cc088c4040,72cc088c4040,dataset_batik/batik/Yogyakarta_Parang/0018.jpg,batik,1,Yogyakarta_Parang,cv_pool,False,original,2.5863265991210938,449.0,5.8967359083135635,0.6143436361988749,6.123437937559316,114.10402152975244
dataset_aug/cv_pool/batik/0018__72cc088c4040__rot270_0156.jpg,72cc088c4040,72cc088c4040,dataset_batik/batik/Yogyakarta_Parang/0018.jpg,batik,1,Yogyakarta_Parang,cv_pool,True,rot270,2.8026580810546875,465.0,5.900685358598881,0.614194048910933,6.129717122236041,114.13360087746871
dataset_aug/cv_pool/batik/0018__72cc088c4040__rot90_0019.jpg,72cc088c4040,72cc088c4040,dataset_batik/batik/Yogyakarta_Parang/0018.jpg,batik,1,Yogyakarta_Parang,cv_pool,True,rot90,2.483154296875,448.0,5.903361987307608,0.6135246032310864,6.127300450531947,114.11166985798229
dataset_aug/cv_pool/batik/0015__73e531fe1cee__orig_0048.jpg,73e531fe1cee,73e531fe1cee,dataset_batik/batik/SumateraBarat_Rumah_Minang/0015.jpg,batik,1,SumateraBarat_Rumah_Minang,cv_pool,False,original,209.515625,1012.0,7.292521643809173,0.3830573432612934,6.656464630946184,26.825457458101262
dataset_aug/cv_pool/batik/0015__73e531fe1cee__flip_v_0123.jpg,73e531fe1cee,73e531fe1cee,dataset_batik/batik/SumateraBarat_Rumah_Minang/0015.jpg,batik,1,SumateraBarat_Rumah_Minang,cv_pool,True,flip_v,213.24285125732422,1022.0,7.294946856764096,0.38255193549468913,6.659582969984443,26.835838323120505
dataset_aug/cv_pool/batik/pekalongan2__74dfb64fde15__orig_0125.jpg,74dfb64fde15,74dfb64fde15,dataset_batik/batik/batik pekalongan/pekalongan2.jpg,batik,1,batik pekalongan,cv_pool,False,original,159.12769317626953,1185.0,6.206165353912621,0.5260863065279264,6.927342842357314,21.580247158249623
dataset_aug/cv_pool/batik/pekalongan2__74dfb64fde15__contrast1p03_0090.jpg,74dfb64fde15,74dfb64fde15,dataset_batik/batik/batik pekalongan/pekalongan2.jpg,batik,1,batik pekalongan,cv_pool,True,contrast1p03,162.04833984375,1200.0,6.201560820876113,0.5241934698334166,6.936773282014979,21.697063046694417
dataset_aug/cv_pool/batik/0025__7556e7595482__orig_0107.jpg,7556e7595482,7556e7595482,dataset_batik/batik/Yogyakarta_Parang/0025.jpg,batik,1,Yogyakarta_Parang,cv_pool,False,original,78.703857421875,952.0,6.746314401191469,0.4507874493387515,6.325022075041616,116.65245023538691
dataset_aug/cv_pool/batik/0025__7556e7595482__rot180_0056.jpg,7556e7595482,7556e7595482,dataset_batik/batik/Yogyakarta_Parang/0025.jpg,batik,1,Yogyakarta_Parang,cv_pool,True,rot180,79.50013732910156,966.0,6.740208844248819,0.4521900876354322,6.328032234883694,116.3741919376569
dataset_aug/cv_pool/batik/0031__798dd241fbb7__orig_0023.jpg,798dd241fbb7,798dd241fbb7,dataset_batik/batik/Solo_Parang/0031.jpg,batik,1,Solo_Parang,cv_pool,False,original,129.18658065795898,1097.0,6.507142523316957,0.5063967605384043,6.356279635951118,101.93604178885865
dataset_aug/cv_pool/batik/0031__798dd241fbb7__contrast0p89_0126.jpg,798dd241fbb7,798dd241fbb7,dataset_batik/batik/Solo_Parang/0031.jpg,batik,1,Solo_Parang,cv_pool,True,contrast0p89,117.49332046508789,999.0,6.363240139602535,0.5241111331543495,6.3562721178555215,104.04078270109531
dataset_aug/cv_pool/batik/0022__7a6a08371391__orig_0078.jpg,7a6a08371391,7a6a08371391,dataset_batik/batik/Yogyakarta_Kawung/0022.jpg,batik,1,Yogyakarta_Kawung,cv_pool,False,original,33.201026916503906,405.0,6.590873282716226,0.45799609241210837,6.704780891864051,336.1629846455089
dataset_aug/cv_pool/batik/0022__7a6a08371391__brightness0p97_0053.jpg,7a6a08371391,7a6a08371391,dataset_batik/batik/Yogyakarta_Kawung/0022.jpg,batik,1,Yogyakarta_Kawung,cv_pool,True,brightness0p97,31.83721923828125,382.0,6.585491248103747,0.46838147194386653,6.677171232824332,337.53700444519137
dataset_aug/cv_pool/batik/0019__7a71ef3f3ade__orig_0103.jpg,7a71ef3f3ade,7a71ef3f3ade,dataset_batik/batik/Yogyakarta_Parang/0019.jpg,batik,1,Yogyakarta_Parang,cv_pool,False,original,41.56615447998047,786.0,6.417123139949963,0.5005271757656836,6.011782026357937,192.6591379325762
dataset_aug/cv_pool/batik/0019__7a71ef3f3ade__rot180_0101.jpg,7a71ef3f3ade,7a71ef3f3ade,dataset_batik/batik/Yogyakarta_Parang/0019.jpg,batik,1,Yogyakarta_Parang,cv_pool,True,rot180,39.45526885986328,774.0,6.416979965994672,0.5013234912789123,6.008246250631811,193.0435608579405
dataset_aug/cv_pool/batik/0029__7bdd4895a8f4__orig_0109.jpg,7bdd4895a8f4,7bdd4895a8f4,dataset_batik/batik/Yogyakarta_Parang/0029.jpg,batik,1,Yogyakarta_Parang,cv_pool,False,original,271.679931640625,1304.0,7.079301593300151,0.4114997484223475,6.6377693695073665,50.20603892410559
dataset_aug/cv_pool/batik/0029__7bdd4895a8f4__rot180_0119.jpg,7bdd4895a8f4,7bdd4895a8f4,dataset_batik/batik/Yogyakarta_Parang/0029.jpg,batik,1,Yogyakarta_Parang,cv_pool,True,rot180,273.8257141113281,1317.0,7.07862058117137,0.4116223090093171,6.637030096639259,50.44211115158263
dataset_aug/cv_pool/batik/0019__7cb908544ba8__orig_0074.jpg,7cb908544ba8,7cb908544ba8,dataset_batik/batik/Yogyakarta_Kawung/0019.jpg,batik,1,Yogyakarta_Kawung,cv_pool,False,original,55.7391357421875,480.0,6.861689251680772,0.5014453930975499,6.53748961323617,64.94843708341605
dataset_aug/cv_pool/batik/0019__7cb908544ba8__rot180_0128.jpg,7cb908544ba8,7cb908544ba8,dataset_batik/batik/Yogyakarta_Kawung/0019.jpg,batik,1,Yogyakarta_Kawung,cv_pool,True,rot180,56.31256103515625,484.0,6.861806920342232,0.5009066230638379,6.538543301554306,64.68555433482729
dataset_aug/cv_pool/batik/0029__7df4d5dd4fc0__orig_0021.jpg,7df4d5dd4fc0,7df4d5dd4fc0,dataset_batik/batik/Solo_Parang/0029.jpg,batik,1,Solo_Parang,cv_pool,False,original,29.625892639160156,545.0,6.092522898392868,0.5153676950397984,6.190175768039669,149.28866943981754
dataset_aug/cv_pool/batik/0029__7df4d5dd4fc0__rot180_0029.jpg,7df4d5dd4fc0,7df4d5dd4fc0,dataset_batik/batik/Solo_Parang/0029.jpg,batik,1,Solo_Parang,cv_pool,True,rot180,31.204010009765625,569.0,6.094184719018926,0.5145987329517162,6.19327707932074,149.25236522372393
dataset_aug/cv_pool/batik/0013__7fbd1b9fbaf8__orig_0035.jpg,7fbd1b9fbaf8,7fbd1b9fbaf8,dataset_batik/batik/SulawesiSelatan_Lontara/0013.jpg,batik,1,SulawesiSelatan_Lontara,cv_pool,False,original,45.006919860839844,698.0,6.805654076009814,0.532973068970663,6.688065027447559,60.42822379165772
dataset_aug/cv_pool/batik/0013__7fbd1b9fbaf8__brightness1p06_0089.jpg,7fbd1b9fbaf8,7fbd1b9fbaf8,dataset_batik/batik/SulawesiSelatan_Lontara/0013.jpg,batik,1,SulawesiSelatan_Lontara,cv_pool,True,brightness1p06,44.34249496459961,689.0,6.7864092722976945,0.5329946759976679,6.689688277691509,60.329453450708186
dataset_aug/cv_pool/batik/0036__8044eaaa01ee__orig_0041.jpg,8044eaaa01ee,8044eaaa01ee,dataset_batik/batik/SulawesiSelatan_Lontara/0036.jpg,batik,1,SulawesiSelatan_Lontara,cv_pool,False,original,6.568462371826172,267.0,5.168097947267494,0.7123824130355711,6.426129724508586,42.05653746995773
dataset_aug/cv_pool/batik/0036__8044eaaa01ee__contrast1p08_0099.jpg,8044eaaa01ee,8044eaaa01ee,dataset_batik/batik/SulawesiSelatan_Lontara/0036.jpg,batik,1,SulawesiSelatan_Lontara,cv_pool,True,contrast1p08,8.751869201660156,322.0,5.289549201511594,0.7032178843363464,6.431211392959644,42.27470543720695
dataset_aug/cv_pool/batik/0030__821b217c3490__orig_0085.jpg,821b217c3490,grp_4685b3b6f662,dataset_batik/batik/Yogyakarta_Kawung/0030.jpg,batik,1,Yogyakarta_Kawung,cv_pool,False,original,45.27656173706055,937.0,5.934690587827411,0.532846746873156,6.583924759621167,271.6734211030612
dataset_aug/cv_pool/batik/0030__821b217c3490__rot180_0038.jpg,821b217c3490,grp_4685b3b6f662,dataset_batik/batik/Yogyakarta_Kawung/0030.jpg,batik,1,Yogyakarta_Kawung,cv_pool,True,rot180,45.5416374206543,941.0,5.937852748477919,0.5323164201339368,6.581580839558596,271.1926918676387
dataset_aug/cv_pool/batik/002__8302690a77c5__orig_0052.jpg,8302690a77c5,8302690a77c5,dataset_batik/batik/SumateraBarat_Rumah_Minang/002.jpg,batik,1,SumateraBarat_Rumah_Minang,cv_pool,False,original,58.92572021484375,548.0,6.598434464571058,0.47943415289370517,6.410219452270969,25.033256461886072
dataset_aug/cv_pool/batik/002__8302690a77c5__rot-10p9_0130.jpg,8302690a77c5,8302690a77c5,dataset_batik/batik/SumateraBarat_Rumah_Minang/002.jpg,batik,1,SumateraBarat_Rumah_Minang,cv_pool,True,rot-10p9,57.60784149169922,555.0,6.517853083904459,0.49459040090607026,6.3214551815404985,27.656663470944746
dataset_aug/cv_pool/batik/005__861b084216ea__orig_0065.jpg,861b084216ea,861b084216ea,dataset_batik/batik/SumateraBarat_Rumah_Minang/005.jpg,batik,1,SumateraBarat_Rumah_Minang,cv_pool,False,original,118.8431167602539,1146.0,6.9579376821384535,0.43920655141541864,6.316476523588266,24.138485853086912
dataset_aug/cv_pool/batik/005__861b084216ea__rot90_0127.jpg,861b084216ea,861b084216ea,dataset_batik/batik/SumateraBarat_Rumah_Minang/005.jpg,batik,1,SumateraBarat_Rumah_Minang,cv_pool,True,rot90,124.85587692260742,1173.0,6.957214115934293,0.43951059954704713,6.318208516669455,24.119161880035893
dataset_aug/cv_pool/batik/0018__8be73861e239__orig_0050.jpg,8be73861e239,8be73861e239,dataset_batik/batik/SumateraBarat_Rumah_Minang/0018.jpg,batik,1,SumateraBarat_Rumah_Minang,cv_pool,False,original,137.17596435546875,874.0,6.8199627216023515,0.4594105772796132,6.626020392326055,17.49502453159418
dataset_aug/cv_pool/batik/0018__8be73861e239__rot90_0073.jpg,8be73861e239,8be73861e239,dataset_batik/batik/SumateraBarat_Rumah_Minang/0018.jpg,batik,1,SumateraBarat_Rumah_Minang,cv_pool,True,rot90,133.13778686523438,854.0,6.820583456263394,0.45920823934003474,6.623756933108059,17.531013087203192
dataset_aug/cv_pool/batik/0013__8bf4cb106e92__orig_0046.jpg,8bf4cb106e92,8bf4cb106e92,dataset_batik/batik/SumateraBarat_Rumah_Minang/0013.jpg,batik,1,SumateraBarat_Rumah_Minang,cv_pool,False,original,52.30706787109375,461.0,6.471888514371155,0.529667774712908,6.448216060936716,27.197556633249782
dataset_aug/cv_pool/batik/0013__8bf4cb106e92__rot+13p8_0157.jpg,8bf4cb106e92,8bf4cb106e92,dataset_batik/batik/SumateraBarat_Rumah_Minang/0013.jpg,batik,1,SumateraBarat_Rumah_Minang,cv_pool,True,rot+13p8,59.036865234375,560.0,6.473929940517248,0.5330873306591355,6.449102254941063,33.81298258700221
dataset_aug/cv_pool/batik/0013__8bf4cb106e92__rot180_0020.jpg,8bf4cb106e92,8bf4cb106e92,dataset_batik/batik/SumateraBarat_Rumah_Minang/0013.jpg,batik,1,SumateraBarat_Rumah_Minang,cv_pool,True,rot180,64.33788681030273,563.0,6.475012251580865,0.5296004530691828,6.448744019314605,27.191766101652725
dataset_aug/cv_pool/batik/009__8c566ec9c05a__orig_0068.jpg,8c566ec9c05a,8c566ec9c05a,dataset_batik/batik/SumateraBarat_Rumah_Minang/009.jpg,batik,1,SumateraBarat_Rumah_Minang,cv_pool,False,original,48.11073303222656,660.0,6.042263241453433,0.6124942648303753,6.149325853031476,45.73227869163844
dataset_aug/cv_pool/batik/009__8c566ec9c05a__zoom09_0061.jpg,8c566ec9c05a,8c566ec9c05a,dataset_batik/batik/SumateraBarat_Rumah_Minang/009.jpg,batik,1,SumateraBarat_Rumah_Minang,cv_pool,True,zoom09,30.118385314941406,541.0,5.8146205883135575,0.6483767449210828,5.948377750431947,61.31270173563824
dataset_aug/cv_pool/batik/0026__8cd33e274e4d__orig_0081.jpg,8cd33e274e4d,8cd33e274e4d,dataset_batik/batik/Yogyakarta_Kawung/0026.jpg,batik,1,Yogyakarta_Kawung,cv_pool,False,original,190.67658233642578,2133.0,6.943338213207895,0.42511005585448347,6.519742962980865,151.38844420566443
dataset_aug/cv_pool/batik/0026__8cd33e274e4d__rot-7p4_0103.jpg,8cd33e274e4d,8cd33e274e4d,dataset_batik/batik/Yogyakarta_Kawung/0026.jpg,batik,1,Yogyakarta_Kawung,cv_pool,True,rot-7p4,135.89031219482422,1915.0,6.825994496037401,0.4480573433978295,6.317809714798747,174.21579518971186
dataset_aug/cv_pool/batik/006__8e278f004798__orig_0096.jpg,8e278f004798,8e278f004798,dataset_batik/batik/Yogyakarta_Kawung/006.jpg,batik,1,Yogyakarta_Kawung,cv_pool,False,original,79.9097900390625,1328.0,6.6451575037259785,0.4690602475725114,6.565661620515496,134.03373584893436
dataset_aug/cv_pool/batik/006__8e278f004798__rot+2p0_0085.jpg,8e278f004798,8e278f004798,dataset_batik/batik/Yogyakarta_Kawung/006.jpg,batik,1,Yogyakarta_Kawung,cv_pool,True,rot+2p0,43.31297302246094,1004.0,6.511903208566943,0.49812954955715594,6.328944660044344,178.8580844568448
dataset_aug/cv_pool/batik/0040__8eabcd2abffa__orig_0032.jpg,8eabcd2abffa,grp_3db0cabb6a47,dataset_batik/batik/Solo_Parang/0040.jpg,batik,1,Solo_Parang,cv_pool,False,original,100.30635833740234,845.0,6.682564751524893,0.48249390659375274,6.105292926599784,109.51184942167059
dataset_aug/cv_pool/batik/0040__8eabcd2abffa__brightness1p10_0017.jpg,8eabcd2abffa,grp_3db0cabb6a47,dataset_batik/batik/Solo_Parang/0040.jpg,batik,1,Solo_Parang,cv_pool,True,brightness1p10,100.2524642944336,851.0,6.653891376902744,0.48418150984600467,6.108024520139405,109.26391407062907
dataset_aug/cv_pool/batik/0040__8eabcd2abffa__rot90_0154.jpg,8eabcd2abffa,grp_3db0cabb6a47,dataset_batik/batik/Solo_Parang/0040.jpg,batik,1,Solo_Parang,cv_pool,True,rot90,98.27151489257812,826.0,6.689169336250734,0.48156041114944703,6.10973799560503,109.25470314556283
dataset_aug/cv_pool/batik/0038__94870fc592ab__orig_0064.jpg,94870fc592ab,94870fc592ab,dataset_batik/batik/SumateraBarat_Rumah_Minang/0038.jpg,batik,1,SumateraBarat_Rumah_Minang,cv_pool,False,original,105.37335968017578,838.0,6.8222200100443295,0.43655796790348644,6.32161042894106,32.475083469811324
dataset_aug/cv_pool/batik/0038__94870fc592ab__rot90_0082.jpg,94870fc592ab,94870fc592ab,dataset_batik/batik/SumateraBarat_Rumah_Minang/0038.jpg,batik,1,SumateraBarat_Rumah_Minang,cv_pool,True,rot90,106.38943099975586,857.0,6.826519922434439,0.4354193144824339,6.3239305081317365,32.476130352685374
dataset_aug/cv_pool/batik/0019__95f29eea7980__orig_0051.jpg,95f29eea7980,95f29eea7980,dataset_batik/batik/SumateraBarat_Rumah_Minang/0019.jpg,batik,1,SumateraBarat_Rumah_Minang,cv_pool,False,original,276.8928527832031,1400.0,7.096116751039852,0.37508365993581516,6.725522555138262,34.02936374742779
dataset_aug/cv_pool/batik/0019__95f29eea7980__contrast1p13_0027.jpg,95f29eea7980,95f29eea7980,dataset_batik/batik/SumateraBarat_Rumah_Minang/0019.jpg,batik,1,SumateraBarat_Rumah_Minang,cv_pool,True,contrast1p13,271.23841094970703,1358.0,6.993500326184363,0.3802136673106813,6.741133200148686,34.05500561332562
dataset_aug/cv_pool/batik/0024__9650ae0e9e81__orig_0017.jpg,9650ae0e9e81,9650ae0e9e81,dataset_batik/batik/Solo_Parang/0024.jpg,batik,1,Solo_Parang,cv_pool,False,original,252.5787811279297,1367.0,7.28827257715912,0.3718486001680053,6.558152626857377,95.17414842039935
dataset_aug/cv_pool/batik/0024__9650ae0e9e81__rot90_0055.jpg,9650ae0e9e81,9650ae0e9e81,dataset_batik/batik/Solo_Parang/0024.jpg,batik,1,Solo_Parang,cv_pool,True,rot90,254.27893447875977,1361.0,7.288752275239284,0.3714782521586296,6.564131153372575,94.99859992187301
dataset_aug/cv_pool/batik/004__9710a61c2b42__orig_0117.jpg,9710a61c2b42,9710a61c2b42,dataset_batik/batik/Yogyakarta_Parang/004.jpg,batik,1,Yogyakarta_Parang,cv_pool,False,original,28.3851318359375,496.0,6.743595702545521,0.4504032036827347,5.975268245243448,219.22664206381154
dataset_aug/cv_pool/batik/004__9710a61c2b42__flip_h_0068.jpg,9710a61c2b42,9710a61c2b42,dataset_batik/batik/Yogyakarta_Parang/004.jpg,batik,1,Yogyakarta_Parang,cv_pool,True,flip_h,29.860015869140625,501.0,6.7433513566322105,0.4502365424209963,5.980653237036311,218.9671357631782
dataset_aug/cv_pool/batik/0033__973f90f1c799__orig_0088.jpg,973f90f1c799,973f90f1c799,dataset_batik/batik/Yogyakarta_Kawung/0033.jpg,batik,1,Yogyakarta_Kawung,cv_pool,False,original,44.96293258666992,717.0,5.8483654050723795,0.6664941086561944,6.254158685141916,154.9541443639965
dataset_aug/cv_pool/batik/0033__973f90f1c799__brightness1p10_0107.jpg,973f90f1c799,973f90f1c799,dataset_batik/batik/Yogyakarta_Kawung/0033.jpg,batik,1,Yogyakarta_Kawung,cv_pool,True,brightness1p10,44.16539764404297,706.0,5.8225138275912585,0.6714361061243942,6.251472373108552,153.43622359163578
dataset_aug/cv_pool/batik/002__975d095d1710__orig_0075.jpg,975d095d1710,975d095d1710,dataset_batik/batik/Yogyakarta_Kawung/002.jpg,batik,1,Yogyakarta_Kawung,cv_pool,False,original,155.6509017944336,1418.0,6.899483852039953,0.4871355046047108,6.50566863468316,93.17145683864882
dataset_aug/cv_pool/batik/002__975d095d1710__rot270_0138.jpg,975d095d1710,975d095d1710,dataset_batik/batik/Yogyakarta_Kawung/002.jpg,batik,1,Yogyakarta_Kawung,cv_pool,True,rot270,156.48488235473633,1439.0,6.900046594648107,0.48635951410925105,6.51086259917753,93.02630310237252
dataset_aug/cv_pool/batik/002__975d095d1710__rot90_0001.jpg,975d095d1710,975d095d1710,dataset_batik/batik/Yogyakarta_Kawung/002.jpg,batik,1,Yogyakarta_Kawung,cv_pool,True,rot90,156.46630096435547,1434.0,6.898712890719317,0.48679169180248505,6.512170985273406,93.11063252477017
dataset_aug/cv_pool/batik/0036__9c55efc8bc01__orig_0090.jpg,9c55efc8bc01,9c55efc8bc01,dataset_batik/batik/Yogyakarta_Kawung/0036.jpg,batik,1,Yogyakarta_Kawung,cv_pool,False,original,36.31916046142578,1150.0,5.9693302454938735,0.5948862049632844,6.316630348105829,110.58134213202331
dataset_aug/cv_pool/batik/0036__9c55efc8bc01__flip_v_0159.jpg,9c55efc8bc01,9c55efc8bc01,dataset_batik/batik/Yogyakarta_Kawung/0036.jpg,batik,1,Yogyakarta_Kawung,cv_pool,True,flip_v,36.068424224853516,1149.0,5.970252535727422,0.595008143119292,6.311954446489162,110.30025795590451
dataset_aug/cv_pool/batik/0036__9c55efc8bc01__rot+3p2_0022.jpg,9c55efc8bc01,9c55efc8bc01,dataset_batik/batik/Yogyakarta_Kawung/0036.jpg,batik,1,Yogyakarta_Kawung,cv_pool,True,rot+3p2,24.1279296875,992.0,5.884869817945894,0.6120105726267556,6.131493502010287,139.13356003149022
dataset_aug/cv_pool/batik/0010__9c71e54f91f9__orig_0098.jpg,9c71e54f91f9,9c71e54f91f9,dataset_batik/batik/Yogyakarta_Parang/0010.jpg,batik,1,Yogyakarta_Parang,cv_pool,False,original,26.473072052001953,289.0,5.988088161188577,0.5276361866711152,6.324350050103895,143.61342051937217
dataset_aug/cv_pool/batik/0010__9c71e54f91f9__brightness0p97_0161.jpg,9c71e54f91f9,9c71e54f91f9,dataset_batik/batik/Yogyakarta_Parang/0010.jpg,batik,1,Yogyakarta_Parang,cv_pool,True,brightness0p97,29.346473693847656,327.0,6.07748303199304,0.5230410408645406,6.304745216084128,148.77173630881177
dataset_aug/cv_pool/batik/0010__9c71e54f91f9__flip_v_0024.jpg,9c71e54f91f9,9c71e54f91f9,dataset_batik/batik/Yogyakarta_Parang/0010.jpg,batik,1,Yogyakarta_Parang,cv_pool,True,flip_v,27.579803466796875,302.0,5.988314410536215,0.5285277439641026,6.315255849820431,143.81826238921906
dataset_aug/cv_pool/batik/semarangan5__9ca0fa064166__orig_0133.jpg,9ca0fa064166,grp_1e1c6c73c84d,dataset_batik/batik/batik semarangan/semarangan5.jpg,batik,1,batik semarangan,cv_pool,False,original,218.26162338256836,1063.0,7.3666991376982764,0.3812615515219836,6.677835407610502,22.626166222385937
dataset_aug/cv_pool/batik/semarangan5__9ca0fa064166__rot90_0046.jpg,9ca0fa064166,grp_1e1c6c73c84d,dataset_batik/batik/batik semarangan/semarangan5.jpg,batik,1,batik semarangan,cv_pool,True,rot90,221.33721923828125,1076.0,7.370128902769588,0.3799919936766973,6.678719004990213,22.646199766788442
dataset_aug/cv_pool/batik/0029__9cc5012e3077__orig_0060.jpg,9cc5012e3077,9cc5012e3077,dataset_batik/batik/SumateraBarat_Rumah_Minang/0029.jpg,batik,1,SumateraBarat_Rumah_Minang,cv_pool,False,original,251.43996047973633,1249.0,7.110607003978502,0.39254691637590333,6.6394480150361375,24.171782740751432
dataset_aug/cv_pool/batik/0029__9cc5012e3077__rot-13p7_0112.jpg,9cc5012e3077,9cc5012e3077,dataset_batik/batik/SumateraBarat_Rumah_Minang/0029.jpg,batik,1,SumateraBarat_Rumah_Minang,cv_pool,True,rot-13p7,183.7344856262207,1139.0,6.8326081350259,0.43781827114331495,6.495076200107992,28.781178604234302
dataset_aug/cv_pool/batik/0028__9fb8bf36fd8b__orig_0020.jpg,9fb8bf36fd8b,grp_204cc85f05f5,dataset_batik/batik/Solo_Parang/0028.jpg,batik,1,Solo_Parang,cv_pool,False,original,114.153076171875,1262.0,6.674905628017389,0.46166536932023916,5.972752222979612,112.13534536016844
dataset_aug/cv_pool/batik/0028__9fb8bf36fd8b__rot90_0091.jpg,9fb8bf36fd8b,grp_204cc85f05f5,dataset_batik/batik/Solo_Parang/0028.jpg,batik,1,Solo_Parang,cv_pool,True,rot90,112.13525390625,1264.0,6.669969805873009,0.4620142703205159,5.97720879371304,112.13359970551568
dataset_aug/cv_pool/batik/0030__a10f0a7e53bd__orig_0022.jpg,a10f0a7e53bd,a10f0a7e53bd,dataset_batik/batik/Solo_Parang/0030.jpg,batik,1,Solo_Parang,cv_pool,False,original,99.34513092041016,1159.0,6.8098640645166935,0.4872611110945628,6.168564923136259,60.50214549724452
dataset_aug/cv_pool/batik/0030__a10f0a7e53bd__rot-2p4_0121.jpg,a10f0a7e53bd,a10f0a7e53bd,dataset_batik/batik/Solo_Parang/0030.jpg,batik,1,Solo_Parang,cv_pool,True,rot-2p4,55.2864990234375,882.0,6.683928869158839,0.5071901049201322,5.933793337941222,76.17756257615316
dataset_aug/cv_pool/batik/semarangan1__a234e5ca3e30__orig_0129.jpg,a234e5ca3e30,a234e5ca3e30,dataset_batik/batik/batik semarangan/semarangan1.jpg,batik,1,batik semarangan,cv_pool,False,original,364.33824157714844,1438.0,7.672229541866236,0.3005503857455143,6.8117709458375355,13.229459486432377
dataset_aug/cv_pool/batik/semarangan1__a234e5ca3e30__brightness0p91_0071.jpg,a234e5ca3e30,a234e5ca3e30,dataset_batik/batik/batik semarangan/semarangan1.jpg,batik,1,batik semarangan,cv_pool,True,brightness0p91,338.0213928222656,1320.0,7.640124270496735,0.3065585240447801,6.803530121458798,13.410845631874512
dataset_aug/cv_pool/batik/0034__a24266798391__orig_0113.jpg,a24266798391,a24266798391,dataset_batik/batik/Yogyakarta_Parang/0034.jpg,batik,1,Yogyakarta_Parang,cv_pool,False,original,113.7403793334961,767.0,7.074148096012015,0.4108017225535286,6.289733684283894,93.63793174498822
dataset_aug/cv_pool/batik/0034__a24266798391__rot90_0037.jpg,a24266798391,a24266798391,dataset_batik/batik/Yogyakarta_Parang/0034.jpg,batik,1,Yogyakarta_Parang,cv_pool,True,rot90,111.0391616821289,750.0,7.076840664511323,0.41134174311370075,6.28966367927551,93.63387198246322
dataset_aug/cv_pool/batik/0021__a291e5c48a49__orig_0054.jpg,a291e5c48a49,a291e5c48a49,dataset_batik/batik/SumateraBarat_Rumah_Minang/0021.jpg,batik,1,SumateraBarat_Rumah_Minang,cv_pool,False,original,79.017822265625,1021.0,6.722144462287776,0.5194223582573392,6.50524111492871,33.512443872248845
dataset_aug/cv_pool/batik/0021__a291e5c48a49__rot90_0100.jpg,a291e5c48a49,a291e5c48a49,dataset_batik/batik/SumateraBarat_Rumah_Minang/0021.jpg,batik,1,SumateraBarat_Rumah_Minang,cv_pool,True,rot90,81.39564514160156,1020.0,6.728229617218982,0.5189292649785253,6.508842038143724,33.423153587179286
dataset_aug/cv_pool/batik/0017__a3833f8e9773__orig_0101.jpg,a3833f8e9773,grp_a3833f8e9773,dataset_batik/batik/Yogyakarta_Parang/0017.jpg,batik,1,Yogyakarta_Parang,cv_pool,False,original,48.6478271484375,852.0,6.415026815919568,0.4947878181747066,5.990684586190549,199.05258480739667
dataset_aug/cv_pool/batik/0017__a3833f8e9773__contrast1p03_0117.jpg,a3833f8e9773,grp_a3833f8e9773,dataset_batik/batik/Yogyakarta_Parang/0017.jpg,batik,1,Yogyakarta_Parang,cv_pool,True,contrast1p03,49.99687576293945,863.0,6.215318908144637,0.5137308538129006,5.973360511211856,203.01633637000438
dataset_aug/cv_pool/batik/0036__a592c69656eb__orig_0027.jpg,a592c69656eb,a592c69656eb,dataset_batik/batik/Solo_Parang/0036.jpg,batik,1,Solo_Parang,cv_pool,False,original,131.90667724609375,1016.0,6.348765698227388,0.5241616824137175,6.446877715066044,65.53042413822695
dataset_aug/cv_pool/batik/0036__a592c69656eb__rot+9p0_0076.jpg,a592c69656eb,a592c69656eb,dataset_batik/batik/Solo_Parang/0036.jpg,batik,1,Solo_Parang,cv_pool,True,rot+9p0,79.06644058227539,783.0,6.18447841047363,0.5579219562245905,6.287371090563866,74.18417184755303
dataset_aug/cv_pool/batik/005__a940ff920c6c__orig_0119.jpg,a940ff920c6c,a940ff920c6c,dataset_batik/batik/Yogyakarta_Parang/005.jpg,batik,1,Yogyakarta_Parang,cv_pool,False,original,66.30552291870117,1043.0,6.238875739811035,0.5481546929209351,6.05668151986179,130.2528097889591
dataset_aug/cv_pool/batik/005__a940ff920c6c__flip_v_0051.jpg,a940ff920c6c,a940ff920c6c,dataset_batik/batik/Yogyakarta_Parang/005.jpg,batik,1,Yogyakarta_Parang,cv_pool,True,flip_v,64.33515930175781,1047.0,6.2378824902436,0.5482668300086796,6.064376573187797,130.181338933625
dataset_aug/cv_pool/batik/009__aa85c99944f2__orig_0123.jpg,aa85c99944f2,grp_a3833f8e9773,dataset_batik/batik/Yogyakarta_Parang/009.jpg,batik,1,Yogyakarta_Parang,cv_pool,False,original,48.39756774902344,852.0,6.459622650438436,0.4940356038273588,6.002024005174251,196.8900405690918
dataset_aug/cv_pool/batik/009__aa85c99944f2__flip_h_0086.jpg,aa85c99944f2,grp_a3833f8e9773,dataset_batik/batik/Yogyakarta_Parang/009.jpg,batik,1,Yogyakarta_Parang,cv_pool,True,flip_h,47.02842330932617,841.0,6.462760087905055,0.49379662023270554,6.0087796013526615,196.75378426245408
dataset_aug/cv_pool/batik/0016__ae689bfb028c__orig_0012.jpg,ae689bfb028c,ae689bfb028c,dataset_batik/batik/Solo_Parang/0016.jpg,batik,1,Solo_Parang,cv_pool,False,original,35.44488525390625,632.0,6.789182238500969,0.4430831168925295,6.271924945691562,141.97244267960403
dataset_aug/cv_pool/batik/0016__ae689bfb028c__flip_h_0014.jpg,ae689bfb028c,ae689bfb028c,dataset_batik/batik/Solo_Parang/0016.jpg,batik,1,Solo_Parang,cv_pool,True,flip_h,35.9154052734375,641.0,6.79484160204974,0.4422484957248094,6.276268250907434,141.97176220106311
dataset_aug/cv_pool/batik/0016__ae689bfb028c__zoom08_0151.jpg,ae689bfb028c,ae689bfb028c,dataset_batik/batik/Solo_Parang/0016.jpg,batik,1,Solo_Parang,cv_pool,True,zoom08,13.159683227539062,407.0,6.602183834586362,0.48124389775006665,5.954954070158949,163.97986418436506
dataset_aug/cv_pool/batik/0__aefd54b84960__orig_0001.jpg,aefd54b84960,aefd54b84960,dataset_batik/batik/Batik Sekar Jagad/0.jpg,batik,1,Batik Sekar Jagad,cv_pool,False,original,318.2013816833496,1449.0,7.288313541208057,0.36794163687327053,6.724213283753789,13.420649397113847
dataset_aug/cv_pool/batik/0__aefd54b84960__flip_h_0041.jpg,aefd54b84960,aefd54b84960,dataset_batik/batik/Batik Sekar Jagad/0.jpg,batik,1,Batik Sekar Jagad,cv_pool,True,flip_h,317.0130386352539,1446.0,7.290291919671688,0.3677111183823847,6.723232228301087,13.449459851259332
dataset_aug/cv_pool/batik/0032__b9f0bcdd4ffc__orig_0112.jpg,b9f0bcdd4ffc,b9f0bcdd4ffc,dataset_batik/batik/Yogyakarta_Parang/0032.jpg,batik,1,Yogyakarta_Parang,cv_pool,False,original,60.926055908203125,684.0,6.5131963494516025,0.4688094756276232,6.081287900132015,74.86434077324856
dataset_aug/cv_pool/batik/0032__b9f0bcdd4ffc__zoom02_0070.jpg,b9f0bcdd4ffc,b9f0bcdd4ffc,dataset_batik/batik/Yogyakarta_Parang/0032.jpg,batik,1,Yogyakarta_Parang,cv_pool,True,zoom02,36.85789489746094,531.0,6.483822857472273,0.47613361651864416,5.91384012514255,86.95566824702883
dataset_aug/cv_pool/batik/0016__ba741b615b90__orig_0072.jpg,ba741b615b90,ba741b615b90,dataset_batik/batik/Yogyakarta_Kawung/0016.jpg,batik,1,Yogyakarta_Kawung,cv_pool,False,original,269.57137298583984,2334.0,6.861202076554738,0.46129724355224905,6.505631600458193,150.09438651357814
dataset_aug/cv_pool/batik/0016__ba741b615b90__flip_h_0113.jpg,ba741b615b90,ba741b615b90,dataset_batik/batik/Yogyakarta_Kawung/0016.jpg,batik,1,Yogyakarta_Kawung,cv_pool,True,flip_h,268.5530090332031,2310.0,6.862989277457566,0.46048974674082443,6.509695761944693,149.8265095012646
dataset_aug/cv_pool/batik/0035__bbdb13d788e1__orig_0089.jpg,bbdb13d788e1,bbdb13d788e1,dataset_batik/batik/Yogyakarta_Kawung/0035.jpg,batik,1,Yogyakarta_Kawung,cv_pool,False,original,255.33934020996094,1506.0,6.999405318585555,0.3951724987887531,6.652228452959533,158.32831965615998
dataset_aug/cv_pool/batik/0035__bbdb13d788e1__flip_h_0095.jpg,bbdb13d788e1,bbdb13d788e1,dataset_batik/batik/Yogyakarta_Kawung/0035.jpg,batik,1,Yogyakarta_Kawung,cv_pool,True,flip_h,254.87218856811523,1519.0,7.003712857074033,0.39473716730327746,6.651830275748367,158.39420422642536
dataset_aug/cv_pool/batik/0027__bd730be873eb__orig_0082.jpg,bd730be873eb,bd730be873eb,dataset_batik/batik/Yogyakarta_Kawung/0027.jpg,batik,1,Yogyakarta_Kawung,cv_pool,False,original,45.0670166015625,544.0,6.531548817215707,0.4573052081444058,6.786329736508726,310.607874278008
dataset_aug/cv_pool/batik/0027__bd730be873eb__flip_h_0050.jpg,bd730be873eb,bd730be873eb,dataset_batik/batik/Yogyakarta_Kawung/0027.jpg,batik,1,Yogyakarta_Kawung,cv_pool,True,flip_h,46.27532958984375,550.0,6.527643202229182,0.45866066767986197,6.775741045467749,309.9859388513569
dataset_aug/cv_pool/batik/007__bdad9f0a9e63__orig_0121.jpg,bdad9f0a9e63,bdad9f0a9e63,dataset_batik/batik/Yogyakarta_Parang/007.jpg,batik,1,Yogyakarta_Parang,cv_pool,False,original,31.086055755615234,747.0,6.479910431510806,0.5286315085440436,6.266641151084911,144.8893298028489
dataset_aug/cv_pool/batik/007__bdad9f0a9e63__zoom06_0043.jpg,bdad9f0a9e63,bdad9f0a9e63,dataset_batik/batik/Yogyakarta_Parang/007.jpg,batik,1,Yogyakarta_Parang,cv_pool,True,zoom06,5.828121185302734,493.0,6.275130771334806,0.5581910978878855,6.021426375881766,196.65125339280365
dataset_aug/cv_pool/batik/0036__be07729e8e4c__orig_0062.jpg,be07729e8e4c,be07729e8e4c,dataset_batik/batik/SumateraBarat_Rumah_Minang/0036.jpg,batik,1,SumateraBarat_Rumah_Minang,cv_pool,False,original,149.5974349975586,890.0,7.070027919561721,0.3849141048657071,6.55474449872537,17.276208716511373
dataset_aug/cv_pool/batik/0036__be07729e8e4c__contrast0p97_0081.jpg,be07729e8e4c,be07729e8e4c,dataset_batik/batik/SumateraBarat_Rumah_Minang/0036.jpg,batik,1,SumateraBarat_Rumah_Minang,cv_pool,True,contrast0p97,148.84121704101562,888.0,7.048854461248952,0.38608976962953234,6.559874698741367,17.115754554005218
dataset_aug/cv_pool/batik/0031__c23c92dfb3a6__orig_0086.jpg,c23c92dfb3a6,c23c92dfb3a6,dataset_batik/batik/Yogyakarta_Kawung/0031.jpg,batik,1,Yogyakarta_Kawung,cv_pool,False,original,266.90604400634766,2466.0,6.838201091382734,0.4677241314473322,6.406524966121676,173.80398372803967
dataset_aug/cv_pool/batik/0031__c23c92dfb3a6__flip_v_0033.jpg,c23c92dfb3a6,c23c92dfb3a6,dataset_batik/batik/Yogyakarta_Kawung/0031.jpg,batik,1,Yogyakarta_Kawung,cv_pool,True,flip_v,262.1740264892578,2421.0,6.841879799477837,0.4669043566506743,6.404783330097111,173.68788684982036
dataset_aug/cv_pool/batik/0014__c2b746a6af12__orig_0070.jpg,c2b746a6af12,c2b746a6af12,dataset_batik/batik/Yogyakarta_Kawung/0014.jpg,batik,1,Yogyakarta_Kawung,cv_pool,False,original,29.382091522216797,929.0,6.016707111955886,0.5908762987438594,6.367719605905094,97.92042017005303
dataset_aug/cv_pool/batik/0014__c2b746a6af12__flip_v_0042.jpg,c2b746a6af12,c2b746a6af12,dataset_batik/batik/Yogyakarta_Kawung/0014.jpg,batik,1,Yogyakarta_Kawung,cv_pool,True,flip_v,30.95947265625,960.0,6.016646832093712,0.5906862593280711,6.377233832733761,97.77076158172366
dataset_aug/cv_pool/batik/0037__c54620730f2e__orig_0091.jpg,c54620730f2e,c54620730f2e,dataset_batik/batik/Yogyakarta_Kawung/0037.jpg,batik,1,Yogyakarta_Kawung,cv_pool,False,original,162.840576171875,1888.0,6.754117572850674,0.4805353949584954,6.5620630853160105,202.22458718053852
dataset_aug/cv_pool/batik/0037__c54620730f2e__brightness1p03_0044.jpg,c54620730f2e,c54620730f2e,dataset_batik/batik/Yogyakarta_Kawung/0037.jpg,batik,1,Yogyakarta_Kawung,cv_pool,True,brightness1p03,164.23361206054688,1848.0,6.739218989158018,0.4821629343786584,6.560319288110492,203.0915899822438
dataset_aug/cv_pool/batik/0023__c8389f7774ca__orig_0056.jpg,c8389f7774ca,c8389f7774ca,dataset_batik/batik/SumateraBarat_Rumah_Minang/0023.jpg,batik,1,SumateraBarat_Rumah_Minang,cv_pool,False,original,185.26081085205078,941.0,7.263316705569259,0.3560616497201059,6.603675266611814,22.275850936662216
dataset_aug/cv_pool/batik/0023__c8389f7774ca__flip_v_0069.jpg,c8389f7774ca,c8389f7774ca,dataset_batik/batik/SumateraBarat_Rumah_Minang/0023.jpg,batik,1,SumateraBarat_Rumah_Minang,cv_pool,True,flip_v,180.11409759521484,915.0,7.2623540172370955,0.3554018194125349,6.604184479729453,22.360494571908067
dataset_aug/cv_pool/batik/0024__c8a756244bdd__orig_0079.jpg,c8a756244bdd,c8a756244bdd,dataset_batik/batik/Yogyakarta_Kawung/0024.jpg,batik,1,Yogyakarta_Kawung,cv_pool,False,original,33.290748596191406,1015.0,6.042016360987142,0.5895307425759625,6.361379434150218,111.53296391669565
dataset_aug/cv_pool/batik/0024__c8a756244bdd__flip_h_0140.jpg,c8a756244bdd,c8a756244bdd,dataset_batik/batik/Yogyakarta_Kawung/0024.jpg,batik,1,Yogyakarta_Kawung,cv_pool,True,flip_h,32.39631271362305,999.0,6.0440237595576,0.5891079896917745,6.356702956549307,111.15936685706558
dataset_aug/cv_pool/batik/0024__c8a756244bdd__rot270_0003.jpg,c8a756244bdd,c8a756244bdd,dataset_batik/batik/Yogyakarta_Kawung/0024.jpg,batik,1,Yogyakarta_Kawung,cv_pool,True,rot270,32.17610549926758,1011.0,6.039342411146585,0.5896441241422238,6.361032033990709,111.17387911756549
dataset_aug/cv_pool/batik/pekalongan3__cba62b260aa8__orig_0126.jpg,cba62b260aa8,cba62b260aa8,dataset_batik/batik/batik pekalongan/pekalongan3.jpg,batik,1,batik pekalongan,cv_pool,False,original,262.67401123046875,1208.0,6.806411707459486,0.4291326608113497,6.93753640499629,23.090079162043594
dataset_aug/cv_pool/batik/pekalongan3__cba62b260aa8__flip_v_0114.jpg,cba62b260aa8,cba62b260aa8,dataset_batik/batik/batik pekalongan/pekalongan3.jpg,batik,1,batik pekalongan,cv_pool,True,flip_v,255.97950744628906,1174.0,6.805649553376598,0.42833966862222683,6.94377127673982,23.0872585742059
dataset_aug/cv_pool/batik/0022__cc4ed19c721d__orig_0016.jpg,cc4ed19c721d,cc4ed19c721d,dataset_batik/batik/Solo_Parang/0022.jpg,batik,1,Solo_Parang,cv_pool,False,original,80.11188125610352,727.0,6.858375651335272,0.47651768842838993,6.326826430776219,76.66668282324314
dataset_aug/cv_pool/batik/0022__cc4ed19c721d__zoom06_0106.jpg,cc4ed19c721d,cc4ed19c721d,dataset_batik/batik/Solo_Parang/0022.jpg,batik,1,Solo_Parang,cv_pool,True,zoom06,48.21171569824219,579.0,6.630524464321423,0.5141504174495146,6.1374213651668885,102.00283091273396
dataset_aug/cv_pool/batik/009__cccca1ba3cae__orig_0097.jpg,cccca1ba3cae,cccca1ba3cae,dataset_batik/batik/Yogyakarta_Kawung/009.jpg,batik,1,Yogyakarta_Kawung,cv_pool,False,original,95.63786315917969,1204.0,6.320213149678872,0.483195388800322,6.590888678898679,173.2438726153607
dataset_aug/cv_pool/batik/009__cccca1ba3cae__zoom07_0133.jpg,cccca1ba3cae,cccca1ba3cae,dataset_batik/batik/Yogyakarta_Kawung/009.jpg,batik,1,Yogyakarta_Kawung,cv_pool,True,zoom07,41.886966705322266,651.0,6.208156157633768,0.5130945856381733,6.314029912194898,159.65992004087826
dataset_aug/cv_pool/batik/0012__cd0513428af6__orig_0099.jpg,cd0513428af6,grp_a3833f8e9773,dataset_batik/batik/Yogyakarta_Parang/0012.jpg,batik,1,Yogyakarta_Parang,cv_pool,False,original,49.55870056152344,859.0,6.435082556932073,0.49254094140623594,5.9924096324396015,205.92038868483164
dataset_aug/cv_pool/batik/0012__cd0513428af6__flip_h_0023.jpg,cd0513428af6,grp_a3833f8e9773,dataset_batik/batik/Yogyakarta_Parang/0012.jpg,batik,1,Yogyakarta_Parang,cv_pool,True,flip_h,51.39399719238281,871.0,6.438638402078158,0.49314352537359474,6.00037246970237,205.81075250308086
dataset_aug/cv_pool/batik/0012__cd0513428af6__zoom05_0160.jpg,cd0513428af6,grp_a3833f8e9773,dataset_batik/batik/Yogyakarta_Parang/0012.jpg,batik,1,Yogyakarta_Parang,cv_pool,True,zoom05,23.04535675048828,538.0,6.309186922871115,0.5169482750849159,5.662321985541637,247.34756929365741
dataset_aug/cv_pool/batik/002__cef09f780063__orig_0104.jpg,cef09f780063,cef09f780063,dataset_batik/batik/Yogyakarta_Parang/002.jpg,batik,1,Yogyakarta_Parang,cv_pool,False,original,4.488941192626953,161.0,5.696913668749087,0.5980968305180189,6.192899751185105,126.16773683503183
dataset_aug/cv_pool/batik/002__cef09f780063__brightness0p89_0143.jpg,cef09f780063,cef09f780063,dataset_batik/batik/Yogyakarta_Parang/002.jpg,batik,1,Yogyakarta_Parang,cv_pool,True,brightness0p89,5.041778564453125,184.0,5.721847715324495,0.5996289862400159,6.212041611585997,127.12693752115592
dataset_aug/cv_pool/batik/002__cef09f780063__flip_v_0006.jpg,cef09f780063,cef09f780063,dataset_batik/batik/Yogyakarta_Parang/002.jpg,batik,1,Yogyakarta_Parang,cv_pool,True,flip_v,4.946632385253906,178.0,5.700385527069157,0.5972269618765369,6.191791924319653,126.4682290425648
dataset_aug/cv_pool/batik/37__cf833bbbc2d2__orig_0003.jpg,cf833bbbc2d2,cf833bbbc2d2,dataset_batik/batik/Batik Sekar Jagad/37.jpg,batik,1,Batik Sekar Jagad,cv_pool,False,original,189.7681121826172,1852.0,6.844889997027353,0.4859663600465899,6.0814387955864415,26.67992293815985
dataset_aug/cv_pool/batik/37__cf833bbbc2d2__flip_v_0096.jpg,cf833bbbc2d2,cf833bbbc2d2,dataset_batik/batik/Batik Sekar Jagad/37.jpg,batik,1,Batik Sekar Jagad,cv_pool,True,flip_v,191.51235961914062,1846.0,6.84341212296785,0.4862908407600376,6.081512902564556,26.776622036609755
dataset_aug/cv_pool/batik/0020__d508f4f2374c__orig_0076.jpg,d508f4f2374c,d508f4f2374c,dataset_batik/batik/Yogyakarta_Kawung/0020.jpg,batik,1,Yogyakarta_Kawung,cv_pool,False,original,215.44830322265625,2224.0,6.772530286444698,0.4492784990099105,6.500277743511539,169.70417229094153
dataset_aug/cv_pool/batik/0020__d508f4f2374c__contrast1p09_0153.jpg,d508f4f2374c,d508f4f2374c,dataset_batik/batik/Yogyakarta_Kawung/0020.jpg,batik,1,Yogyakarta_Kawung,cv_pool,True,contrast1p09,179.92770385742188,1816.0,6.584741584216034,0.4709936208556945,6.491271034433061,176.29332761852797
dataset_aug/cv_pool/batik/0020__d508f4f2374c__zoom05_0016.jpg,d508f4f2374c,d508f4f2374c,dataset_batik/batik/Yogyakarta_Kawung/0020.jpg,batik,1,Yogyakarta_Kawung,cv_pool,True,zoom05,119.1140365600586,1745.0,6.584898674943631,0.4870706358047183,6.225216806091273,220.6439497190233
dataset_aug/cv_pool/batik/0021__dbb32ee71649__orig_0077.jpg,dbb32ee71649,dbb32ee71649,dataset_batik/batik/Yogyakarta_Kawung/0021.jpg,batik,1,Yogyakarta_Kawung,cv_pool,False,original,43.19410705566406,1063.0,6.425111857878586,0.5227327548650775,6.324695582569828,288.19904404765646
dataset_aug/cv_pool/batik/0021__dbb32ee71649__rot180_0137.jpg,dbb32ee71649,dbb32ee71649,dataset_batik/batik/Yogyakarta_Kawung/0021.jpg,batik,1,Yogyakarta_Kawung,cv_pool,True,rot180,43.876338958740234,1053.0,6.42784823403291,0.5219935806753399,6.329534655097657,287.3709532371663
dataset_aug/cv_pool/batik/0012__de330aa7d1a2__orig_0009.jpg,de330aa7d1a2,de330aa7d1a2,dataset_batik/batik/Solo_Parang/0012.jpg,batik,1,Solo_Parang,cv_pool,False,original,79.96007919311523,1073.0,6.885650694000062,0.44552451403139903,6.309818461760296,114.94739677102065
dataset_aug/cv_pool/batik/0012__de330aa7d1a2__rot180_0065.jpg,de330aa7d1a2,de330aa7d1a2,dataset_batik/batik/Solo_Parang/0012.jpg,batik,1,Solo_Parang,cv_pool,True,rot180,82.26354217529297,1079.0,6.886049991635332,0.4453204958816627,6.319342750909087,114.76310601264835
dataset_aug/cv_pool/batik/solo4__e0dbc911eac7__orig_0136.jpg,e0dbc911eac7,e0dbc911eac7,dataset_batik/batik/batik solo/solo4.jpg,batik,1,batik solo,cv_pool,False,original,91.94862365722656,1370.0,6.219227555745272,0.5609050578795755,6.525542958793795,98.86580268753335
dataset_aug/cv_pool/batik/solo4__e0dbc911eac7__rot270_0066.jpg,e0dbc911eac7,e0dbc911eac7,dataset_batik/batik/batik solo/solo4.jpg,batik,1,batik solo,cv_pool,True,rot270,96.03282928466797,1406.0,6.234749815336378,0.5554173323718448,6.585407442181305,98.69918215405094
dataset_aug/cv_pool/batik/0022__e29a2b8d50fa__orig_0055.jpg,e29a2b8d50fa,e29a2b8d50fa,dataset_batik/batik/SumateraBarat_Rumah_Minang/0022.jpg,batik,1,SumateraBarat_Rumah_Minang,cv_pool,False,original,32.36537551879883,761.0,5.900755094979032,0.6311414668395204,6.339720896778307,52.07398934894814
dataset_aug/cv_pool/batik/0022__e29a2b8d50fa__contrast1p11_0036.jpg,e29a2b8d50fa,e29a2b8d50fa,dataset_batik/batik/SumateraBarat_Rumah_Minang/0022.jpg,batik,1,SumateraBarat_Rumah_Minang,cv_pool,True,contrast1p11,37.09480285644531,809.0,5.968457644287319,0.6267954210079705,6.332468861146781,52.34543486509435
dataset_aug/cv_pool/batik/0018__e49dc5a7d4dd__orig_0037.jpg,e49dc5a7d4dd,e49dc5a7d4dd,dataset_batik/batik/SulawesiSelatan_Lontara/0018.jpg,batik,1,SulawesiSelatan_Lontara,cv_pool,False,original,221.5332794189453,1996.0,6.849222094481416,0.41042951241737013,6.666418112989627,34.67790333039708
dataset_aug/cv_pool/batik/0018__e49dc5a7d4dd__brightness0p95_0035.jpg,e49dc5a7d4dd,e49dc5a7d4dd,dataset_batik/batik/SulawesiSelatan_Lontara/0018.jpg,batik,1,SulawesiSelatan_Lontara,cv_pool,True,brightness0p95,199.6686553955078,1844.0,6.786418622111645,0.41746355899604604,6.6622235476653575,35.33263247644362
dataset_aug/cv_pool/batik/54__e5f8bb3aa14e__orig_0005.jpg,e5f8bb3aa14e,e5f8bb3aa14e,dataset_batik/batik/Batik Sekar Jagad/54.jpg,batik,1,Batik Sekar Jagad,cv_pool,False,original,141.83916091918945,1845.0,7.116053888689278,0.4282631499400875,5.971002699095331,43.67170400891279
dataset_aug/cv_pool/batik/54__e5f8bb3aa14e__contrast1p03_0009.jpg,e5f8bb3aa14e,e5f8bb3aa14e,dataset_batik/batik/Batik Sekar Jagad/54.jpg,batik,1,Batik Sekar Jagad,cv_pool,True,contrast1p03,144.59197235107422,1846.0,7.1185789214150965,0.4266868040490055,5.96581268749785,43.98574599554339
dataset_aug/cv_pool/batik/54__e5f8bb3aa14e__rot180_0146.jpg,e5f8bb3aa14e,e5f8bb3aa14e,dataset_batik/batik/Batik Sekar Jagad/54.jpg,batik,1,Batik Sekar Jagad,cv_pool,True,rot180,132.4868927001953,1846.0,7.118147584509714,0.4280707445800031,5.972880443644676,43.7103675490536
dataset_aug/cv_pool/batik/0036__e7708ac8cb87__orig_0114.jpg,e7708ac8cb87,e7708ac8cb87,dataset_batik/batik/Yogyakarta_Parang/0036.jpg,batik,1,Yogyakarta_Parang,cv_pool,False,original,41.53501892089844,734.0,5.983173868509503,0.5827518717011428,6.315771069653785,125.12451762331914
dataset_aug/cv_pool/batik/0036__e7708ac8cb87__brightness0p89_0116.jpg,e7708ac8cb87,e7708ac8cb87,dataset_batik/batik/Yogyakarta_Parang/0036.jpg,batik,1,Yogyakarta_Parang,cv_pool,True,brightness0p89,41.965553283691406,721.0,6.0526318717585985,0.5848775466331839,6.344297448011941,126.58325408170838
dataset_aug/cv_pool/batik/0039__e9fd42eb86e9__orig_0030.jpg,e9fd42eb86e9,e9fd42eb86e9,dataset_batik/batik/Solo_Parang/0039.jpg,batik,1,Solo_Parang,cv_pool,False,original,9.344097137451172,247.0,5.850723701077181,0.5366061090818695,6.200318290039628,163.51266868377476
dataset_aug/cv_pool/batik/0039__e9fd42eb86e9__brightness1p05_0062.jpg,e9fd42eb86e9,e9fd42eb86e9,dataset_batik/batik/Solo_Parang/0039.jpg,batik,1,Solo_Parang,cv_pool,True,brightness1p05,10.39923095703125,268.0,5.852375840020926,0.5381859618253063,6.213006606005186,161.45973774321482
dataset_aug/cv_pool/batik/pekalongan4__e9fea915240b__orig_0127.jpg,e9fea915240b,e9fea915240b,dataset_batik/batik/batik pekalongan/pekalongan4.jpg,batik,1,batik pekalongan,cv_pool,False,original,341.2466583251953,1684.0,7.492963677689554,0.33422052989108014,6.819746861441425,26.294685730367707
dataset_aug/cv_pool/batik/pekalongan4__e9fea915240b__rot-10p6_0058.jpg,e9fea915240b,e9fea915240b,dataset_batik/batik/batik pekalongan/pekalongan4.jpg,batik,1,batik pekalongan,cv_pool,True,rot-10p6,318.5775718688965,1617.0,7.297711331827362,0.36970625219617237,6.769871205194378,34.59272122013329
dataset_aug/cv_pool/batik/004__eb2a2549a57f__orig_0093.jpg,eb2a2549a57f,eb2a2549a57f,dataset_batik/batik/Yogyakarta_Kawung/004.jpg,batik,1,Yogyakarta_Kawung,cv_pool,False,original,199.0785140991211,1962.0,6.620147264104259,0.501194761985716,6.396893627385388,120.86153025204928
dataset_aug/cv_pool/batik/004__eb2a2549a57f__flip_h_0131.jpg,eb2a2549a57f,eb2a2549a57f,dataset_batik/batik/Yogyakarta_Kawung/004.jpg,batik,1,Yogyakarta_Kawung,cv_pool,True,flip_h,192.85641479492188,1973.0,6.62371098052452,0.5009256124518564,6.395417692446616,121.1019986136749
dataset_aug/cv_pool/batik/0017__ec9825accca7__orig_0013.jpg,ec9825accca7,grp_ec9825accca7,dataset_batik/batik/Solo_Parang/0017.jpg,batik,1,Solo_Parang,cv_pool,False,original,32.3136100769043,791.0,6.229757431306874,0.5316608047687844,6.298687864057932,102.9351928000534
dataset_aug/cv_pool/batik/0017__ec9825accca7__brightness0p96_0134.jpg,ec9825accca7,grp_ec9825accca7,dataset_batik/batik/Solo_Parang/0017.jpg,batik,1,Solo_Parang,cv_pool,True,brightness0p96,34.357234954833984,819.0,6.271881799307309,0.5284651117086809,6.303116216666988,102.71022213850149
dataset_aug/cv_pool/batik/007__ef0f096eef7d__orig_0033.jpg,ef0f096eef7d,ef0f096eef7d,dataset_batik/batik/Solo_Parang/007.jpg,batik,1,Solo_Parang,cv_pool,False,original,125.79878616333008,1147.0,7.099512258029212,0.42110758784881,6.50776022858175,37.015924929467026
dataset_aug/cv_pool/batik/007__ef0f096eef7d__contrast1p11_0072.jpg,ef0f096eef7d,ef0f096eef7d,dataset_batik/batik/Solo_Parang/007.jpg,batik,1,Solo_Parang,cv_pool,True,contrast1p11,139.52297973632812,1204.0,7.124427207515014,0.41809858745394934,6.5078129196811005,36.434856321222945
dataset_aug/cv_pool/batik/solo2__f11fc60776fe__orig_0135.jpg,f11fc60776fe,f11fc60776fe,dataset_batik/batik/batik solo/solo2.jpg,batik,1,batik solo,cv_pool,False,original,16.25634765625,197.0,5.74520771280019,0.5293464840304302,6.103959838719026,114.99090576026178
dataset_aug/cv_pool/batik/solo2__f11fc60776fe__zoom05_0088.jpg,f11fc60776fe,f11fc60776fe,dataset_batik/batik/batik solo/solo2.jpg,batik,1,batik solo,cv_pool,True,zoom05,11.31591796875,206.0,5.730051696283618,0.532481806740531,6.236666968761432,137.66914127154652
dataset_aug/cv_pool/batik/semarangan2__f745452e50e3__orig_0130.jpg,f745452e50e3,f745452e50e3,dataset_batik/batik/batik semarangan/semarangan2.jpg,batik,1,batik semarangan,cv_pool,False,original,117.885498046875,832.0,6.378037407410876,0.5405936575831869,6.629192942421161,33.986498487013776
dataset_aug/cv_pool/batik/semarangan2__f745452e50e3__flip_v_0105.jpg,f745452e50e3,f745452e50e3,dataset_batik/batik/batik semarangan/semarangan2.jpg,batik,1,batik semarangan,cv_pool,True,flip_v,118.75076293945312,845.0,6.369830503808014,0.5377731135709896,6.674710363974158,33.790102903650805
dataset_aug/cv_pool/batik/0015__f74bb111b026__orig_0071.jpg,f74bb111b026,f74bb111b026,dataset_batik/batik/Yogyakarta_Kawung/0015.jpg,batik,1,Yogyakarta_Kawung,cv_pool,False,original,101.66738510131836,1513.0,6.444351116759208,0.49688225200829816,6.4730517860922285,177.19584527429598
dataset_aug/cv_pool/batik/0015__f74bb111b026__brightness1p05_0125.jpg,f74bb111b026,f74bb111b026,dataset_batik/batik/Yogyakarta_Kawung/0015.jpg,batik,1,Yogyakarta_Kawung,cv_pool,True,brightness1p05,100.775146484375,1501.0,6.439404614018748,0.4952852515309991,6.476068955571347,176.93392409627577
dataset_aug/cv_pool/batik/0014__fa24684732b1__orig_0011.jpg,fa24684732b1,fa24684732b1,dataset_batik/batik/Solo_Parang/0014.jpg,batik,1,Solo_Parang,cv_pool,False,original,11.993270874023438,222.0,5.829067358909915,0.5840647064667011,5.854285447189122,174.3635316756805
dataset_aug/cv_pool/batik/0014__fa24684732b1__contrast1p10_0063.jpg,fa24684732b1,fa24684732b1,dataset_batik/batik/Solo_Parang/0014.jpg,batik,1,Solo_Parang,cv_pool,True,contrast1p10,13.892333984375,224.0,5.55229602982604,0.6069411351839714,5.559932937456644,164.09387669939727
dataset_aug/cv_pool/batik/008__fb19d7075d8a__orig_0122.jpg,fb19d7075d8a,fb19d7075d8a,dataset_batik/batik/Yogyakarta_Parang/008.jpg,batik,1,Yogyakarta_Parang,cv_pool,False,original,47.43254089355469,812.0,6.1152388036670144,0.5671304756946498,6.292933418679534,126.30028569361771
dataset_aug/cv_pool/batik/008__fb19d7075d8a__rot+8p0_0094.jpg,fb19d7075d8a,fb19d7075d8a,dataset_batik/batik/Yogyakarta_Parang/008.jpg,batik,1,Yogyakarta_Parang,cv_pool,True,rot+8p0,28.072677612304688,734.0,6.035214843669335,0.5830929706893442,6.153680592428394,141.90225427065587
dataset_aug/cv_pool/batik/0021__fc1e0904dd28__orig_0015.jpg,fc1e0904dd28,grp_ec9825accca7,dataset_batik/batik/Solo_Parang/0021.jpg,batik,1,Solo_Parang,cv_pool,False,original,31.709716796875,776.0,6.228418248322077,0.5348300091880945,6.289870975720101,104.8315260425662
dataset_aug/cv_pool/batik/0021__fc1e0904dd28__rot90_0109.jpg,fc1e0904dd28,grp_ec9825accca7,dataset_batik/batik/Solo_Parang/0021.jpg,batik,1,Solo_Parang,cv_pool,True,rot90,35.08424758911133,805.0,6.235402560961971,0.5331052977825026,6.301431515893857,104.47558763482263
dataset_aug/cv_pool/batik/006__fd0c795decdf__orig_0120.jpg,fd0c795decdf,fd0c795decdf,dataset_batik/batik/Yogyakarta_Parang/006.jpg,batik,1,Yogyakarta_Parang,cv_pool,False,original,38.155517578125,690.0,6.434416617308411,0.5465114405118068,6.176374941194836,198.17254133785374
dataset_aug/cv_pool/batik/006__fd0c795decdf__rot270_0147.jpg,fd0c795decdf,fd0c795decdf,dataset_batik/batik/Yogyakarta_Parang/006.jpg,batik,1,Yogyakarta_Parang,cv_pool,True,rot270,38.407867431640625,716.0,6.428246266063747,0.5472001532014712,6.182749035358491,199.71684773788718
dataset_aug/cv_pool/batik/006__fd0c795decdf__rot90_0010.jpg,fd0c795decdf,fd0c795decdf,dataset_batik/batik/Yogyakarta_Parang/006.jpg,batik,1,Yogyakarta_Parang,cv_pool,True,rot90,39.841949462890625,712.0,6.4336488175323545,0.546481787852911,6.181839108692596,199.3969957331252
dataset_aug/cv_pool/non_batik/tenun_10__0b857a24ecf0__orig_0193.png,0b857a24ecf0,0b857a24ecf0,dataset_batik/non_batik/tenun/tenun (10).png,non_batik,0,tenun,cv_pool,False,original,0.0,0.0,6.974998625375927,0.4101706819569383,6.749834885770681,25.809134782854702
dataset_aug/cv_pool/non_batik/tenun_10__0b857a24ecf0__brightness1p10_0188.jpg,0b857a24ecf0,0b857a24ecf0,dataset_batik/non_batik/tenun/tenun (10).png,non_batik,0,tenun,cv_pool,True,brightness1p10,0.0,0.0,7.032265622729936,0.40291640165495823,6.770549655956206,25.825752097663457
dataset_aug/cv_pool/non_batik/tenun_10__0b857a24ecf0__flip_v_0060.jpg,0b857a24ecf0,0b857a24ecf0,dataset_batik/non_batik/tenun/tenun (10).png,non_batik,0,tenun,cv_pool,True,flip_v,0.0,0.0,6.987875481025762,0.40884175161072733,6.768891644250342,25.825736658746028
dataset_aug/cv_pool/non_batik/tenun_10__0b857a24ecf0__zoom08_0124.jpg,0b857a24ecf0,0b857a24ecf0,dataset_batik/non_batik/tenun/tenun (10).png,non_batik,0,tenun,cv_pool,True,zoom08,257.43031311035156,957.0,7.2798686097727945,0.3549907578161991,6.84532274197373,34.68755866633315
dataset_aug/cv_pool/non_batik/kotak2__0ce96dcf1e27__orig_0166.jpg,0ce96dcf1e27,0ce96dcf1e27,dataset_batik/non_batik/kotak/kotak2.jpg,non_batik,0,kotak,cv_pool,False,original,87.45294570922852,1815.0,6.355244377719943,0.5539856332930504,5.73996384377416,416.4485746973375
dataset_aug/cv_pool/non_batik/kotak2__0ce96dcf1e27__brightness1p13_0008.jpg,0ce96dcf1e27,0ce96dcf1e27,dataset_batik/non_batik/kotak/kotak2.jpg,non_batik,0,kotak,cv_pool,True,brightness1p13,58.25890350341797,1751.0,5.918635081251097,0.5570001586718577,5.707688873629211,414.0895395070291
dataset_aug/cv_pool/non_batik/kotak2__0ce96dcf1e27__contrast0p97_0072.jpg,0ce96dcf1e27,0ce96dcf1e27,dataset_batik/non_batik/kotak/kotak2.jpg,non_batik,0,kotak,cv_pool,True,contrast0p97,90.8992919921875,1814.0,6.446847170044844,0.5499496403397404,5.763454564025967,413.3573822175185
dataset_aug/cv_pool/non_batik/kotak2__0ce96dcf1e27__rot180_0200.jpg,0ce96dcf1e27,0ce96dcf1e27,dataset_batik/non_batik/kotak/kotak2.jpg,non_batik,0,kotak,cv_pool,True,rot180,87.31329345703125,1827.0,6.403687546242277,0.549036129469815,5.985432790056668,409.74255961747446
dataset_aug/cv_pool/non_batik/kotak2__0ce96dcf1e27__rot90_0136.jpg,0ce96dcf1e27,0ce96dcf1e27,dataset_batik/non_batik/kotak/kotak2.jpg,non_batik,0,kotak,cv_pool,True,rot90,100.53567886352539,1825.0,6.378090779809706,0.5505408652484836,5.828132264107426,413.9020338154843
dataset_aug/cv_pool/non_batik/polos_9__0ed496d9169c__orig_0191.png,0ed496d9169c,0ed496d9169c,dataset_batik/non_batik/polos/polos (9).png,non_batik,0,polos,cv_pool,False,original,0.0,0.0,5.123370312169712,0.5559756910287692,6.644028093890132,7.860000935216852
dataset_aug/cv_pool/non_batik/polos_9__0ed496d9169c__flip_h_0176.jpg,0ed496d9169c,0ed496d9169c,dataset_batik/non_batik/polos/polos (9).png,non_batik,0,polos,cv_pool,True,flip_h,0.0,0.0,5.159830889530204,0.552200047669985,6.666031839586763,7.823954318614363
dataset_aug/cv_pool/non_batik/polos_9__0ed496d9169c__rot+9p4_0112.jpg,0ed496d9169c,0ed496d9169c,dataset_batik/non_batik/polos/polos (9).png,non_batik,0,polos,cv_pool,True,rot+9p4,3.9464263916015625,162.0,4.695123709235859,0.6034697600643683,6.669937878654599,7.768506835736398
dataset_aug/cv_pool/non_batik/polos_9__0ed496d9169c__rot270_0048.jpg,0ed496d9169c,0ed496d9169c,dataset_batik/non_batik/polos/polos (9).png,non_batik,0,polos,cv_pool,True,rot270,0.0,0.0,5.157316497792658,0.5528282264705527,6.66299703759097,7.835317641187618
dataset_aug/cv_pool/non_batik/polos_2__1937342e6d3a__orig_0184.png,1937342e6d3a,1937342e6d3a,dataset_batik/non_batik/polos/polos (2).png,non_batik,0,polos,cv_pool,False,original,0.0,0.0,5.50513792082243,0.5624150925092153,6.264857589750975,168.78242477015155
dataset_aug/cv_pool/non_batik/polos_2__1937342e6d3a__contrast0p97_0009.jpg,1937342e6d3a,1937342e6d3a,dataset_batik/non_batik/polos/polos (2).png,non_batik,0,polos,cv_pool,True,contrast0p97,0.0,0.0,5.481326284664142,0.5632827357727552,6.286552480183222,167.87034968648535
dataset_aug/cv_pool/non_batik/polos_2__1937342e6d3a__rot180_0137.jpg,1937342e6d3a,1937342e6d3a,dataset_batik/non_batik/polos/polos (2).png,non_batik,0,polos,cv_pool,True,rot180,0.0,0.0,5.512643506966768,0.560647275611085,6.2868519155598985,165.4068713846151
dataset_aug/cv_pool/non_batik/polos_2__1937342e6d3a__rot270_0201.jpg,1937342e6d3a,1937342e6d3a,dataset_batik/non_batik/polos/polos (2).png,non_batik,0,polos,cv_pool,True,rot270,0.0,0.0,5.518174051293564,0.5602568055520537,6.279286224606253,165.60431741725287
dataset_aug/cv_pool/non_batik/polos_2__1937342e6d3a__rot90_0073.jpg,1937342e6d3a,1937342e6d3a,dataset_batik/non_batik/polos/polos (2).png,non_batik,0,polos,cv_pool,True,rot90,0.0,0.0,5.521960823091046,0.5586906340392648,6.293558075627581,166.13813568407116
dataset_aug/cv_pool/non_batik/bunga_1__1c522c3d0bdc__orig_0138.png,1c522c3d0bdc,1c522c3d0bdc,dataset_batik/non_batik/bunga_nonbatik/bunga (1).png,non_batik,0,bunga_nonbatik,cv_pool,False,original,165.19602584838867,963.0,5.205775964392615,0.5699714389223511,6.849462611580266,11.01633720808213
dataset_aug/cv_pool/non_batik/bunga_1__1c522c3d0bdc__flip_h_0158.jpg,1c522c3d0bdc,1c522c3d0bdc,dataset_batik/non_batik/bunga_nonbatik/bunga (1).png,non_batik,0,bunga_nonbatik,cv_pool,True,flip_h,166.18573760986328,983.0,5.233874342464368,0.5679991821095095,6.862771666478068,10.99196557571471
dataset_aug/cv_pool/non_batik/bunga_1__1c522c3d0bdc__flip_v_0222.jpg,1c522c3d0bdc,1c522c3d0bdc,dataset_batik/non_batik/bunga_nonbatik/bunga (1).png,non_batik,0,bunga_nonbatik,cv_pool,True,flip_v,162.82161712646484,966.0,5.233635606717545,0.5674410270464799,6.863315217535624,11.041567990270362
dataset_aug/cv_pool/non_batik/bunga_1__1c522c3d0bdc__rot-12p0_0094.jpg,1c522c3d0bdc,1c522c3d0bdc,dataset_batik/non_batik/bunga_nonbatik/bunga (1).png,non_batik,0,bunga_nonbatik,cv_pool,True,rot-12p0,161.5842399597168,1037.0,5.2311156673258115,0.5733859367209695,6.903664271309457,11.566016559974601
dataset_aug/cv_pool/non_batik/bunga_1__1c522c3d0bdc__rot270_0030.jpg,1c522c3d0bdc,1c522c3d0bdc,dataset_batik/non_batik/bunga_nonbatik/bunga (1).png,non_batik,0,bunga_nonbatik,cv_pool,True,rot270,171.75244903564453,1011.0,5.235439673252614,0.5680076414574108,6.857781007464524,11.005489801929793
dataset_aug/cv_pool/non_batik/bunga3__1f9fa02cb0e6__orig_0150.webp,1f9fa02cb0e6,1f9fa02cb0e6,dataset_batik/non_batik/bunga_nonbatik/bunga3.webp,non_batik,0,bunga_nonbatik,cv_pool,False,original,25.673309326171875,456.0,5.5961699437739005,0.6418886823052443,6.8065201344866395,20.698467983765998
dataset_aug/cv_pool/non_batik/bunga3__1f9fa02cb0e6__rot-2p0_0229.jpg,1f9fa02cb0e6,1f9fa02cb0e6,dataset_batik/non_batik/bunga_nonbatik/bunga3.webp,non_batik,0,bunga_nonbatik,cv_pool,True,rot-2p0,25.989704132080078,463.0,5.5941419037761015,0.6451084102898995,6.812210334590737,21.165708722873145
dataset_aug/cv_pool/non_batik/bunga3__1f9fa02cb0e6__rot180_0101.jpg,1f9fa02cb0e6,1f9fa02cb0e6,dataset_batik/non_batik/bunga_nonbatik/bunga3.webp,non_batik,0,bunga_nonbatik,cv_pool,True,rot180,24.227191925048828,439.0,5.607265727757402,0.6394379453782736,6.831390107667696,20.5227173817126
dataset_aug/cv_pool/non_batik/bunga3__1f9fa02cb0e6__rot270_0165.jpg,1f9fa02cb0e6,1f9fa02cb0e6,dataset_batik/non_batik/bunga_nonbatik/bunga3.webp,non_batik,0,bunga_nonbatik,cv_pool,True,rot270,25.047348022460938,446.0,5.606316650859362,0.6396773644001438,6.828854465275512,20.5005671061614
dataset_aug/cv_pool/non_batik/bunga3__1f9fa02cb0e6__rot90_0037.jpg,1f9fa02cb0e6,1f9fa02cb0e6,dataset_batik/non_batik/bunga_nonbatik/bunga3.webp,non_batik,0,bunga_nonbatik,cv_pool,True,rot90,25.18842315673828,449.0,5.6112643004075915,0.6397133626673145,6.830928111589932,20.434837020029565
dataset_aug/cv_pool/non_batik/geometris_5__2147c3827a53__orig_0161.png,2147c3827a53,2147c3827a53,dataset_batik/non_batik/geometris/geometris (5).png,non_batik,0,geometris,cv_pool,False,original,50.909423828125,304.0,6.817342681411834,0.46990219288665624,6.0953256336057535,237.39855272511815
dataset_aug/cv_pool/non_batik/geometris_5__2147c3827a53__brightness0p94_0017.jpg,2147c3827a53,2147c3827a53,dataset_batik/non_batik/geometris/geometris (5).png,non_batik,0,geometris,cv_pool,True,brightness0p94,42.9140510559082,257.0,6.906325248629427,0.4549062130691811,6.134020432894935,238.31003949089578
dataset_aug/cv_pool/non_batik/geometris_5__2147c3827a53__contrast1p03_0081.jpg,2147c3827a53,2147c3827a53,dataset_batik/non_batik/geometris/geometris (5).png,non_batik,0,geometris,cv_pool,True,contrast1p03,61.92100524902344,372.0,6.826827557743704,0.4672528828067587,6.129612065580774,234.91855503098193
dataset_aug/cv_pool/non_batik/geometris_5__2147c3827a53__rot180_0209.jpg,2147c3827a53,2147c3827a53,dataset_batik/non_batik/geometris/geometris (5).png,non_batik,0,geometris,cv_pool,True,rot180,57.57099151611328,330.0,6.833631509567258,0.4678893008740708,6.1185095402806535,237.52291601374503
dataset_aug/cv_pool/non_batik/geometris_5__2147c3827a53__rot90_0145.jpg,2147c3827a53,2147c3827a53,dataset_batik/non_batik/geometris/geometris (5).png,non_batik,0,geometris,cv_pool,True,rot90,63.85377502441406,372.0,6.823978160720156,0.46913345784950067,6.121829984894294,236.18289403640554
dataset_aug/cv_pool/non_batik/bunga_5__21b7b85d4086__orig_0143.png,21b7b85d4086,21b7b85d4086,dataset_batik/non_batik/bunga_nonbatik/bunga (5).png,non_batik,0,bunga_nonbatik,cv_pool,False,original,158.0688591003418,1063.0,5.7875493633541595,0.5445552232257105,6.876514526832308,10.95604526514262
dataset_aug/cv_pool/non_batik/bunga_5__21b7b85d4086__brightness0p91_0179.jpg,21b7b85d4086,21b7b85d4086,dataset_batik/non_batik/bunga_nonbatik/bunga (5).png,non_batik,0,bunga_nonbatik,cv_pool,True,brightness0p91,159.00384521484375,1068.0,5.684902045622298,0.5503911772266117,6.892943780998685,10.953549510948111
dataset_aug/cv_pool/non_batik/bunga_5__21b7b85d4086__flip_v_0051.jpg,21b7b85d4086,21b7b85d4086,dataset_batik/non_batik/bunga_nonbatik/bunga (5).png,non_batik,0,bunga_nonbatik,cv_pool,True,flip_v,156.0999641418457,1041.0,5.796052617330309,0.5426187082187465,6.893142707727765,10.90175264261661
dataset_aug/cv_pool/non_batik/bunga_5__21b7b85d4086__zoom08_0115.jpg,21b7b85d4086,21b7b85d4086,dataset_batik/non_batik/bunga_nonbatik/bunga (5).png,non_batik,0,bunga_nonbatik,cv_pool,True,zoom08,185.5133056640625,1200.0,5.839581634887192,0.4988445194106199,7.041870151381215,12.463053740761525
dataset_aug/cv_pool/non_batik/polos_6__27a1a686fc67__orig_0188.png,27a1a686fc67,27a1a686fc67,dataset_batik/non_batik/polos/polos (6).png,non_batik,0,polos,cv_pool,False,original,0.0,0.0,5.03269813584555,0.5612263405950499,6.304438996101338,76.1100559035744
dataset_aug/cv_pool/non_batik/polos_6__27a1a686fc67__flip_h_0095.jpg,27a1a686fc67,27a1a686fc67,dataset_batik/non_batik/polos/polos (6).png,non_batik,0,polos,cv_pool,True,flip_h,0.0,0.0,5.029163677827483,0.5604182062184231,6.348738198228904,75.44384929049576
dataset_aug/cv_pool/non_batik/polos_6__27a1a686fc67__flip_v_0159.jpg,27a1a686fc67,27a1a686fc67,dataset_batik/non_batik/polos/polos (6).png,non_batik,0,polos,cv_pool,True,flip_v,0.0,0.0,5.002091870123088,0.5615531810072452,6.34736976490572,75.27723589025388
dataset_aug/cv_pool/non_batik/polos_6__27a1a686fc67__rot-13p1_0031.jpg,27a1a686fc67,27a1a686fc67,dataset_batik/non_batik/polos/polos (6).png,non_batik,0,polos,cv_pool,True,rot-13p1,0.017578125,16.0,4.3960950313495015,0.6082561974917519,6.142051981164835,58.057623490724055
dataset_aug/cv_pool/non_batik/polos_6__27a1a686fc67__zoom08_0223.jpg,27a1a686fc67,27a1a686fc67,dataset_batik/non_batik/polos/polos (6).png,non_batik,0,polos,cv_pool,True,zoom08,0.0,0.0,4.463077902209246,0.613510311183242,6.654932113312552,61.882803814953824
dataset_aug/cv_pool/non_batik/tenun_7__31a7bede42b0__orig_0199.png,31a7bede42b0,31a7bede42b0,dataset_batik/non_batik/tenun/tenun (7).png,non_batik,0,tenun,cv_pool,False,original,0.0,0.0,7.333230062229758,0.34493186924551483,6.8219499602099924,32.19764136563544
dataset_aug/cv_pool/non_batik/tenun_7__31a7bede42b0__brightness0p97_0125.jpg,31a7bede42b0,31a7bede42b0,dataset_batik/non_batik/tenun/tenun (7).png,non_batik,0,tenun,cv_pool,True,brightness0p97,0.0,0.0,7.350573640505251,0.3460724704131688,6.8364511444279765,31.771118571882532
dataset_aug/cv_pool/non_batik/tenun_7__31a7bede42b0__contrast0p93_0189.jpg,31a7bede42b0,31a7bede42b0,dataset_batik/non_batik/tenun/tenun (7).png,non_batik,0,tenun,cv_pool,True,contrast0p93,0.0,0.0,7.344141184479026,0.34608861658702744,6.836946958736139,32.15372875269681
dataset_aug/cv_pool/non_batik/tenun_7__31a7bede42b0__zoom02_0061.jpg,31a7bede42b0,31a7bede42b0,dataset_batik/non_batik/tenun/tenun (7).png,non_batik,0,tenun,cv_pool,True,zoom02,0.0,0.0,7.409281659173085,0.32465451335530027,6.8634490611526795,36.61045316082775
dataset_aug/cv_pool/non_batik/modern_3__33eb73d4c302__orig_0173.png,33eb73d4c302,33eb73d4c302,dataset_batik/non_batik/modern/modern (3).png,non_batik,0,modern,cv_pool,False,original,80.43355941772461,635.0,6.136919367983731,0.5995893948919128,6.668522752915711,32.900230827848766
dataset_aug/cv_pool/non_batik/modern_3__33eb73d4c302__brightness0p87_0026.jpg,33eb73d4c302,33eb73d4c302,dataset_batik/non_batik/modern/modern (3).png,non_batik,0,modern,cv_pool,True,brightness0p87,76.9782829284668,603.0,6.179394866179411,0.6026057180334558,6.712660635944029,32.94529998627964
dataset_aug/cv_pool/non_batik/modern_3__33eb73d4c302__contrast1p04_0090.jpg,33eb73d4c302,33eb73d4c302,dataset_batik/non_batik/modern/modern (3).png,non_batik,0,modern,cv_pool,True,contrast1p04,89.19992065429688,684.0,6.111380601869163,0.6014049126193013,6.695086149712726,33.12415614062984
dataset_aug/cv_pool/non_batik/modern_3__33eb73d4c302__rot180_0218.jpg,33eb73d4c302,33eb73d4c302,dataset_batik/non_batik/modern/modern (3).png,non_batik,0,modern,cv_pool,True,rot180,83.22312927246094,642.0,6.146672359809067,0.5989004538291047,6.6783292864516355,32.89261375883183
dataset_aug/cv_pool/non_batik/modern_3__33eb73d4c302__rot90_0154.jpg,33eb73d4c302,33eb73d4c302,dataset_batik/non_batik/modern/modern (3).png,non_batik,0,modern,cv_pool,True,rot90,81.96447372436523,635.0,6.139104057288663,0.5993336014642304,6.6845706659472395,32.861490592250824
dataset_aug/cv_pool/non_batik/bunga_10__3424f5620431__orig_0139.png,3424f5620431,3424f5620431,dataset_batik/non_batik/bunga_nonbatik/bunga (10).png,non_batik,0,bunga_nonbatik,cv_pool,False,original,156.0347900390625,908.0,5.444488647647303,0.5865594979224483,6.891784446353481,10.794496623059864
dataset_aug/cv_pool/non_batik/bunga_10__3424f5620431__brightness0p87_0107.jpg,3424f5620431,3424f5620431,dataset_batik/non_batik/bunga_nonbatik/bunga (10).png,non_batik,0,bunga_nonbatik,cv_pool,True,brightness0p87,151.34735107421875,880.0,5.524104681375457,0.5813121962960326,6.910815226012656,10.878491581653591
dataset_aug/cv_pool/non_batik/bunga_10__3424f5620431__contrast0p94_0171.jpg,3424f5620431,3424f5620431,dataset_batik/non_batik/bunga_nonbatik/bunga (10).png,non_batik,0,bunga_nonbatik,cv_pool,True,contrast0p94,153.3917236328125,880.0,5.269639542675706,0.6035084990054788,6.902058396393255,10.924770538931579
dataset_aug/cv_pool/non_batik/bunga_10__3424f5620431__rot90_0235.jpg,3424f5620431,3424f5620431,dataset_batik/non_batik/bunga_nonbatik/bunga (10).png,non_batik,0,bunga_nonbatik,cv_pool,True,rot90,156.77290725708008,907.0,5.459772735017568,0.5843972470526759,6.905144054490024,10.7932604894944
dataset_aug/cv_pool/non_batik/bunga_10__3424f5620431__zoom09_0043.jpg,3424f5620431,3424f5620431,dataset_batik/non_batik/bunga_nonbatik/bunga (10).png,non_batik,0,bunga_nonbatik,cv_pool,True,zoom09,194.91634368896484,1050.0,5.479815959644316,0.5496013751302116,7.017524391414689,9.62602845318164
dataset_aug/cv_pool/non_batik/tenun_8__372c786cc900__orig_0200.png,372c786cc900,372c786cc900,dataset_batik/non_batik/tenun/tenun (8).png,non_batik,0,tenun,cv_pool,False,original,0.0,0.0,6.796646778984325,0.4822821439457818,6.761917228815987,30.960043011763
dataset_aug/cv_pool/non_batik/tenun_8__372c786cc900__flip_h_0194.jpg,372c786cc900,372c786cc900,dataset_batik/non_batik/tenun/tenun (8).png,non_batik,0,tenun,cv_pool,True,flip_h,0.0,0.0,6.79980835135377,0.4806496908242202,6.778603766848612,30.96299489824255
dataset_aug/cv_pool/non_batik/tenun_8__372c786cc900__rot-7p0_0130.jpg,372c786cc900,372c786cc900,dataset_batik/non_batik/tenun/tenun (8).png,non_batik,0,tenun,cv_pool,True,rot-7p0,155.68484497070312,1064.0,6.8104984588146475,0.48442087834473635,6.819404372205244,32.83795351452329
dataset_aug/cv_pool/non_batik/tenun_8__372c786cc900__rot180_0002.jpg,372c786cc900,372c786cc900,dataset_batik/non_batik/tenun/tenun (8).png,non_batik,0,tenun,cv_pool,True,rot180,0.0,0.0,6.797548461845997,0.4812303999049782,6.7768527853299005,30.99524836567356
dataset_aug/cv_pool/non_batik/tenun_8__372c786cc900__rot270_0066.jpg,372c786cc900,372c786cc900,dataset_batik/non_batik/tenun/tenun (8).png,non_batik,0,tenun,cv_pool,True,rot270,0.0,0.0,6.803719248359518,0.4808782230157219,6.770967063134037,30.84110460402889
dataset_aug/cv_pool/non_batik/polos_4__378df26e0ccb__orig_0186.png,378df26e0ccb,378df26e0ccb,dataset_batik/non_batik/polos/polos (4).png,non_batik,0,polos,cv_pool,False,original,0.0,0.0,3.698682878674974,0.714018092595798,6.492196579748569,12.719750528094046
dataset_aug/cv_pool/non_batik/polos_4__378df26e0ccb__brightness0p95_0071.jpg,378df26e0ccb,378df26e0ccb,dataset_batik/non_batik/polos/polos (4).png,non_batik,0,polos,cv_pool,True,brightness0p95,0.0,0.0,3.7580601292981863,0.7128304797874742,6.475780695793349,12.155575816983447
dataset_aug/cv_pool/non_batik/polos_4__378df26e0ccb__contrast1p04_0135.jpg,378df26e0ccb,378df26e0ccb,dataset_batik/non_batik/polos/polos (4).png,non_batik,0,polos,cv_pool,True,contrast1p04,0.0,0.0,3.7503950656390663,0.7123916040194515,6.4820992208909125,11.923650810376586
dataset_aug/cv_pool/non_batik/polos_4__378df26e0ccb__rot90_0199.jpg,378df26e0ccb,378df26e0ccb,dataset_batik/non_batik/polos/polos (4).png,non_batik,0,polos,cv_pool,True,rot90,0.0,0.0,3.755465002140982,0.7078250922500382,6.476561331822326,12.345910001467203
dataset_aug/cv_pool/non_batik/polos_4__378df26e0ccb__zoom04_0007.jpg,378df26e0ccb,378df26e0ccb,dataset_batik/non_batik/polos/polos (4).png,non_batik,0,polos,cv_pool,True,zoom04,0.0,0.0,3.509381094741498,0.7356141490854814,6.59081825896474,8.285859515241313
dataset_aug/cv_pool/non_batik/polos_8__3b5356f36723__orig_0190.png,3b5356f36723,3b5356f36723,dataset_batik/non_batik/polos/polos (8).png,non_batik,0,polos,cv_pool,False,original,0.5673294067382812,42.0,3.8192458072843873,0.6963434024121749,6.579531136823196,10.303604397802571
dataset_aug/cv_pool/non_batik/polos_8__3b5356f36723__flip_h_0077.jpg,3b5356f36723,3b5356f36723,dataset_batik/non_batik/polos/polos (8).png,non_batik,0,polos,cv_pool,True,flip_h,0.6006546020507812,46.0,3.8368658247937244,0.6940945460290573,6.605130268155067,9.992503073076879
dataset_aug/cv_pool/non_batik/polos_8__3b5356f36723__flip_v_0141.jpg,3b5356f36723,3b5356f36723,dataset_batik/non_batik/polos/polos (8).png,non_batik,0,polos,cv_pool,True,flip_v,0.6525955200195312,46.0,3.8608515406386177,0.6924383557623264,6.603046699698601,10.20774245323404
dataset_aug/cv_pool/non_batik/polos_8__3b5356f36723__rot-14p4_0013.jpg,3b5356f36723,3b5356f36723,dataset_batik/non_batik/polos/polos (8).png,non_batik,0,polos,cv_pool,True,rot-14p4,0.1527862548828125,17.0,3.659690401555468,0.7124583159298177,6.645925998026003,6.138305350490151
dataset_aug/cv_pool/non_batik/polos_8__3b5356f36723__zoom06_0205.jpg,3b5356f36723,3b5356f36723,dataset_batik/non_batik/polos/polos (8).png,non_batik,0,polos,cv_pool,True,zoom06,0.11627197265625,12.0,3.752418721177658,0.6873830953462035,6.640185366276212,6.611992337937386
dataset_aug/cv_pool/non_batik/polos_1__3c1f730579dc__orig_0182.png,3c1f730579dc,3c1f730579dc,dataset_batik/non_batik/polos/polos (1).png,non_batik,0,polos,cv_pool,False,original,0.0,0.0,2.6300681921859637,0.8466534916597876,6.682060799806283,11.452391830501504
dataset_aug/cv_pool/non_batik/polos_1__3c1f730579dc__flip_h_0212.jpg,3c1f730579dc,3c1f730579dc,dataset_batik/non_batik/polos/polos (1).png,non_batik,0,polos,cv_pool,True,flip_h,0.0,0.0,2.7279464635182826,0.8313249283403535,6.7052191452546825,11.215749069464081
dataset_aug/cv_pool/non_batik/polos_1__3c1f730579dc__rot-9p0_0148.jpg,3c1f730579dc,3c1f730579dc,dataset_batik/non_batik/polos/polos (1).png,non_batik,0,polos,cv_pool,True,rot-9p0,0.09006500244140625,10.0,2.438824221115691,0.8807653779954846,6.710887280136959,6.343373981253655
dataset_aug/cv_pool/non_batik/polos_1__3c1f730579dc__rot180_0020.jpg,3c1f730579dc,3c1f730579dc,dataset_batik/non_batik/polos/polos (1).png,non_batik,0,polos,cv_pool,True,rot180,0.0,0.0,2.721902739801478,0.8314951815554834,6.705181687237497,11.217687352096343
dataset_aug/cv_pool/non_batik/polos_1__3c1f730579dc__rot270_0084.jpg,3c1f730579dc,3c1f730579dc,dataset_batik/non_batik/polos/polos (1).png,non_batik,0,polos,cv_pool,True,rot270,0.0,0.0,2.718474813802233,0.8326948094916927,6.702457505200179,10.946916493250587
dataset_aug/cv_pool/non_batik/modern_5__3ca855a91edc__orig_0175.png,3ca855a91edc,3ca855a91edc,dataset_batik/non_batik/modern/modern (5).png,non_batik,0,modern,cv_pool,False,original,60.8565559387207,811.0,4.267684822403192,0.7445294473034927,6.6929469699116755,13.89336484934909
dataset_aug/cv_pool/non_batik/modern_5__3ca855a91edc__flip_h_0059.jpg,3ca855a91edc,3ca855a91edc,dataset_batik/non_batik/modern/modern (5).png,non_batik,0,modern,cv_pool,True,flip_h,60.556793212890625,805.0,4.301018315038846,0.7424488433655667,6.711439045351902,14.01336979287528
dataset_aug/cv_pool/non_batik/modern_5__3ca855a91edc__flip_v_0123.jpg,3ca855a91edc,3ca855a91edc,dataset_batik/non_batik/modern/modern (5).png,non_batik,0,modern,cv_pool,True,flip_v,61.60209274291992,813.0,4.296876881739416,0.7412152822613232,6.712131968912001,13.915664695523963
dataset_aug/cv_pool/non_batik/modern_5__3ca855a91edc__zoom05_0187.jpg,3ca855a91edc,3ca855a91edc,dataset_batik/non_batik/modern/modern (5).png,non_batik,0,modern,cv_pool,True,zoom05,65.65656661987305,851.0,4.321414972136194,0.7277588188288457,6.78870079664745,16.632133192349993
dataset_aug/cv_pool/non_batik/geometris_9__3d11a9f87152__orig_0165.png,3d11a9f87152,3d11a9f87152,dataset_batik/non_batik/geometris/geometris (9).png,non_batik,0,geometris,cv_pool,False,original,5.038204193115234,169.0,3.474965624344267,0.8011690827684239,6.674740130628089,122.00231267422902
dataset_aug/cv_pool/non_batik/geometris_9__3d11a9f87152__flip_h_0113.jpg,3d11a9f87152,3d11a9f87152,dataset_batik/non_batik/geometris/geometris (9).png,non_batik,0,geometris,cv_pool,True,flip_h,4.730690002441406,169.0,3.5284184424974194,0.7938816180359852,6.702558188906657,120.3241417344968
dataset_aug/cv_pool/non_batik/geometris_9__3d11a9f87152__flip_v_0177.jpg,3d11a9f87152,3d11a9f87152,dataset_batik/non_batik/geometris/geometris (9).png,non_batik,0,geometris,cv_pool,True,flip_v,5.0738525390625,170.0,3.52520062249319,0.7929626819998635,6.696394748667948,120.28355678724816
dataset_aug/cv_pool/non_batik/geometris_9__3d11a9f87152__rot-6p9_0049.jpg,3d11a9f87152,3d11a9f87152,dataset_batik/non_batik/geometris/geometris (9).png,non_batik,0,geometris,cv_pool,True,rot-6p9,4.830615997314453,169.0,3.16416702050215,0.8414350723582422,6.736346851871874,146.62893951925358
dataset_aug/cv_pool/non_batik/bunga1__3d5238641255__orig_0148.jpg,3d5238641255,3d5238641255,dataset_batik/non_batik/bunga_nonbatik/bunga1.jpg,non_batik,0,bunga_nonbatik,cv_pool,False,original,178.56937408447266,1109.0,7.001166839147958,0.4476415083561275,6.953624755760709,26.921744919426075
dataset_aug/cv_pool/non_batik/bunga1__3d5238641255__brightness1p03_0134.jpg,3d5238641255,3d5238641255,dataset_batik/non_batik/bunga_nonbatik/bunga1.jpg,non_batik,0,bunga_nonbatik,cv_pool,True,brightness1p03,182.9619140625,1152.0,6.967829311734962,0.4512567979553129,6.9607756144865425,27.43222554075791
dataset_aug/cv_pool/non_batik/bunga1__3d5238641255__contrast0p96_0198.jpg,3d5238641255,3d5238641255,dataset_batik/non_batik/bunga_nonbatik/bunga1.jpg,non_batik,0,bunga_nonbatik,cv_pool,True,contrast0p96,178.73261260986328,1117.0,6.981972558391999,0.4505798747428884,6.952566694830248,26.724344370064486
dataset_aug/cv_pool/non_batik/bunga1__3d5238641255__flip_v_0006.jpg,3d5238641255,3d5238641255,dataset_batik/non_batik/bunga_nonbatik/bunga1.jpg,non_batik,0,bunga_nonbatik,cv_pool,True,flip_v,186.62612915039062,1164.0,7.011034101832871,0.44604305231935704,6.960568668146148,26.79741206081373
dataset_aug/cv_pool/non_batik/bunga1__3d5238641255__zoom06_0070.jpg,3d5238641255,3d5238641255,dataset_batik/non_batik/bunga_nonbatik/bunga1.jpg,non_batik,0,bunga_nonbatik,cv_pool,True,zoom06,173.27001571655273,1095.0,6.957226070431243,0.4587668620893589,6.963493267066484,30.434130384423035
dataset_aug/cv_pool/non_batik/tenun_4__3db82daf6e86__orig_0196.png,3db82daf6e86,3db82daf6e86,dataset_batik/non_batik/tenun/tenun (4).png,non_batik,0,tenun,cv_pool,False,original,0.0,0.0,6.297014091992616,0.5347768804991424,6.674118941908112,44.5708291157499
dataset_aug/cv_pool/non_batik/tenun_4__3db82daf6e86__brightness1p12_0116.jpg,3db82daf6e86,3db82daf6e86,dataset_batik/non_batik/tenun/tenun (4).png,non_batik,0,tenun,cv_pool,True,brightness1p12,0.0,0.0,6.224995873558512,0.5385014919836885,6.680417793168086,44.9949953961692
dataset_aug/cv_pool/non_batik/tenun_4__3db82daf6e86__contrast1p10_0180.jpg,3db82daf6e86,3db82daf6e86,dataset_batik/non_batik/tenun/tenun (4).png,non_batik,0,tenun,cv_pool,True,contrast1p10,0.0,0.0,6.529504908505526,0.5113496811858909,6.68386691936679,45.16796275196546
dataset_aug/cv_pool/non_batik/tenun_4__3db82daf6e86__zoom03_0052.jpg,3db82daf6e86,3db82daf6e86,dataset_batik/non_batik/tenun/tenun (4).png,non_batik,0,tenun,cv_pool,True,zoom03,0.0,0.0,6.394210996293571,0.51523362836644,6.707414217806811,42.834694250047654
dataset_aug/cv_pool/non_batik/modern_8__3f3ad4376dd0__orig_0178.png,3f3ad4376dd0,3f3ad4376dd0,dataset_batik/non_batik/modern/modern (8).png,non_batik,0,modern,cv_pool,False,original,172.9478759765625,1452.0,4.619904804868966,0.6975321336618803,6.860122182309766,22.02317495752639
dataset_aug/cv_pool/non_batik/modern_8__3f3ad4376dd0__flip_h_0203.jpg,3f3ad4376dd0,3f3ad4376dd0,dataset_batik/non_batik/modern/modern (8).png,non_batik,0,modern,cv_pool,True,flip_h,178.9964942932129,1489.0,4.638016640147674,0.6934900097394984,6.869679292431291,22.018448522074276
dataset_aug/cv_pool/non_batik/modern_8__3f3ad4376dd0__rot-11p5_0139.jpg,3f3ad4376dd0,3f3ad4376dd0,dataset_batik/non_batik/modern/modern (8).png,non_batik,0,modern,cv_pool,True,rot-11p5,185.76109313964844,1538.0,4.640283677139061,0.6854366250792217,6.866166407780176,22.101139432320178
dataset_aug/cv_pool/non_batik/modern_8__3f3ad4376dd0__rot180_0011.jpg,3f3ad4376dd0,3f3ad4376dd0,dataset_batik/non_batik/modern/modern (8).png,non_batik,0,modern,cv_pool,True,rot180,175.0843620300293,1461.0,4.621670780911678,0.6937672374604508,6.867119105142592,22.07101691256417
dataset_aug/cv_pool/non_batik/modern_8__3f3ad4376dd0__rot270_0075.jpg,3f3ad4376dd0,3f3ad4376dd0,dataset_batik/non_batik/modern/modern (8).png,non_batik,0,modern,cv_pool,True,rot270,175.08993530273438,1461.0,4.628020535942483,0.6923002965643017,6.862865792310531,21.97440746618
dataset_aug/cv_pool/non_batik/geometris_6__41c663680f51__orig_0162.png,41c663680f51,41c663680f51,dataset_batik/non_batik/geometris/geometris (6).png,non_batik,0,geometris,cv_pool,False,original,0.0,0.0,5.253594411379813,0.5934459377198356,6.5889557716284575,29.955217145472506
dataset_aug/cv_pool/non_batik/geometris_6__41c663680f51__rot-13p1_0193.jpg,41c663680f51,41c663680f51,dataset_batik/non_batik/geometris/geometris (6).png,non_batik,0,geometris,cv_pool,True,rot-13p1,14.598430633544922,127.0,5.122036419156555,0.611303657201115,6.743510039956414,31.227108359891414
dataset_aug/cv_pool/non_batik/geometris_6__41c663680f51__rot180_0065.jpg,41c663680f51,41c663680f51,dataset_batik/non_batik/geometris/geometris (6).png,non_batik,0,geometris,cv_pool,True,rot180,0.0,0.0,5.266700871424289,0.590605929516919,6.608310358832139,30.015752870582354
dataset_aug/cv_pool/non_batik/geometris_6__41c663680f51__rot270_0129.jpg,41c663680f51,41c663680f51,dataset_batik/non_batik/geometris/geometris (6).png,non_batik,0,geometris,cv_pool,True,rot270,0.0,0.0,5.26702159106494,0.590641940093476,6.607090535021911,29.873806933077457
dataset_aug/cv_pool/non_batik/geometris_6__41c663680f51__rot90_0001.jpg,41c663680f51,41c663680f51,dataset_batik/non_batik/geometris/geometris (6).png,non_batik,0,geometris,cv_pool,True,rot90,0.0,0.0,5.272687663641046,0.5900419656157032,6.6054373681877285,30.083632061446718
dataset_aug/cv_pool/non_batik/geometris_1__4b2cb2577a69__orig_0156.png,4b2cb2577a69,4b2cb2577a69,dataset_batik/non_batik/geometris/geometris (1).png,non_batik,0,geometris,cv_pool,False,original,0.16061019897460938,1.0,6.274412883792831,0.5749068119792454,6.082930847129743,175.99133780063045
dataset_aug/cv_pool/non_batik/geometris_1__4b2cb2577a69__contrast0p86_0036.jpg,4b2cb2577a69,4b2cb2577a69,dataset_batik/non_batik/geometris/geometris (1).png,non_batik,0,geometris,cv_pool,True,contrast0p86,0.4627189636230469,3.0,6.13687818543984,0.5846411548247368,6.089471748040088,179.32089347038277
dataset_aug/cv_pool/non_batik/geometris_1__4b2cb2577a69__rot180_0164.jpg,4b2cb2577a69,4b2cb2577a69,dataset_batik/non_batik/geometris/geometris (1).png,non_batik,0,geometris,cv_pool,True,rot180,0.6079559326171875,4.0,6.27042863827536,0.5724940462450756,6.092300298374511,174.53774205151325
dataset_aug/cv_pool/non_batik/geometris_1__4b2cb2577a69__rot270_0228.jpg,4b2cb2577a69,4b2cb2577a69,dataset_batik/non_batik/geometris/geometris (1).png,non_batik,0,geometris,cv_pool,True,rot270,0.7624435424804688,5.0,6.2750833819306475,0.5722071897501545,6.101632233515854,175.289009697146
dataset_aug/cv_pool/non_batik/geometris_1__4b2cb2577a69__rot90_0100.jpg,4b2cb2577a69,4b2cb2577a69,dataset_batik/non_batik/geometris/geometris (1).png,non_batik,0,geometris,cv_pool,True,rot90,0.9702529907226562,6.0,6.2715393604039225,0.572485588519131,6.093972765767061,174.67438550423645
dataset_aug/cv_pool/non_batik/polkadot5__4bd0134802da__orig_0181.jpg,4bd0134802da,4bd0134802da,dataset_batik/non_batik/polkadot/polkadot5.jpg,non_batik,0,polkadot,cv_pool,False,original,34.789581298828125,360.0,5.893305394843212,0.6908777273395736,6.005228794684486,132.21668761003016
dataset_aug/cv_pool/non_batik/polkadot5__4bd0134802da__brightness1p10_0062.jpg,4bd0134802da,4bd0134802da,dataset_batik/non_batik/polkadot/polkadot5.jpg,non_batik,0,polkadot,cv_pool,True,brightness1p10,39.097076416015625,406.0,5.499907530283577,0.7114705070109164,6.03961963526184,134.04923580065082
dataset_aug/cv_pool/non_batik/polkadot5__4bd0134802da__contrast0p95_0126.jpg,4bd0134802da,4bd0134802da,dataset_batik/non_batik/polkadot/polkadot5.jpg,non_batik,0,polkadot,cv_pool,True,contrast0p95,32.54164123535156,339.0,5.879599630719623,0.6889893073278881,6.2051346235092355,131.52550483928718
dataset_aug/cv_pool/non_batik/polkadot5__4bd0134802da__rot90_0190.jpg,4bd0134802da,4bd0134802da,dataset_batik/non_batik/polkadot/polkadot5.jpg,non_batik,0,polkadot,cv_pool,True,rot90,35.7550048828125,360.0,5.916321403439832,0.6853118422669753,6.2610153229728205,131.90340947215216
dataset_aug/cv_pool/non_batik/polos_3__51819fbbc26f__orig_0185.png,51819fbbc26f,51819fbbc26f,dataset_batik/non_batik/polos/polos (3).png,non_batik,0,polos,cv_pool,False,original,0.0,0.0,4.218742876210691,0.6508360074546871,6.7154826069853835,10.930210747772351
dataset_aug/cv_pool/non_batik/polos_3__51819fbbc26f__rot180_0128.jpg,51819fbbc26f,51819fbbc26f,dataset_batik/non_batik/polos/polos (3).png,non_batik,0,polos,cv_pool,True,rot180,0.0,0.0,4.259212260744037,0.6457629941401872,6.742070565536488,10.975944886412448
dataset_aug/cv_pool/non_batik/polos_3__51819fbbc26f__rot270_0192.jpg,51819fbbc26f,51819fbbc26f,dataset_batik/non_batik/polos/polos (3).png,non_batik,0,polos,cv_pool,True,rot270,0.0,0.0,4.266942319502073,0.6450349813589493,6.742377447824907,11.001309212230915
dataset_aug/cv_pool/non_batik/polos_3__51819fbbc26f__rot90_0064.jpg,51819fbbc26f,51819fbbc26f,dataset_batik/non_batik/polos/polos (3).png,non_batik,0,polos,cv_pool,True,rot90,0.0,0.0,4.271890819290309,0.6444044601031798,6.7421465089442565,10.53491803844627
dataset_aug/cv_pool/non_batik/modern_10__5749ecfbcd39__orig_0171.png,5749ecfbcd39,5749ecfbcd39,dataset_batik/non_batik/modern/modern (10).png,non_batik,0,modern,cv_pool,False,original,75.45356750488281,695.0,6.238932757117409,0.6237079529536425,6.898382860846603,44.199049684745304
dataset_aug/cv_pool/non_batik/modern_10__5749ecfbcd39__brightness0p97_0224.jpg,5749ecfbcd39,5749ecfbcd39,dataset_batik/non_batik/modern/modern (10).png,non_batik,0,modern,cv_pool,True,brightness0p97,76.63589477539062,718.0,6.256750310104005,0.6256674218733391,6.907443257277301,44.191406661086525
dataset_aug/cv_pool/non_batik/modern_10__5749ecfbcd39__flip_h_0032.jpg,5749ecfbcd39,5749ecfbcd39,dataset_batik/non_batik/modern/modern (10).png,non_batik,0,modern,cv_pool,True,flip_h,80.03483581542969,748.0,6.24889310918467,0.6221415477718335,6.906482920892323,44.23849241495076
dataset_aug/cv_pool/non_batik/modern_10__5749ecfbcd39__flip_v_0096.jpg,5749ecfbcd39,5749ecfbcd39,dataset_batik/non_batik/modern/modern (10).png,non_batik,0,modern,cv_pool,True,flip_v,73.34197998046875,688.0,6.2452314265048,0.6226037780214893,6.906915069204417,44.1187095057918
dataset_aug/cv_pool/non_batik/modern_10__5749ecfbcd39__zoom08_0160.jpg,5749ecfbcd39,5749ecfbcd39,dataset_batik/non_batik/modern/modern (10).png,non_batik,0,modern,cv_pool,True,zoom08,107.69185638427734,858.0,6.642818610613718,0.5743724667712831,6.961649648345427,49.78123432271566
dataset_aug/cv_pool/non_batik/polos_10__5f82b8c47ed9__orig_0183.png,5f82b8c47ed9,5f82b8c47ed9,dataset_batik/non_batik/polos/polos (10).png,non_batik,0,polos,cv_pool,False,original,0.0,0.0,4.875953391884923,0.5768454915559103,6.665531609271382,8.90915478056594
dataset_aug/cv_pool/non_batik/polos_10__5f82b8c47ed9__brightness0p87_0206.jpg,5f82b8c47ed9,5f82b8c47ed9,dataset_batik/non_batik/polos/polos (10).png,non_batik,0,polos,cv_pool,True,brightness0p87,0.0,0.0,5.011186902120822,0.5747118157880865,6.709802969042558,8.728377985942277
dataset_aug/cv_pool/non_batik/polos_10__5f82b8c47ed9__flip_h_0014.jpg,5f82b8c47ed9,5f82b8c47ed9,dataset_batik/non_batik/polos/polos (10).png,non_batik,0,polos,cv_pool,True,flip_h,0.0,0.0,4.921581705922781,0.5732347411447487,6.698668590519898,8.650837006152136
dataset_aug/cv_pool/non_batik/polos_10__5f82b8c47ed9__flip_v_0078.jpg,5f82b8c47ed9,5f82b8c47ed9,dataset_batik/non_batik/polos/polos (10).png,non_batik,0,polos,cv_pool,True,flip_v,0.0,0.0,4.893058822122706,0.575423786658566,6.690331363297325,8.750325471468546
dataset_aug/cv_pool/non_batik/polos_10__5f82b8c47ed9__zoom05_0142.jpg,5f82b8c47ed9,5f82b8c47ed9,dataset_batik/non_batik/polos/polos (10).png,non_batik,0,polos,cv_pool,True,zoom05,0.0,0.0,4.255958078521361,0.6319673688738464,6.71207898827878,9.016868321385102
dataset_aug/cv_pool/non_batik/bunga2__62ac50dcc85a__orig_0149.jpg,62ac50dcc85a,62ac50dcc85a,dataset_batik/non_batik/bunga_nonbatik/bunga2.jpg,non_batik,0,bunga_nonbatik,cv_pool,False,original,118.88748550415039,1053.0,6.083652105302193,0.5725087626670982,6.976476286633066,31.49912060577457
dataset_aug/cv_pool/non_batik/bunga2__62ac50dcc85a__contrast0p88_0018.jpg,62ac50dcc85a,62ac50dcc85a,dataset_batik/non_batik/bunga_nonbatik/bunga2.jpg,non_batik,0,bunga_nonbatik,cv_pool,True,contrast0p88,100.09867095947266,977.0,5.94522329743962,0.5908533293427104,6.978192189537977,32.532765277687524
dataset_aug/cv_pool/non_batik/bunga2__62ac50dcc85a__rot180_0146.jpg,62ac50dcc85a,62ac50dcc85a,dataset_batik/non_batik/bunga_nonbatik/bunga2.jpg,non_batik,0,bunga_nonbatik,cv_pool,True,rot180,117.96010971069336,1057.0,6.089078474318002,0.5716366359542213,6.978092332180545,31.443754349248554
dataset_aug/cv_pool/non_batik/bunga2__62ac50dcc85a__rot270_0210.jpg,62ac50dcc85a,62ac50dcc85a,dataset_batik/non_batik/bunga_nonbatik/bunga2.jpg,non_batik,0,bunga_nonbatik,cv_pool,True,rot270,117.489990234375,1056.0,6.080948778131674,0.5722650824532755,6.975720331242038,31.5459622893674
dataset_aug/cv_pool/non_batik/bunga2__62ac50dcc85a__rot90_0082.jpg,62ac50dcc85a,62ac50dcc85a,dataset_batik/non_batik/bunga_nonbatik/bunga2.jpg,non_batik,0,bunga_nonbatik,cv_pool,True,rot90,120.29658508300781,1062.0,6.085592716731371,0.5719489511205622,6.978245421102194,31.49189795851484
dataset_aug/cv_pool/non_batik/kotak5__648259d35596__orig_0169.jpg,648259d35596,648259d35596,dataset_batik/non_batik/kotak/kotak5.jpg,non_batik,0,kotak,cv_pool,False,original,6.7340087890625,59.0,5.400286676210922,0.6054553204312508,5.589616497034856,136.4008166198201
dataset_aug/cv_pool/non_batik/kotak5__648259d35596__rot-3p1_0202.jpg,648259d35596,648259d35596,dataset_batik/non_batik/kotak/kotak5.jpg,non_batik,0,kotak,cv_pool,True,rot-3p1,10.12115478515625,88.0,4.958955911583855,0.6815522066123845,5.7588421125859615,204.45075263763303
dataset_aug/cv_pool/non_batik/kotak5__648259d35596__rot180_0074.jpg,648259d35596,648259d35596,dataset_batik/non_batik/kotak/kotak5.jpg,non_batik,0,kotak,cv_pool,True,rot180,6.265296936035156,55.0,5.42916016305389,0.6033249834991121,5.70944855570988,135.6835094884942
dataset_aug/cv_pool/non_batik/kotak5__648259d35596__rot270_0138.jpg,648259d35596,648259d35596,dataset_batik/non_batik/kotak/kotak5.jpg,non_batik,0,kotak,cv_pool,True,rot270,6.487689971923828,57.0,5.423197385348762,0.6036458967351075,5.707471220398258,135.99306639422247
dataset_aug/cv_pool/non_batik/kotak5__648259d35596__rot90_0010.jpg,648259d35596,648259d35596,dataset_batik/non_batik/kotak/kotak5.jpg,non_batik,0,kotak,cv_pool,True,rot90,6.4892120361328125,57.0,5.416073546955466,0.6041533024345912,5.702687581791783,135.88070341841595
dataset_aug/cv_pool/non_batik/modern_6__699c4602a8e0__orig_0176.png,699c4602a8e0,699c4602a8e0,dataset_batik/non_batik/modern/modern (6).png,non_batik,0,modern,cv_pool,False,original,77.2172622680664,647.0,6.322497611972094,0.6080713819713806,6.872036893518128,27.95703117070798
dataset_aug/cv_pool/non_batik/modern_6__699c4602a8e0__flip_h_0086.jpg,699c4602a8e0,699c4602a8e0,dataset_batik/non_batik/modern/modern (6).png,non_batik,0,modern,cv_pool,True,flip_h,81.77592849731445,673.0,6.325478451328944,0.6080967723236959,6.888170791899281,28.114623749787295
dataset_aug/cv_pool/non_batik/modern_6__699c4602a8e0__flip_v_0150.jpg,699c4602a8e0,699c4602a8e0,dataset_batik/non_batik/modern/modern (6).png,non_batik,0,modern,cv_pool,True,flip_v,79.56216430664062,669.0,6.32110087314027,0.6074082744670326,6.873652897136445,27.971038340791164
dataset_aug/cv_pool/non_batik/modern_6__699c4602a8e0__rot+2p0_0022.jpg,699c4602a8e0,699c4602a8e0,dataset_batik/non_batik/modern/modern (6).png,non_batik,0,modern,cv_pool,True,rot+2p0,85.71533203125,705.0,6.288735986873552,0.6137547614602027,6.8489485964730275,29.36262727469409
dataset_aug/cv_pool/non_batik/modern_6__699c4602a8e0__zoom04_0214.jpg,699c4602a8e0,699c4602a8e0,dataset_batik/non_batik/modern/modern (6).png,non_batik,0,modern,cv_pool,True,zoom04,95.19039154052734,730.0,6.471457453155845,0.5903714405467863,6.88652140864604,30.877258157975476
dataset_aug/cv_pool/non_batik/modern_9__6a5fca546dc0__orig_0179.png,6a5fca546dc0,6a5fca546dc0,dataset_batik/non_batik/modern/modern (9).png,non_batik,0,modern,cv_pool,False,original,33.92526626586914,321.0,5.828646378627633,0.6493065211593516,6.775244365265508,34.71487081618749
dataset_aug/cv_pool/non_batik/modern_9__6a5fca546dc0__brightness0p85_0170.jpg,6a5fca546dc0,6a5fca546dc0,dataset_batik/non_batik/modern/modern (9).png,non_batik,0,modern,cv_pool,True,brightness0p85,25.288616180419922,273.0,5.680638366662189,0.6752733431763682,6.801712808866376,38.52069864315607
dataset_aug/cv_pool/non_batik/modern_9__6a5fca546dc0__contrast1p10_0234.jpg,6a5fca546dc0,6a5fca546dc0,dataset_batik/non_batik/modern/modern (9).png,non_batik,0,modern,cv_pool,True,contrast1p10,38.43148422241211,349.0,5.815826634358542,0.6415428241290807,6.78556996531619,34.09962468267678
dataset_aug/cv_pool/non_batik/modern_9__6a5fca546dc0__flip_v_0042.jpg,6a5fca546dc0,6a5fca546dc0,dataset_batik/non_batik/modern/modern (9).png,non_batik,0,modern,cv_pool,True,flip_v,27.47852325439453,270.0,5.843544971304055,0.6461837926632157,6.788386325569526,34.66353215598488
dataset_aug/cv_pool/non_batik/modern_9__6a5fca546dc0__zoom07_0106.jpg,6a5fca546dc0,6a5fca546dc0,dataset_batik/non_batik/modern/modern (9).png,non_batik,0,modern,cv_pool,True,zoom07,42.10126876831055,355.0,6.135215336842855,0.6172290437423456,6.805413414023053,31.22942836796005
dataset_aug/cv_pool/non_batik/polos_7__6b6b7bdfe34a__orig_0189.png,6b6b7bdfe34a,6b6b7bdfe34a,dataset_batik/non_batik/polos/polos (7).png,non_batik,0,polos,cv_pool,False,original,1.611663818359375,88.0,4.2569256903813955,0.6454832245258124,6.465874911160103,9.324110059050687
dataset_aug/cv_pool/non_batik/polos_7__6b6b7bdfe34a__flip_h_0221.jpg,6b6b7bdfe34a,6b6b7bdfe34a,dataset_batik/non_batik/polos/polos (7).png,non_batik,0,polos,cv_pool,True,flip_h,2.1537399291992188,101.0,4.311297127678493,0.6400860367806862,6.490008186737445,9.112205190513167
dataset_aug/cv_pool/non_batik/polos_7__6b6b7bdfe34a__rot+14p5_0157.jpg,6b6b7bdfe34a,6b6b7bdfe34a,dataset_batik/non_batik/polos/polos (7).png,non_batik,0,polos,cv_pool,True,rot+14p5,0.10809326171875,14.0,3.85708327718518,0.6921244051622097,6.516178847288658,10.80899528901385
dataset_aug/cv_pool/non_batik/polos_7__6b6b7bdfe34a__rot180_0029.jpg,6b6b7bdfe34a,6b6b7bdfe34a,dataset_batik/non_batik/polos/polos (7).png,non_batik,0,polos,cv_pool,True,rot180,2.1513290405273438,102.0,4.312155073450817,0.6398108576317172,6.490314572374293,9.117229939515592
dataset_aug/cv_pool/non_batik/polos_7__6b6b7bdfe34a__rot270_0093.jpg,6b6b7bdfe34a,6b6b7bdfe34a,dataset_batik/non_batik/polos/polos (7).png,non_batik,0,polos,cv_pool,True,rot270,2.145355224609375,107.0,4.292452457128761,0.63989190766351,6.492279060261959,9.111788461032168
dataset_aug/cv_pool/non_batik/bunga_4__7a26d7e18b89__orig_0142.png,7a26d7e18b89,7a26d7e18b89,dataset_batik/non_batik/bunga_nonbatik/bunga (4).png,non_batik,0,bunga_nonbatik,cv_pool,False,original,105.43007278442383,739.0,5.587612148039105,0.605298917423689,6.827309173921156,14.501768188877515
dataset_aug/cv_pool/non_batik/bunga_4__7a26d7e18b89__flip_h_0149.jpg,7a26d7e18b89,7a26d7e18b89,dataset_batik/non_batik/bunga_nonbatik/bunga (4).png,non_batik,0,bunga_nonbatik,cv_pool,True,flip_h,109.65679168701172,755.0,5.581784032391312,0.6037892955072814,6.852624392546161,14.530402189325015
dataset_aug/cv_pool/non_batik/bunga_4__7a26d7e18b89__flip_v_0213.jpg,7a26d7e18b89,7a26d7e18b89,dataset_batik/non_batik/bunga_nonbatik/bunga (4).png,non_batik,0,bunga_nonbatik,cv_pool,True,flip_v,109.95426559448242,763.0,5.588783272159196,0.6040304489650623,6.83765952824008,14.543204124588838
dataset_aug/cv_pool/non_batik/bunga_4__7a26d7e18b89__rot+10p8_0085.jpg,7a26d7e18b89,7a26d7e18b89,dataset_batik/non_batik/bunga_nonbatik/bunga (4).png,non_batik,0,bunga_nonbatik,cv_pool,True,rot+10p8,110.54324340820312,786.0,5.57607826164998,0.6095390800484702,6.862133773221046,14.382145803027987
dataset_aug/cv_pool/non_batik/bunga_4__7a26d7e18b89__rot270_0021.jpg,7a26d7e18b89,7a26d7e18b89,dataset_batik/non_batik/bunga_nonbatik/bunga (4).png,non_batik,0,bunga_nonbatik,cv_pool,True,rot270,104.11311340332031,724.0,5.589746587492134,0.6035456815469156,6.842352251729725,14.520541678939116
dataset_aug/cv_pool/non_batik/modern_1__8050e3061ee9__orig_0170.png,8050e3061ee9,8050e3061ee9,dataset_batik/non_batik/modern/modern (1).png,non_batik,0,modern,cv_pool,False,original,3.041015625,72.0,4.36478062721453,0.7778161559338872,6.809772555671392,30.855903569728607
dataset_aug/cv_pool/non_batik/modern_1__8050e3061ee9__flip_h_0167.jpg,8050e3061ee9,8050e3061ee9,dataset_batik/non_batik/modern/modern (1).png,non_batik,0,modern,cv_pool,True,flip_h,3.2724647521972656,77.0,4.374751783904924,0.7768653189974698,6.817878137393011,30.492226575941213
dataset_aug/cv_pool/non_batik/modern_1__8050e3061ee9__flip_v_0231.jpg,8050e3061ee9,8050e3061ee9,dataset_batik/non_batik/modern/modern (1).png,non_batik,0,modern,cv_pool,True,flip_v,3.8378677368164062,93.0,4.378469284393122,0.775450159977831,6.820437521851949,30.815734839809544
dataset_aug/cv_pool/non_batik/modern_1__8050e3061ee9__rot+4p7_0103.jpg,8050e3061ee9,8050e3061ee9,dataset_batik/non_batik/modern/modern (1).png,non_batik,0,modern,cv_pool,True,rot+4p7,2.93975830078125,80.0,4.239070086498934,0.7898305569410484,6.82664531158594,31.256213884246353
dataset_aug/cv_pool/non_batik/modern_1__8050e3061ee9__rot270_0039.jpg,8050e3061ee9,8050e3061ee9,dataset_batik/non_batik/modern/modern (1).png,non_batik,0,modern,cv_pool,True,rot270,3.5544052124023438,82.0,4.378409103399472,0.7759658426631253,6.819838137149144,30.56787103488536
dataset_aug/cv_pool/non_batik/geometris_10__92deccab5470__orig_0157.png,92deccab5470,92deccab5470,dataset_batik/non_batik/geometris/geometris (10).png,non_batik,0,geometris,cv_pool,False,original,0.24798583984375,8.0,4.0240787805054925,0.6929855204393873,6.852106666024772,111.63009897809161
dataset_aug/cv_pool/non_batik/geometris_10__92deccab5470__rot+6p1_0184.jpg,92deccab5470,92deccab5470,dataset_batik/non_batik/geometris/geometris (10).png,non_batik,0,geometris,cv_pool,True,rot+6p1,0.4048614501953125,13.0,3.72767295073852,0.7370608784789459,6.863948698359834,131.7828207938944
dataset_aug/cv_pool/non_batik/geometris_10__92deccab5470__rot180_0056.jpg,92deccab5470,92deccab5470,dataset_batik/non_batik/geometris/geometris (10).png,non_batik,0,geometris,cv_pool,True,rot180,0.218536376953125,7.0,4.092312510389497,0.6852714994102512,6.871455627109319,109.23665852951889
dataset_aug/cv_pool/non_batik/geometris_10__92deccab5470__rot270_0120.jpg,92deccab5470,92deccab5470,dataset_batik/non_batik/geometris/geometris (10).png,non_batik,0,geometris,cv_pool,True,rot270,0.3105926513671875,10.0,4.099175498928269,0.684765511047627,6.8630920706299365,109.31702897407317
dataset_aug/cv_pool/non_batik/kotak3__9a27b470f78d__orig_0167.png,9a27b470f78d,9a27b470f78d,dataset_batik/non_batik/kotak/kotak3.png,non_batik,0,kotak,cv_pool,False,original,18.21603775024414,325.0,4.3495785578306005,0.7777279153915837,5.11904014101295,154.79753319035248
dataset_aug/cv_pool/non_batik/kotak3__9a27b470f78d__rot-11p5_0175.jpg,9a27b470f78d,9a27b470f78d,dataset_batik/non_batik/kotak/kotak3.png,non_batik,0,kotak,cv_pool,True,rot-11p5,14.589065551757812,308.0,4.77343575029509,0.7304289351623596,6.438797641342676,203.5841562900735
dataset_aug/cv_pool/non_batik/kotak3__9a27b470f78d__rot180_0047.jpg,9a27b470f78d,9a27b470f78d,dataset_batik/non_batik/kotak/kotak3.png,non_batik,0,kotak,cv_pool,True,rot180,21.220458984375,336.0,4.847199421261671,0.7242118685675166,6.661182209057589,156.48419482053217
dataset_aug/cv_pool/non_batik/kotak3__9a27b470f78d__rot270_0111.jpg,9a27b470f78d,9a27b470f78d,dataset_batik/non_batik/kotak/kotak3.png,non_batik,0,kotak,cv_pool,True,rot270,21.24135971069336,349.0,4.8127444199159175,0.7277039166050498,6.685375235281191,156.2854763079027
dataset_aug/cv_pool/non_batik/geometris_3__9dd396e5e2cf__orig_0159.png,9dd396e5e2cf,9dd396e5e2cf,dataset_batik/non_batik/geometris/geometris (3).png,non_batik,0,geometris,cv_pool,False,original,25.46484375,96.0,7.2123979608616855,0.3808180653998804,6.805165873924984,160.6985308369238
dataset_aug/cv_pool/non_batik/geometris_3__9dd396e5e2cf__brightness0p97_0152.jpg,9dd396e5e2cf,9dd396e5e2cf,dataset_batik/non_batik/geometris/geometris (3).png,non_batik,0,geometris,cv_pool,True,brightness0p97,24.420654296875,92.0,7.2567454441216555,0.3767972989950144,6.82903674957433,160.34150167957583
dataset_aug/cv_pool/non_batik/geometris_3__9dd396e5e2cf__contrast0p89_0216.jpg,9dd396e5e2cf,9dd396e5e2cf,dataset_batik/non_batik/geometris/geometris (3).png,non_batik,0,geometris,cv_pool,True,contrast0p89,23.818016052246094,90.0,7.066327437005049,0.38832383810349236,6.83588826254888,161.7403096727422
dataset_aug/cv_pool/non_batik/geometris_3__9dd396e5e2cf__flip_v_0024.jpg,9dd396e5e2cf,9dd396e5e2cf,dataset_batik/non_batik/geometris/geometris (3).png,non_batik,0,geometris,cv_pool,True,flip_v,20.43138885498047,77.0,7.223729958402322,0.3785959245040831,6.8299914295919955,160.3443637254211
dataset_aug/cv_pool/non_batik/geometris_3__9dd396e5e2cf__zoom07_0088.jpg,9dd396e5e2cf,9dd396e5e2cf,dataset_batik/non_batik/geometris/geometris (3).png,non_batik,0,geometris,cv_pool,True,zoom07,130.83554458618164,439.0,7.61431243114138,0.3007967384737824,6.894407561692643,175.12855174289754
dataset_aug/cv_pool/non_batik/modern_4__a7f92f18470f__orig_0174.png,a7f92f18470f,a7f92f18470f,dataset_batik/non_batik/modern/modern (4).png,non_batik,0,modern,cv_pool,False,original,3.09649658203125,72.0,4.583710327534934,0.742528463934451,6.661780496809774,16.019723700015465
dataset_aug/cv_pool/non_batik/modern_4__a7f92f18470f__flip_h_0230.jpg,a7f92f18470f,a7f92f18470f,dataset_batik/non_batik/modern/modern (4).png,non_batik,0,modern,cv_pool,True,flip_h,3.77117919921875,88.0,4.58489862539915,0.7415749017413835,6.703075564790495,16.120410511053144
dataset_aug/cv_pool/non_batik/modern_4__a7f92f18470f__rot+2p0_0166.jpg,a7f92f18470f,a7f92f18470f,dataset_batik/non_batik/modern/modern (4).png,non_batik,0,modern,cv_pool,True,rot+2p0,2.461181640625,64.0,4.6000533096808525,0.7471474509019457,6.705262730767366,17.961755293628123
dataset_aug/cv_pool/non_batik/modern_4__a7f92f18470f__rot180_0038.jpg,a7f92f18470f,a7f92f18470f,dataset_batik/non_batik/modern/modern (4).png,non_batik,0,modern,cv_pool,True,rot180,3.085479736328125,73.0,4.60027118804115,0.7392227362228364,6.706255298356224,16.153775970556616
dataset_aug/cv_pool/non_batik/modern_4__a7f92f18470f__rot270_0102.jpg,a7f92f18470f,a7f92f18470f,dataset_batik/non_batik/modern/modern (4).png,non_batik,0,modern,cv_pool,True,rot270,4.029121398925781,95.0,4.623195505872218,0.7364214363508806,6.698583629980146,16.157886114963663
dataset_aug/cv_pool/non_batik/modern_7__ad3de2744108__orig_0177.png,ad3de2744108,ad3de2744108,dataset_batik/non_batik/modern/modern (7).png,non_batik,0,modern,cv_pool,False,original,12.501983642578125,372.0,4.573908045854424,0.7931187622660865,6.706154249113381,35.34312046700018
dataset_aug/cv_pool/non_batik/modern_7__ad3de2744108__brightness0p97_0161.jpg,ad3de2744108,ad3de2744108,dataset_batik/non_batik/modern/modern (7).png,non_batik,0,modern,cv_pool,True,brightness0p97,12.744861602783203,381.0,4.599780016007781,0.7938914449157625,6.733261309385089,35.15838791566329
dataset_aug/cv_pool/non_batik/modern_7__ad3de2744108__contrast1p12_0225.jpg,ad3de2744108,ad3de2744108,dataset_batik/non_batik/modern/modern (7).png,non_batik,0,modern,cv_pool,True,contrast1p12,12.283802032470703,375.0,4.858420861718356,0.761512189997676,6.73195450775665,34.72624865301717
dataset_aug/cv_pool/non_batik/modern_7__ad3de2744108__flip_v_0033.jpg,ad3de2744108,ad3de2744108,dataset_batik/non_batik/modern/modern (7).png,non_batik,0,modern,cv_pool,True,flip_v,12.592025756835938,374.0,4.626167258743849,0.7863654447876396,6.726152429832233,35.2604093360901
dataset_aug/cv_pool/non_batik/modern_7__ad3de2744108__zoom06_0097.jpg,ad3de2744108,ad3de2744108,dataset_batik/non_batik/modern/modern (7).png,non_batik,0,modern,cv_pool,True,zoom06,14.030166625976562,412.0,4.7054818773061395,0.7891198199828645,6.794902801869545,41.888441434744976
dataset_aug/cv_pool/non_batik/tenun_2__b2131a29e3e4__orig_0194.png,b2131a29e3e4,b2131a29e3e4,dataset_batik/non_batik/tenun/tenun (2).png,non_batik,0,tenun,cv_pool,False,original,122.49925231933594,637.0,6.857219793141956,0.4868143053416622,6.4075601346040525,26.31149072948245
dataset_aug/cv_pool/non_batik/tenun_2__b2131a29e3e4__brightness1p04_0089.jpg,b2131a29e3e4,b2131a29e3e4,dataset_batik/non_batik/tenun/tenun (2).png,non_batik,0,tenun,cv_pool,True,brightness1p04,119.13304138183594,618.0,6.798994961970203,0.48884494599364026,6.446554000870062,26.307901116848406
dataset_aug/cv_pool/non_batik/tenun_2__b2131a29e3e4__contrast1p09_0153.jpg,b2131a29e3e4,b2131a29e3e4,dataset_batik/non_batik/tenun/tenun (2).png,non_batik,0,tenun,cv_pool,True,contrast1p09,126.54542541503906,636.0,6.714958084812989,0.4891589452121881,6.5112038271226655,26.38445429494578
dataset_aug/cv_pool/non_batik/tenun_2__b2131a29e3e4__rot90_0217.jpg,b2131a29e3e4,b2131a29e3e4,dataset_batik/non_batik/tenun/tenun (2).png,non_batik,0,tenun,cv_pool,True,rot90,123.30307006835938,628.0,6.874654511007797,0.48353030270074954,6.443943939915679,26.375095752347875
dataset_aug/cv_pool/non_batik/tenun_2__b2131a29e3e4__zoom03_0025.jpg,b2131a29e3e4,b2131a29e3e4,dataset_batik/non_batik/tenun/tenun (2).png,non_batik,0,tenun,cv_pool,True,zoom03,22.765613555908203,113.0,6.944335534971639,0.4779593379908075,6.433015763510922,31.016186908255023
dataset_aug/cv_pool/non_batik/modern_2__bb5154fad02f__orig_0172.png,bb5154fad02f,bb5154fad02f,dataset_batik/non_batik/modern/modern (2).png,non_batik,0,modern,cv_pool,False,original,0.008525848388671875,3.0,4.9053595560561645,0.7894776572545961,6.726528116229426,68.47838205145531
dataset_aug/cv_pool/non_batik/modern_2__bb5154fad02f__flip_h_0050.jpg,bb5154fad02f,bb5154fad02f,dataset_batik/non_batik/modern/modern (2).png,non_batik,0,modern,cv_pool,True,flip_h,0.008892059326171875,3.0,4.953196853465865,0.7837290350299995,6.74684063617798,68.10680407157231
dataset_aug/cv_pool/non_batik/modern_2__bb5154fad02f__flip_v_0114.jpg,bb5154fad02f,bb5154fad02f,dataset_batik/non_batik/modern/modern (2).png,non_batik,0,modern,cv_pool,True,flip_v,0.00867462158203125,3.0,4.931079310467784,0.7856261396219127,6.747644219663432,68.46629959901165
dataset_aug/cv_pool/non_batik/modern_2__bb5154fad02f__zoom07_0178.jpg,bb5154fad02f,bb5154fad02f,dataset_batik/non_batik/modern/modern (2).png,non_batik,0,modern,cv_pool,True,zoom07,0.0167694091796875,7.0,5.05047313431114,0.7865121442542484,6.857484219392657,69.66210303184698
dataset_aug/cv_pool/non_batik/garis1_3__bbcc043171d4__orig_0153.jpg,bbcc043171d4,bbcc043171d4,dataset_batik/non_batik/garis/garis1 (3).jpg,non_batik,0,garis,cv_pool,False,original,320.9955596923828,830.0,7.373607434014433,0.2719354929497464,5.7019080124049015,42.00823139098844
dataset_aug/cv_pool/non_batik/garis1_3__bbcc043171d4__contrast0p96_0063.jpg,bbcc043171d4,bbcc043171d4,dataset_batik/non_batik/garis/garis1 (3).jpg,non_batik,0,garis,cv_pool,True,contrast0p96,311.6049270629883,813.0,7.381314754690062,0.27449326558577397,5.711604575280577,42.05466086727818
dataset_aug/cv_pool/non_batik/garis1_3__bbcc043171d4__rot180_0191.jpg,bbcc043171d4,bbcc043171d4,dataset_batik/non_batik/garis/garis1 (3).jpg,non_batik,0,garis,cv_pool,True,rot180,304.4488067626953,788.0,7.368484125046039,0.27239280576930175,5.708216354539319,41.987809828414434
dataset_aug/cv_pool/non_batik/garis1_3__bbcc043171d4__rot90_0127.jpg,bbcc043171d4,bbcc043171d4,dataset_batik/non_batik/garis/garis1 (3).jpg,non_batik,0,garis,cv_pool,True,rot90,337.5109977722168,867.0,7.3691565938365144,0.2715782154570066,5.708035856114753,42.0425361118635
dataset_aug/cv_pool/non_batik/bunga_6__bc0863dfd9c1__orig_0144.png,bc0863dfd9c1,bc0863dfd9c1,dataset_batik/non_batik/bunga_nonbatik/bunga (6).png,non_batik,0,bunga_nonbatik,cv_pool,False,original,240.51688766479492,1207.0,6.125078567341777,0.5555946626658412,6.814431536314469,16.04725413688469
dataset_aug/cv_pool/non_batik/bunga_6__bc0863dfd9c1__contrast0p87_0045.jpg,bc0863dfd9c1,bc0863dfd9c1,dataset_batik/non_batik/bunga_nonbatik/bunga (6).png,non_batik,0,bunga_nonbatik,cv_pool,True,contrast0p87,235.46531677246094,1193.0,5.941369424691521,0.571020192901144,6.665595023841709,16.04226049409093
dataset_aug/cv_pool/non_batik/bunga_6__bc0863dfd9c1__rot180_0173.jpg,bc0863dfd9c1,bc0863dfd9c1,dataset_batik/non_batik/bunga_nonbatik/bunga (6).png,non_batik,0,bunga_nonbatik,cv_pool,True,rot180,239.7169952392578,1204.0,6.139795467707027,0.5546470442124287,6.8327160013949655,16.061811133182072
dataset_aug/cv_pool/non_batik/bunga_6__bc0863dfd9c1__rot90_0109.jpg,bc0863dfd9c1,bc0863dfd9c1,dataset_batik/non_batik/bunga_nonbatik/bunga (6).png,non_batik,0,bunga_nonbatik,cv_pool,True,rot90,247.21626663208008,1241.0,6.135150352684202,0.5552738112624711,6.83492281492666,16.13123767890962
dataset_aug/cv_pool/non_batik/kotak4__bcabfe0310f4__orig_0168.jpg,bcabfe0310f4,bcabfe0310f4,dataset_batik/non_batik/kotak/kotak4.jpg,non_batik,0,kotak,cv_pool,False,original,8.062179565429688,99.0,3.2927449056589704,0.862177311352576,3.8798227812645236,209.22937151442
dataset_aug/cv_pool/non_batik/kotak4__bcabfe0310f4__rot180_0119.jpg,bcabfe0310f4,bcabfe0310f4,dataset_batik/non_batik/kotak/kotak4.jpg,non_batik,0,kotak,cv_pool,True,rot180,7.2131195068359375,93.0,2.9770404075256214,0.8550474655661973,4.752282152371851,210.58318676442775
dataset_aug/cv_pool/non_batik/kotak4__bcabfe0310f4__rot270_0183.jpg,bcabfe0310f4,bcabfe0310f4,dataset_batik/non_batik/kotak/kotak4.jpg,non_batik,0,kotak,cv_pool,True,rot270,7.4033203125,96.0,2.959078133921502,0.8556114287248981,4.744852534423905,209.32805920813377
dataset_aug/cv_pool/non_batik/kotak4__bcabfe0310f4__rot90_0055.jpg,bcabfe0310f4,bcabfe0310f4,dataset_batik/non_batik/kotak/kotak4.jpg,non_batik,0,kotak,cv_pool,True,rot90,7.640659332275391,97.0,2.968222933752512,0.8552273723153387,4.733863658029551,210.4783962184248
dataset_aug/cv_pool/non_batik/tenun_6__be63966ec5ec__orig_0198.png,be63966ec5ec,be63966ec5ec,dataset_batik/non_batik/tenun/tenun (6).png,non_batik,0,tenun,cv_pool,False,original,0.0,0.0,6.300990971133142,0.5376546588007854,6.443455176683846,49.81194193399284
dataset_aug/cv_pool/non_batik/tenun_6__be63966ec5ec__brightness1p07_0053.jpg,be63966ec5ec,be63966ec5ec,dataset_batik/non_batik/tenun/tenun (6).png,non_batik,0,tenun,cv_pool,True,brightness1p07,0.0,0.0,6.373567039486161,0.5304223531314493,6.487760638414274,49.89008511029094
dataset_aug/cv_pool/non_batik/tenun_6__be63966ec5ec__contrast1p11_0117.jpg,be63966ec5ec,be63966ec5ec,dataset_batik/non_batik/tenun/tenun (6).png,non_batik,0,tenun,cv_pool,True,contrast1p11,0.0,0.0,6.394688710296496,0.5252462472834944,6.488055913389341,50.128352437188084
dataset_aug/cv_pool/non_batik/tenun_6__be63966ec5ec__rot90_0181.jpg,be63966ec5ec,be63966ec5ec,dataset_batik/non_batik/tenun/tenun (6).png,non_batik,0,tenun,cv_pool,True,rot90,0.0,0.0,6.318384514240695,0.5347559792933434,6.4820586190458345,49.71638210034716
dataset_aug/cv_pool/non_batik/garis1_4__c11183e9d1cd__orig_0154.jpg,c11183e9d1cd,c11183e9d1cd,dataset_batik/non_batik/garis/garis1 (4).jpg,non_batik,0,garis,cv_pool,False,original,501.50367736816406,2220.0,6.673457479501597,0.2915212056117275,5.7816638121132735,246.1366482637048
dataset_aug/cv_pool/non_batik/garis1_4__c11183e9d1cd__brightness1p10_0098.jpg,c11183e9d1cd,c11183e9d1cd,dataset_batik/non_batik/garis/garis1 (4).jpg,non_batik,0,garis,cv_pool,True,brightness1p10,487.4332275390625,2224.0,6.5446874573896086,0.2971841904982249,5.782474594234973,244.65599377594975
dataset_aug/cv_pool/non_batik/garis1_4__c11183e9d1cd__contrast1p09_0162.jpg,c11183e9d1cd,c11183e9d1cd,dataset_batik/non_batik/garis/garis1 (4).jpg,non_batik,0,garis,cv_pool,True,contrast1p09,591.2765731811523,2494.0,6.788983923640041,0.27886273413691365,5.778263882739423,241.73062417055246
dataset_aug/cv_pool/non_batik/garis1_4__c11183e9d1cd__rot90_0226.jpg,c11183e9d1cd,c11183e9d1cd,dataset_batik/non_batik/garis/garis1 (4).jpg,non_batik,0,garis,cv_pool,True,rot90,501.1776123046875,2228.0,6.682938949511449,0.2909461035683091,5.779049722201076,245.25164563581228
dataset_aug/cv_pool/non_batik/garis1_4__c11183e9d1cd__zoom08_0034.jpg,c11183e9d1cd,c11183e9d1cd,dataset_batik/non_batik/garis/garis1 (4).jpg,non_batik,0,garis,cv_pool,True,zoom08,138.3299789428711,993.0,6.73166615893305,0.2986905719751211,6.079138658474005,247.4235475259907
dataset_aug/cv_pool/non_batik/garis1_5__c1afa12764cf__orig_0155.jpg,c1afa12764cf,c1afa12764cf,dataset_batik/non_batik/garis/garis1 (5).jpg,non_batik,0,garis,cv_pool,False,original,80.75811767578125,167.0,7.085741454398435,0.2382689382900227,6.138921238431859,67.8461717960772
dataset_aug/cv_pool/non_batik/garis1_5__c1afa12764cf__rot-5p6_0220.jpg,c1afa12764cf,c1afa12764cf,dataset_batik/non_batik/garis/garis1 (5).jpg,non_batik,0,garis,cv_pool,True,rot-5p6,262.336181640625,626.0,7.098140217272815,0.24264583607982954,6.42099881136142,69.31362623709353
dataset_aug/cv_pool/non_batik/garis1_5__c1afa12764cf__rot180_0092.jpg,c1afa12764cf,c1afa12764cf,dataset_batik/non_batik/garis/garis1 (5).jpg,non_batik,0,garis,cv_pool,True,rot180,75.94865417480469,157.0,7.084529050212396,0.23839997454604767,6.138939821787087,67.71637559241232
dataset_aug/cv_pool/non_batik/garis1_5__c1afa12764cf__rot270_0156.jpg,c1afa12764cf,c1afa12764cf,dataset_batik/non_batik/garis/garis1 (5).jpg,non_batik,0,garis,cv_pool,True,rot270,75.00835418701172,155.0,7.079762046732856,0.23873517420572765,6.134661685092504,67.66259557850624
dataset_aug/cv_pool/non_batik/garis1_5__c1afa12764cf__rot90_0028.jpg,c1afa12764cf,c1afa12764cf,dataset_batik/non_batik/garis/garis1 (5).jpg,non_batik,0,garis,cv_pool,True,rot90,73.99381256103516,153.0,7.07739873846077,0.2392112892327806,6.1372904786757,67.65390048044797
dataset_aug/cv_pool/non_batik/garis1_1__c5761d229b6c__orig_0151.jpg,c5761d229b6c,c5761d229b6c,dataset_batik/non_batik/garis/garis1 (1).jpg,non_batik,0,garis,cv_pool,False,original,112.77074432373047,1926.0,6.339187070442076,0.4433640504908773,5.739341877263261,594.1832208336161
dataset_aug/cv_pool/non_batik/garis1_1__c5761d229b6c__brightness0p89_0080.jpg,c5761d229b6c,c5761d229b6c,dataset_batik/non_batik/garis/garis1 (1).jpg,non_batik,0,garis,cv_pool,True,brightness0p89,91.909423828125,1752.0,6.308445807921512,0.44683415003026455,5.729061737435387,603.3603973751841
dataset_aug/cv_pool/non_batik/garis1_1__c5761d229b6c__contrast0p97_0144.jpg,c5761d229b6c,c5761d229b6c,dataset_batik/non_batik/garis/garis1 (1).jpg,non_batik,0,garis,cv_pool,True,contrast0p97,86.51220703125,1716.0,6.287624651418428,0.44951893092805273,5.708231489621957,608.5385737661709
dataset_aug/cv_pool/non_batik/garis1_1__c5761d229b6c__rot90_0208.jpg,c5761d229b6c,c5761d229b6c,dataset_batik/non_batik/garis/garis1 (1).jpg,non_batik,0,garis,cv_pool,True,rot90,114.73894119262695,1925.0,6.338438294616541,0.4433431780737785,5.740949996612495,590.9484266647406
dataset_aug/cv_pool/non_batik/garis1_1__c5761d229b6c__zoom03_0016.jpg,c5761d229b6c,c5761d229b6c,dataset_batik/non_batik/garis/garis1 (1).jpg,non_batik,0,garis,cv_pool,True,zoom03,16.50981903076172,1075.0,6.058619146067915,0.48005053451382207,5.217914329417139,774.0398224944922
dataset_aug/cv_pool/non_batik/bunga_9__c9420c985ea9__orig_0147.png,c9420c985ea9,c9420c985ea9,dataset_batik/non_batik/bunga_nonbatik/bunga (9).png,non_batik,0,bunga_nonbatik,cv_pool,False,original,115.31478881835938,735.0,6.254233258185685,0.5084674279929259,6.852556865948605,21.998410474276834
dataset_aug/cv_pool/non_batik/bunga_9__c9420c985ea9__brightness0p94_0143.jpg,c9420c985ea9,c9420c985ea9,dataset_batik/non_batik/bunga_nonbatik/bunga (9).png,non_batik,0,bunga_nonbatik,cv_pool,True,brightness0p94,99.05038452148438,602.0,6.297500212485868,0.5207887685769004,6.880738309464258,21.77551165636941
dataset_aug/cv_pool/non_batik/bunga_9__c9420c985ea9__contrast1p03_0207.jpg,c9420c985ea9,c9420c985ea9,dataset_batik/non_batik/bunga_nonbatik/bunga (9).png,non_batik,0,bunga_nonbatik,cv_pool,True,contrast1p03,143.21795654296875,744.0,5.976550780986248,0.5295134383807277,6.901396395156372,22.317950132668773
dataset_aug/cv_pool/non_batik/bunga_9__c9420c985ea9__flip_v_0015.jpg,c9420c985ea9,c9420c985ea9,dataset_batik/non_batik/bunga_nonbatik/bunga (9).png,non_batik,0,bunga_nonbatik,cv_pool,True,flip_v,82.93668365478516,558.0,6.253889683764264,0.5081589519558884,6.872397212510744,22.01835358817324
dataset_aug/cv_pool/non_batik/bunga_9__c9420c985ea9__zoom07_0079.jpg,c9420c985ea9,c9420c985ea9,dataset_batik/non_batik/bunga_nonbatik/bunga (9).png,non_batik,0,bunga_nonbatik,cv_pool,True,zoom07,107.55647277832031,507.0,6.661481915454363,0.452573984389372,6.954331995264029,22.745402030715987
dataset_aug/cv_pool/non_batik/tenun_1__c9fffdb4983d__orig_0192.png,c9fffdb4983d,c9fffdb4983d,dataset_batik/non_batik/tenun/tenun (1).png,non_batik,0,tenun,cv_pool,False,original,0.0,0.0,6.648706305221667,0.48775312496704015,6.450007541118652,32.93259964209313
dataset_aug/cv_pool/non_batik/tenun_1__c9fffdb4983d__flip_h_0068.jpg,c9fffdb4983d,c9fffdb4983d,dataset_batik/non_batik/tenun/tenun (1).png,non_batik,0,tenun,cv_pool,True,flip_h,0.0,0.0,6.651991759593702,0.4874022845904269,6.482202549732683,32.815696263028386
dataset_aug/cv_pool/non_batik/tenun_1__c9fffdb4983d__flip_v_0132.jpg,c9fffdb4983d,c9fffdb4983d,dataset_batik/non_batik/tenun/tenun (1).png,non_batik,0,tenun,cv_pool,True,flip_v,0.0,0.0,6.639115809239069,0.48677061750332257,6.479397145813444,32.693192686420176
dataset_aug/cv_pool/non_batik/tenun_1__c9fffdb4983d__rot+14p6_0004.jpg,c9fffdb4983d,c9fffdb4983d,dataset_batik/non_batik/tenun/tenun (1).png,non_batik,0,tenun,cv_pool,True,rot+14p6,55.159523010253906,398.0,6.696951168925652,0.4649592799919606,6.843565905213577,32.19343021667971
dataset_aug/cv_pool/non_batik/tenun_1__c9fffdb4983d__zoom05_0196.jpg,c9fffdb4983d,c9fffdb4983d,dataset_batik/non_batik/tenun/tenun (1).png,non_batik,0,tenun,cv_pool,True,zoom05,0.0,0.0,6.714251454565096,0.46379552644550387,6.430709239462114,36.82109324136907
dataset_aug/cv_pool/non_batik/polos_5__d5ce7ee1e352__orig_0187.png,d5ce7ee1e352,d5ce7ee1e352,dataset_batik/non_batik/polos/polos (5).png,non_batik,0,polos,cv_pool,False,original,0.0,0.0,4.101489177739442,0.6365163886861819,6.773908241576866,11.143932553560917
dataset_aug/cv_pool/non_batik/polos_5__d5ce7ee1e352__flip_h_0131.jpg,d5ce7ee1e352,d5ce7ee1e352,dataset_batik/non_batik/polos/polos (5).png,non_batik,0,polos,cv_pool,True,flip_h,0.0,0.0,4.118030272359858,0.6343358891076953,6.780621355165167,10.6892617773032
dataset_aug/cv_pool/non_batik/polos_5__d5ce7ee1e352__flip_v_0195.jpg,d5ce7ee1e352,d5ce7ee1e352,dataset_batik/non_batik/polos/polos (5).png,non_batik,0,polos,cv_pool,True,flip_v,0.0,0.0,4.12094772687875,0.6350159299311484,6.776889879571087,10.752902014039536
dataset_aug/cv_pool/non_batik/polos_5__d5ce7ee1e352__rot-9p6_0067.jpg,d5ce7ee1e352,d5ce7ee1e352,dataset_batik/non_batik/polos/polos (5).png,non_batik,0,polos,cv_pool,True,rot-9p6,0.034694671630859375,5.0,3.8077200489522114,0.6896786118928321,6.887693283282646,9.306190180318568
dataset_aug/cv_pool/non_batik/polos_5__d5ce7ee1e352__rot270_0003.jpg,d5ce7ee1e352,d5ce7ee1e352,dataset_batik/non_batik/polos/polos (5).png,non_batik,0,polos,cv_pool,True,rot270,0.0,0.0,4.117453034637684,0.6349314796894528,6.786425087954298,10.829727404030344
dataset_aug/cv_pool/non_batik/tenun_3__d916f3c4756e__orig_0195.png,d916f3c4756e,d916f3c4756e,dataset_batik/non_batik/tenun/tenun (3).png,non_batik,0,tenun,cv_pool,False,original,0.0,0.0,5.758190974678746,0.5446551267000436,6.412453017484157,50.494891813870424
dataset_aug/cv_pool/non_batik/tenun_3__d916f3c4756e__contrast0p87_0054.jpg,d916f3c4756e,d916f3c4756e,dataset_batik/non_batik/tenun/tenun (3).png,non_batik,0,tenun,cv_pool,True,contrast0p87,0.0,0.0,5.714921506923562,0.5549611166228461,6.4284045000374705,50.02305838227694
dataset_aug/cv_pool/non_batik/tenun_3__d916f3c4756e__rot180_0182.jpg,d916f3c4756e,d916f3c4756e,dataset_batik/non_batik/tenun/tenun (3).png,non_batik,0,tenun,cv_pool,True,rot180,0.0,0.0,5.759502929202109,0.5438577555708931,6.433933887792907,50.369075541966005
dataset_aug/cv_pool/non_batik/tenun_3__d916f3c4756e__rot90_0118.jpg,d916f3c4756e,d916f3c4756e,dataset_batik/non_batik/tenun/tenun (3).png,non_batik,0,tenun,cv_pool,True,rot90,0.0,0.0,5.759893475383543,0.5430420495578056,6.446589559129269,50.47114433779821
dataset_aug/cv_pool/non_batik/geometris_4__d9276d559999__orig_0160.png,d9276d559999,d9276d559999,dataset_batik/non_batik/geometris/geometris (4).png,non_batik,0,geometris,cv_pool,False,original,1.6632499694824219,23.0,5.761141960802748,0.6194605974857903,6.178827880316314,465.6210529946814
dataset_aug/cv_pool/non_batik/geometris_4__d9276d559999__flip_h_0122.jpg,d9276d559999,d9276d559999,dataset_batik/non_batik/geometris/geometris (4).png,non_batik,0,geometris,cv_pool,True,flip_h,1.3744239807128906,19.0,5.768211911573113,0.6191723724364003,6.193183495246211,459.40412761992764
dataset_aug/cv_pool/non_batik/geometris_4__d9276d559999__flip_v_0186.jpg,d9276d559999,d9276d559999,dataset_batik/non_batik/geometris/geometris (4).png,non_batik,0,geometris,cv_pool,True,flip_v,1.807403564453125,25.0,5.772777500891795,0.6186114421928944,6.210986983008907,458.71870041628733
dataset_aug/cv_pool/non_batik/geometris_4__d9276d559999__rot+3p5_0058.jpg,d9276d559999,d9276d559999,dataset_batik/non_batik/geometris/geometris (4).png,non_batik,0,geometris,cv_pool,True,rot+3p5,6.0039825439453125,82.0,5.591227893634686,0.6381840652095894,6.322873463024187,438.50325799525206
dataset_aug/cv_pool/non_batik/tenun_9__dac06cb81326__orig_0201.png,dac06cb81326,dac06cb81326,dataset_batik/non_batik/tenun/tenun (9).png,non_batik,0,tenun,cv_pool,False,original,0.0,0.0,6.495056410105718,0.5339044289743526,6.416630419793557,38.19318459555324
dataset_aug/cv_pool/non_batik/tenun_9__dac06cb81326__flip_h_0140.jpg,dac06cb81326,dac06cb81326,dataset_batik/non_batik/tenun/tenun (9).png,non_batik,0,tenun,cv_pool,True,flip_h,0.0,0.0,6.516664806536957,0.5331226069519283,6.4516351868652295,38.17140552913269
dataset_aug/cv_pool/non_batik/tenun_9__dac06cb81326__flip_v_0204.jpg,dac06cb81326,dac06cb81326,dataset_batik/non_batik/tenun/tenun (9).png,non_batik,0,tenun,cv_pool,True,flip_v,0.0,0.0,6.511570235317798,0.5317404123323832,6.452311880684736,38.33476197388496
dataset_aug/cv_pool/non_batik/tenun_9__dac06cb81326__rot+3p1_0076.jpg,dac06cb81326,dac06cb81326,dataset_batik/non_batik/tenun/tenun (9).png,non_batik,0,tenun,cv_pool,True,rot+3p1,0.0,0.0,6.6757660486186,0.5115495862524919,6.505790254832002,43.16924700916911
dataset_aug/cv_pool/non_batik/tenun_9__dac06cb81326__rot270_0012.jpg,dac06cb81326,dac06cb81326,dataset_batik/non_batik/tenun/tenun (9).png,non_batik,0,tenun,cv_pool,True,rot270,0.0,0.0,6.512712623699802,0.5325346005864836,6.440769972805603,38.20972468415801
dataset_aug/cv_pool/non_batik/bunga_8__db4135d30eec__orig_0146.png,db4135d30eec,db4135d30eec,dataset_batik/non_batik/bunga_nonbatik/bunga (8).png,non_batik,0,bunga_nonbatik,cv_pool,False,original,161.44380950927734,1174.0,5.8427758455258365,0.5706093579361842,6.825301586739558,16.980947161553676
dataset_aug/cv_pool/non_batik/bunga_8__db4135d30eec__brightness0p97_0197.jpg,db4135d30eec,db4135d30eec,dataset_batik/non_batik/bunga_nonbatik/bunga (8).png,non_batik,0,bunga_nonbatik,cv_pool,True,brightness0p97,154.95901489257812,1126.0,6.083562212000782,0.5540020841528419,6.846077888111449,16.918487222643225
dataset_aug/cv_pool/non_batik/bunga_8__db4135d30eec__flip_h_0005.jpg,db4135d30eec,db4135d30eec,dataset_batik/non_batik/bunga_nonbatik/bunga (8).png,non_batik,0,bunga_nonbatik,cv_pool,True,flip_h,158.40497970581055,1163.0,5.855657849175902,0.5688121569237828,6.838481679432398,16.89877780864769
dataset_aug/cv_pool/non_batik/bunga_8__db4135d30eec__flip_v_0069.jpg,db4135d30eec,db4135d30eec,dataset_batik/non_batik/bunga_nonbatik/bunga (8).png,non_batik,0,bunga_nonbatik,cv_pool,True,flip_v,159.44918823242188,1156.0,5.85491615001099,0.569247441695053,6.844870584251076,16.897276804095167
dataset_aug/cv_pool/non_batik/bunga_8__db4135d30eec__zoom10_0133.jpg,db4135d30eec,db4135d30eec,dataset_batik/non_batik/bunga_nonbatik/bunga (8).png,non_batik,0,bunga_nonbatik,cv_pool,True,zoom10,209.24523544311523,1361.0,6.438281636592348,0.4892897541618594,6.985987018854008,17.59400154473498
dataset_aug/cv_pool/non_batik/tenun_5__e6a8630feb76__orig_0197.png,e6a8630feb76,e6a8630feb76,dataset_batik/non_batik/tenun/tenun (5).png,non_batik,0,tenun,cv_pool,False,original,0.0,0.0,6.617467811674369,0.5063537806436383,6.647229614359369,21.92170021886074
dataset_aug/cv_pool/non_batik/tenun_5__e6a8630feb76__flip_h_0185.jpg,e6a8630feb76,e6a8630feb76,dataset_batik/non_batik/tenun/tenun (5).png,non_batik,0,tenun,cv_pool,True,flip_h,0.0,0.0,6.618295250866643,0.5058850120457367,6.677617177783212,21.87651601368634
dataset_aug/cv_pool/non_batik/tenun_5__e6a8630feb76__rot-12p3_0121.jpg,e6a8630feb76,e6a8630feb76,dataset_batik/non_batik/tenun/tenun (5).png,non_batik,0,tenun,cv_pool,True,rot-12p3,105.77542114257812,829.0,6.616896565536031,0.5059040206354497,6.832126074562517,19.919153588680967
dataset_aug/cv_pool/non_batik/tenun_5__e6a8630feb76__rot270_0057.jpg,e6a8630feb76,e6a8630feb76,dataset_batik/non_batik/tenun/tenun (5).png,non_batik,0,tenun,cv_pool,True,rot270,0.0,0.0,6.634203654503572,0.5035475421980906,6.681469797328159,21.90431671951125
dataset_aug/cv_pool/non_batik/garis1_2__e7a78b6680b5__orig_0152.jpg,e7a78b6680b5,e7a78b6680b5,dataset_batik/non_batik/garis/garis1 (2).jpg,non_batik,0,garis,cv_pool,False,original,120.49163818359375,370.0,6.579529902978956,0.38292831330593413,6.839489397886933,66.10525760793716
dataset_aug/cv_pool/non_batik/garis1_2__e7a78b6680b5__brightness0p85_0233.jpg,e7a78b6680b5,e7a78b6680b5,dataset_batik/non_batik/garis/garis1 (2).jpg,non_batik,0,garis,cv_pool,True,brightness0p85,93.7188720703125,288.0,6.450358272171463,0.3898815744045634,6.8427250869020355,64.44016938788283
dataset_aug/cv_pool/non_batik/garis1_2__e7a78b6680b5__flip_h_0041.jpg,e7a78b6680b5,e7a78b6680b5,dataset_batik/non_batik/garis/garis1 (2).jpg,non_batik,0,garis,cv_pool,True,flip_h,125.93305587768555,385.0,6.6107589155563415,0.380306051294745,6.845879616012539,64.65435131323727
dataset_aug/cv_pool/non_batik/garis1_2__e7a78b6680b5__flip_v_0105.jpg,e7a78b6680b5,e7a78b6680b5,dataset_batik/non_batik/garis/garis1 (2).jpg,non_batik,0,garis,cv_pool,True,flip_v,97.60391235351562,298.0,6.609934441244567,0.3801122531025068,6.847047952872947,64.63010984574143
dataset_aug/cv_pool/non_batik/garis1_2__e7a78b6680b5__zoom03_0169.jpg,e7a78b6680b5,e7a78b6680b5,dataset_batik/non_batik/garis/garis1 (2).jpg,non_batik,0,garis,cv_pool,True,zoom03,149.89688110351562,458.0,6.416808786387333,0.3988851283036925,6.794606762933457,69.226842195235
dataset_aug/cv_pool/non_batik/bunga_7__eac540cba307__orig_0145.png,eac540cba307,eac540cba307,dataset_batik/non_batik/bunga_nonbatik/bunga (7).png,non_batik,0,bunga_nonbatik,cv_pool,False,original,274.44368743896484,1514.0,6.4022227058480015,0.5222293834556251,6.823959066825751,20.06394949380341
dataset_aug/cv_pool/non_batik/bunga_7__eac540cba307__contrast1p03_0027.jpg,eac540cba307,eac540cba307,dataset_batik/non_batik/bunga_nonbatik/bunga (7).png,non_batik,0,bunga_nonbatik,cv_pool,True,contrast1p03,273.28662109375,1496.0,6.292138885368015,0.5285419005873673,6.848374744827257,20.07211855489673
dataset_aug/cv_pool/non_batik/bunga_7__eac540cba307__rot180_0155.jpg,eac540cba307,eac540cba307,dataset_batik/non_batik/bunga_nonbatik/bunga (7).png,non_batik,0,bunga_nonbatik,cv_pool,True,rot180,268.6295585632324,1479.0,6.406679138602959,0.5202894497600516,6.850815345082026,20.082248144224337
dataset_aug/cv_pool/non_batik/bunga_7__eac540cba307__rot270_0219.jpg,eac540cba307,eac540cba307,dataset_batik/non_batik/bunga_nonbatik/bunga (7).png,non_batik,0,bunga_nonbatik,cv_pool,True,rot270,267.4822082519531,1476.0,6.4135092654512516,0.5195712774916761,6.850882189255725,20.055941920817027
dataset_aug/cv_pool/non_batik/bunga_7__eac540cba307__rot90_0091.jpg,eac540cba307,eac540cba307,dataset_batik/non_batik/bunga_nonbatik/bunga (7).png,non_batik,0,bunga_nonbatik,cv_pool,True,rot90,268.3886260986328,1482.0,6.404989565846283,0.521382764951683,6.8371508020246266,20.01513809887871
dataset_aug/cv_pool/non_batik/bunga_2__ed293cabd087__orig_0140.png,ed293cabd087,ed293cabd087,dataset_batik/non_batik/bunga_nonbatik/bunga (2).png,non_batik,0,bunga_nonbatik,cv_pool,False,original,125.40779876708984,893.0,5.349073458691493,0.5963025062904782,6.886974426646339,26.796773256252166
dataset_aug/cv_pool/non_batik/bunga_2__ed293cabd087__rot180_0110.jpg,ed293cabd087,ed293cabd087,dataset_batik/non_batik/bunga_nonbatik/bunga (2).png,non_batik,0,bunga_nonbatik,cv_pool,True,rot180,128.13549041748047,906.0,5.365241760386828,0.5933965141461852,6.910921716204868,26.8111698955501
dataset_aug/cv_pool/non_batik/bunga_2__ed293cabd087__rot270_0174.jpg,ed293cabd087,ed293cabd087,dataset_batik/non_batik/bunga_nonbatik/bunga (2).png,non_batik,0,bunga_nonbatik,cv_pool,True,rot270,130.8014030456543,927.0,5.36734657065854,0.5940489948927213,6.910722419475505,26.93844952912144
dataset_aug/cv_pool/non_batik/bunga_2__ed293cabd087__rot90_0046.jpg,ed293cabd087,ed293cabd087,dataset_batik/non_batik/bunga_nonbatik/bunga (2).png,non_batik,0,bunga_nonbatik,cv_pool,True,rot90,124.60189819335938,879.0,5.356859553520577,0.5942657422272009,6.91219896250402,26.92714101461397
dataset_aug/cv_pool/non_batik/bunga_3__f190f4ab82fd__orig_0141.png,f190f4ab82fd,f190f4ab82fd,dataset_batik/non_batik/bunga_nonbatik/bunga (3).png,non_batik,0,bunga_nonbatik,cv_pool,False,original,370.26109313964844,1434.0,6.140159518695221,0.4815309663693997,6.853619648620672,6.866972602057187
dataset_aug/cv_pool/non_batik/bunga_3__f190f4ab82fd__brightness0p89_0044.jpg,f190f4ab82fd,f190f4ab82fd,dataset_batik/non_batik/bunga_nonbatik/bunga (3).png,non_batik,0,bunga_nonbatik,cv_pool,True,brightness0p89,367.7051239013672,1422.0,6.377332034985264,0.4702822060749997,6.880985765509742,6.763172565449684
dataset_aug/cv_pool/non_batik/bunga_3__f190f4ab82fd__contrast1p03_0108.jpg,f190f4ab82fd,f190f4ab82fd,dataset_batik/non_batik/bunga_nonbatik/bunga (3).png,non_batik,0,bunga_nonbatik,cv_pool,True,contrast1p03,385.60423278808594,1491.0,6.139394311607415,0.47937748410464115,6.864356266638421,6.79826211345665
dataset_aug/cv_pool/non_batik/bunga_3__f190f4ab82fd__rot180_0236.jpg,f190f4ab82fd,f190f4ab82fd,dataset_batik/non_batik/bunga_nonbatik/bunga (3).png,non_batik,0,bunga_nonbatik,cv_pool,True,rot180,377.2771224975586,1461.0,6.155440259067435,0.4792873082037884,6.859213269423909,6.877097292857399
dataset_aug/cv_pool/non_batik/bunga_3__f190f4ab82fd__rot90_0172.jpg,f190f4ab82fd,f190f4ab82fd,dataset_batik/non_batik/bunga_nonbatik/bunga (3).png,non_batik,0,bunga_nonbatik,cv_pool,True,rot90,371.2637710571289,1435.0,6.148308067081583,0.47984371213851085,6.860685913932636,6.817966333159691
dataset_aug/cv_pool/non_batik/geometris_2__f6b3418e39a1__orig_0158.png,f6b3418e39a1,f6b3418e39a1,dataset_batik/non_batik/geometris/geometris (2).png,non_batik,0,geometris,cv_pool,False,original,163.974609375,928.0,6.1542480166760285,0.5163558496701095,6.63920029860861,220.3160084892604
dataset_aug/cv_pool/non_batik/geometris_2__f6b3418e39a1__rot-10p8_0211.jpg,f6b3418e39a1,f6b3418e39a1,dataset_batik/non_batik/geometris/geometris (2).png,non_batik,0,geometris,cv_pool,True,rot-10p8,187.18521881103516,1078.0,6.245934291609027,0.5073064700099721,6.667161477410094,211.77186154661686
dataset_aug/cv_pool/non_batik/geometris_2__f6b3418e39a1__rot180_0083.jpg,f6b3418e39a1,f6b3418e39a1,dataset_batik/non_batik/geometris/geometris (2).png,non_batik,0,geometris,cv_pool,True,rot180,164.51535415649414,931.0,6.172928522344069,0.5153446239171398,6.665292666155235,219.32319332427213
dataset_aug/cv_pool/non_batik/geometris_2__f6b3418e39a1__rot270_0147.jpg,f6b3418e39a1,f6b3418e39a1,dataset_batik/non_batik/geometris/geometris (2).png,non_batik,0,geometris,cv_pool,True,rot270,163.7201156616211,927.0,6.182934129917417,0.5135097345015973,6.663045346347621,219.32612162663017
dataset_aug/cv_pool/non_batik/geometris_2__f6b3418e39a1__rot90_0019.jpg,f6b3418e39a1,f6b3418e39a1,dataset_batik/non_batik/geometris/geometris (2).png,non_batik,0,geometris,cv_pool,True,rot90,163.46216201782227,925.0,6.1774111820210695,0.5146955254856225,6.676175414195633,219.15937861369264
dataset_aug/cv_pool/non_batik/geometris_8__f88b483bd98e__orig_0164.png,f88b483bd98e,f88b483bd98e,dataset_batik/non_batik/geometris/geometris (8).png,non_batik,0,geometris,cv_pool,False,original,0.0,0.0,5.505360962308018,0.586709898500595,6.649136388158112,70.74322169816084
dataset_aug/cv_pool/non_batik/geometris_8__f88b483bd98e__brightness0p85_0035.jpg,f88b483bd98e,f88b483bd98e,dataset_batik/non_batik/geometris/geometris (8).png,non_batik,0,geometris,cv_pool,True,brightness0p85,0.23462677001953125,6.0,4.710445655053893,0.7566082689600347,6.752193145746492,150.43026936447123
dataset_aug/cv_pool/non_batik/geometris_8__f88b483bd98e__contrast1p08_0099.jpg,f88b483bd98e,f88b483bd98e,dataset_batik/non_batik/geometris/geometris (8).png,non_batik,0,geometris,cv_pool,True,contrast1p08,0.0,0.0,5.7880675221929,0.5658977663335901,6.676630796902478,71.68031620072016
dataset_aug/cv_pool/non_batik/geometris_8__f88b483bd98e__rot180_0227.jpg,f88b483bd98e,f88b483bd98e,dataset_batik/non_batik/geometris/geometris (8).png,non_batik,0,geometris,cv_pool,True,rot180,0.0,0.0,5.508452405934396,0.587581242431942,6.660077521162446,71.78638385221795
dataset_aug/cv_pool/non_batik/geometris_8__f88b483bd98e__rot90_0163.jpg,f88b483bd98e,f88b483bd98e,dataset_batik/non_batik/geometris/geometris (8).png,non_batik,0,geometris,cv_pool,True,rot90,0.0,0.0,5.507382694735195,0.5879172152043494,6.671889524181015,71.6288110051998
dataset_aug/cv_pool/non_batik/geometris_7__fc6da929304d__orig_0163.png,fc6da929304d,fc6da929304d,dataset_batik/non_batik/geometris/geometris (7).png,non_batik,0,geometris,cv_pool,False,original,4.124198913574219,27.0,4.638173641623872,0.683823406245852,6.565757848577979,344.0922998303385
dataset_aug/cv_pool/non_batik/geometris_7__fc6da929304d__flip_h_0104.jpg,fc6da929304d,fc6da929304d,dataset_batik/non_batik/geometris/geometris (7).png,non_batik,0,geometris,cv_pool,True,flip_h,3.970062255859375,26.0,4.67808717337438,0.6784936751828636,6.594915046668665,336.6713544003829
dataset_aug/cv_pool/non_batik/geometris_7__fc6da929304d__flip_v_0168.jpg,fc6da929304d,fc6da929304d,dataset_batik/non_batik/geometris/geometris (7).png,non_batik,0,geometris,cv_pool,True,flip_v,5.175407409667969,34.0,4.680134291558022,0.6791784350308927,6.5896732000110205,337.4003590745861
dataset_aug/cv_pool/non_batik/geometris_7__fc6da929304d__rot-2p0_0040.jpg,fc6da929304d,fc6da929304d,dataset_batik/non_batik/geometris/geometris (7).png,non_batik,0,geometris,cv_pool,True,rot-2p0,1.6753196716308594,11.0,4.602815798112488,0.6894056069016662,6.544784082229501,371.5065092981953
dataset_aug/cv_pool/non_batik/geometris_7__fc6da929304d__zoom07_0232.jpg,fc6da929304d,fc6da929304d,dataset_batik/non_batik/geometris/geometris (7).png,non_batik,0,geometris,cv_pool,True,zoom07,5.2052001953125,32.0,4.788456134549932,0.6641446686004107,6.606594229130327,376.0640394120654
dataset_aug/cv_pool/non_batik/polkadot4__ffeae644af12__orig_0180.jpg,ffeae644af12,ffeae644af12,dataset_batik/non_batik/polkadot/polkadot4.jpg,non_batik,0,polkadot,cv_pool,False,original,1.76068115234375,112.0,3.3439019342788674,0.8596852896566519,5.115096288317606,87.92487885268251
dataset_aug/cv_pool/non_batik/polkadot4__ffeae644af12__brightness0p89_0215.jpg,ffeae644af12,ffeae644af12,dataset_batik/non_batik/polkadot/polkadot4.jpg,non_batik,0,polkadot,cv_pool,True,brightness0p89,1.7978363037109375,118.0,3.2276648471562144,0.8589238829731739,5.533082025218759,88.1881724396613
dataset_aug/cv_pool/non_batik/polkadot4__ffeae644af12__flip_h_0023.jpg,ffeae644af12,ffeae644af12,dataset_batik/non_batik/polkadot/polkadot4.jpg,non_batik,0,polkadot,cv_pool,True,flip_h,1.7673492431640625,113.0,3.3699938225218484,0.8525038284311579,5.885047985419206,87.06382529668315
dataset_aug/cv_pool/non_batik/polkadot4__ffeae644af12__flip_v_0087.jpg,ffeae644af12,ffeae644af12,dataset_batik/non_batik/polkadot/polkadot4.jpg,non_batik,0,polkadot,cv_pool,True,flip_v,1.80181884765625,106.0,3.3791708274174628,0.8516106313418245,5.804990090013451,87.46372055093228
dataset_aug/cv_pool/non_batik/polkadot4__ffeae644af12__zoom09_0151.jpg,ffeae644af12,ffeae644af12,dataset_batik/non_batik/polkadot/polkadot4.jpg,non_batik,0,polkadot,cv_pool,True,zoom09,1.5744438171386719,99.0,3.379749348822336,0.8689881025326797,5.98728004586876,109.643288935425
