path,source_id,group_id,source_path,kelas,label,subjenis,partition,is_augmented,transform,motif_complexity_score,small_contour_count,glcm_entropy,glcm_homogeneity,lbp_entropy,fft_peak_ratio
dataset_aug/final_train/batik/0018__01423db2bf4d__orig_0073.jpg,01423db2bf4d,01423db2bf4d,dataset_batik/batik/Yogyakarta_Kawung/0018.jpg,batik,1,Yogyakarta_Kawung,final_train,False,original,30.266876220703125,1110.0,6.033258717094634,0.5940778007334682,6.28185078861286,110.9871004013901
dataset_aug/final_train/batik/0018__01423db2bf4d__rot+2p5_0058.jpg,01423db2bf4d,01423db2bf4d,dataset_batik/batik/Yogyakarta_Kawung/0018.jpg,batik,1,Yogyakarta_Kawung,final_train,True,rot+2p5,18.97756576538086,915.0,5.947910380785185,0.6116421874176448,6.084254799743958,122.0119613261017
dataset_aug/final_train/batik/semarangan4__028b7571da11__orig_0132.jpg,028b7571da11,028b7571da11,dataset_batik/batik/batik semarangan/semarangan4.jpg,batik,1,batik semarangan,final_train,False,original,109.83391571044922,921.0,6.411690355107687,0.569838434486581,6.342496381232701,25.62938934788493
dataset_aug/final_train/batik/0037__050046f947a6__orig_0028.jpg,050046f947a6,050046f947a6,dataset_batik/batik/Solo_Parang/0037.jpg,batik,1,Solo_Parang,final_train,False,original,81.10137557983398,1001.0,6.081687482998703,0.5220058714279624,6.239786553897382,178.11726345630646
dataset_aug/final_train/batik/0037__050046f947a6__rot270_0048.jpg,050046f947a6,050046f947a6,dataset_batik/batik/Solo_Parang/0037.jpg,batik,1,Solo_Parang,final_train,True,rot270,81.6368293762207,997.0,6.09121817679533,0.520626048655248,6.235358909658873,177.92916413400795
dataset_aug/final_train/batik/003__05ccbfc92105__orig_0110.jpg,05ccbfc92105,05ccbfc92105,dataset_batik/batik/Yogyakarta_Parang/003.jpg,batik,1,Yogyakarta_Parang,final_train,False,original,13.556312561035156,206.0,5.518027100859296,0.6042787135130097,6.074258543201664,154.26800917983815
dataset_aug/final_train/batik/003__05ccbfc92105__rot-12p1_0031.jpg,05ccbfc92105,05ccbfc92105,dataset_batik/batik/Yogyakarta_Parang/003.jpg,batik,1,Yogyakarta_Parang,final_train,True,rot-12p1,13.690452575683594,255.0,5.668474579416994,0.5933928158647904,6.118017979843939,156.37231101776266
dataset_aug/final_train/batik/0040__0c9036a66a5e__orig_0118.jpg,0c9036a66a5e,0c9036a66a5e,dataset_batik/batik/Yogyakarta_Parang/0040.jpg,batik,1,Yogyakarta_Parang,final_train,False,original,28.83190155029297,774.0,6.21590833199517,0.5688389352075418,6.325112432248194,141.95948142292238
dataset_aug/final_train/batik/0040__0c9036a66a5e__flip_v_0060.jpg,0c9036a66a5e,0c9036a66a5e,dataset_batik/batik/Yogyakarta_Parang/0040.jpg,batik,1,Yogyakarta_Parang,final_train,True,flip_v,28.3447265625,774.0,6.214527019797577,0.5680728200508381,6.329418759985676,141.81236842578517
dataset_aug/final_train/batik/0010__0cda161b73d8__orig_0043.jpg,0cda161b73d8,0cda161b73d8,dataset_batik/batik/SumateraBarat_Rumah_Minang/0010.jpg,batik,1,SumateraBarat_Rumah_Minang,final_train,False,original,124.97677230834961,861.0,6.995511779630895,0.4064309384947446,6.502614513889738,39.15665553561271
dataset_aug/final_train/batik/0013__0f308677eb60__orig_0010.jpg,0f308677eb60,0f308677eb60,dataset_batik/batik/Solo_Parang/0013.jpg,batik,1,Solo_Parang,final_train,False,original,177.7064971923828,1078.0,7.236864802738032,0.38098102625461316,6.426504725938624,39.4130416635958
dataset_aug/final_train/batik/0020__0f8e0b867151__orig_0105.jpg,0f8e0b867151,0f8e0b867151,dataset_batik/batik/Yogyakarta_Parang/0020.jpg,batik,1,Yogyakarta_Parang,final_train,False,original,44.638824462890625,792.0,6.547758322020123,0.5247472086346906,6.254808637987737,132.80134881866107
dataset_aug/final_train/batik/0020__0f8e0b867151__flip_h_0050.jpg,0f8e0b867151,0f8e0b867151,dataset_batik/batik/Yogyakarta_Parang/0020.jpg,batik,1,Yogyakarta_Parang,final_train,True,flip_h,45.6939697265625,805.0,6.554498228831793,0.5232720181097816,6.259133608502838,132.39402734990938
dataset_aug/final_train/batik/solo5__0fd5923aff43__orig_0137.jpg,0fd5923aff43,0fd5923aff43,dataset_batik/batik/batik solo/solo5.jpg,batik,1,batik solo,final_train,False,original,87.68804168701172,766.0,5.9978430274274634,0.48667386743036073,6.693752451463382,127.14743144197682
dataset_aug/final_train/batik/0025__15c3a3af00f1__orig_0080.jpg,15c3a3af00f1,15c3a3af00f1,dataset_batik/batik/Yogyakarta_Kawung/0025.jpg,batik,1,Yogyakarta_Kawung,final_train,False,original,228.39984512329102,1793.0,6.799198133555802,0.43475222731916763,6.633632597951047,169.54504005241614
dataset_aug/final_train/batik/0025__15c3a3af00f1__zoom09_0034.jpg,15c3a3af00f1,15c3a3af00f1,dataset_batik/batik/Yogyakarta_Kawung/0025.jpg,batik,1,Yogyakarta_Kawung,final_train,True,zoom09,91.78899383544922,1354.0,6.5486352436005095,0.4794458199418057,6.382824724327015,224.23979573901923
dataset_aug/final_train/batik/0028__17204d5eeb3c__orig_0038.jpg,17204d5eeb3c,17204d5eeb3c,dataset_batik/batik/SulawesiSelatan_Lontara/0028.jpg,batik,1,SulawesiSelatan_Lontara,final_train,False,original,92.17044830322266,754.0,5.624252123899712,0.5922120350073425,6.702394145860758,57.38565176337774
dataset_aug/final_train/batik/0028__17204d5eeb3c__rot+8p4_0022.jpg,17204d5eeb3c,17204d5eeb3c,dataset_batik/batik/SulawesiSelatan_Lontara/0028.jpg,batik,1,SulawesiSelatan_Lontara,final_train,True,rot+8p4,36.03289031982422,579.0,5.315760886729191,0.6454589979819376,6.648343812606646,71.1218297336205
dataset_aug/final_train/batik/0020__1a750a1ff1bb__orig_0053.jpg,1a750a1ff1bb,1a750a1ff1bb,dataset_batik/batik/SumateraBarat_Rumah_Minang/0020.jpg,batik,1,SumateraBarat_Rumah_Minang,final_train,False,original,98.29535675048828,886.0,6.976701459008419,0.4329543879061759,6.395743648958529,23.927800442326554
dataset_aug/final_train/batik/0020__1a750a1ff1bb__flip_v_0051.jpg,1a750a1ff1bb,1a750a1ff1bb,dataset_batik/batik/SumateraBarat_Rumah_Minang/0020.jpg,batik,1,SumateraBarat_Rumah_Minang,final_train,True,flip_v,102.04026794433594,907.0,6.98119932775422,0.43195215773628615,6.401243673324535,24.024948013935084
dataset_aug/final_train/batik/0040__1ae0673d1fc2__orig_0094.jpg,1ae0673d1fc2,1ae0673d1fc2,dataset_batik/batik/Yogyakarta_Kawung/0040.jpg,batik,1,Yogyakarta_Kawung,final_train,False,original,248.78167724609375,1496.0,6.96948673102791,0.39579858800256185,6.656014083119003,168.7606997390405
dataset_aug/final_train/batik/semarangan3__1e1c6c73c84d__orig_0131.jpg,1e1c6c73c84d,grp_1e1c6c73c84d,dataset_batik/batik/batik semarangan/semarangan3.jpg,batik,1,batik semarangan,final_train,False,original,215.90988159179688,1064.0,7.329342288927549,0.3862383061938094,6.656551417739871,24.144788309028186
dataset_aug/final_train/batik/semarangan3__1e1c6c73c84d__flip_h_0059.jpg,1e1c6c73c84d,grp_1e1c6c73c84d,dataset_batik/batik/batik semarangan/semarangan3.jpg,batik,1,batik semarangan,final_train,True,flip_h,219.70853805541992,1075.0,7.337004467644373,0.38444094201006895,6.675297766500201,24.077678791567987
dataset_aug/final_train/batik/0017__1ebf8c8980d8__orig_0036.jpg,1ebf8c8980d8,1ebf8c8980d8,dataset_batik/batik/SulawesiSelatan_Lontara/0017.jpg,batik,1,SulawesiSelatan_Lontara,final_train,False,original,27.161598205566406,475.0,5.318640570147782,0.5875957758819974,6.456677654247552,36.04964022058449
dataset_aug/final_train/batik/0034__204cc85f05f5__orig_0026.jpg,204cc85f05f5,grp_204cc85f05f5,dataset_batik/batik/Solo_Parang/0034.jpg,batik,1,Solo_Parang,final_train,False,original,119.54412841796875,1271.0,6.656967487451102,0.46171185656466923,5.998382857753606,129.72488596145948
dataset_aug/final_train/batik/0034__204cc85f05f5__rot-4p1_0004.jpg,204cc85f05f5,grp_204cc85f05f5,dataset_batik/batik/Solo_Parang/0034.jpg,batik,1,Solo_Parang,final_train,True,rot-4p1,82.09144592285156,1140.0,6.467020890565104,0.4945132500943573,5.825917753520015,165.44811531224542
dataset_aug/final_train/batik/0033__20802bdd836c__orig_0061.jpg,20802bdd836c,20802bdd836c,dataset_batik/batik/SumateraBarat_Rumah_Minang/0033.jpg,batik,1,SumateraBarat_Rumah_Minang,final_train,False,original,99.4227294921875,758.0,7.055033332778567,0.41229404195079966,6.440943230772991,21.27677490958271
dataset_aug/final_train/batik/0016__224b3baae42f__orig_0100.jpg,224b3baae42f,224b3baae42f,dataset_batik/batik/Yogyakarta_Parang/0016.jpg,batik,1,Yogyakarta_Parang,final_train,False,original,61.80736541748047,747.0,6.67050175223784,0.4483948767919683,6.1677211264134755,88.93399822164484
dataset_aug/final_train/batik/0027__232973849352__orig_0019.jpg,232973849352,232973849352,dataset_batik/batik/Solo_Parang/0027.jpg,batik,1,Solo_Parang,final_train,False,original,176.46429443359375,1136.0,7.114553396441651,0.4236853521957535,6.504128227880738,52.24177939421096
dataset_aug/final_train/batik/0027__232973849352__flip_h_0041.jpg,232973849352,232973849352,dataset_batik/batik/Solo_Parang/0027.jpg,batik,1,Solo_Parang,final_train,True,flip_h,175.38554000854492,1129.0,7.112304048922409,0.4239824345720171,6.50227357863921,52.274495006824154
dataset_aug/final_train/batik/solo1__24dcb9ff498b__orig_0134.png,24dcb9ff498b,24dcb9ff498b,dataset_batik/batik/batik solo/solo1.png,batik,1,batik solo,final_train,False,original,341.7829055786133,1534.0,6.940359580277114,0.40259453485621666,6.7368795397912,47.86767466242667
dataset_aug/final_train/batik/0014__2a17bd6593bc__orig_0047.jpg,2a17bd6593bc,2a17bd6593bc,dataset_batik/batik/SumateraBarat_Rumah_Minang/0014.jpg,batik,1,SumateraBarat_Rumah_Minang,final_train,False,original,134.36187744140625,860.0,6.6370735501037865,0.48075897574025744,6.695917449084156,18.76993984779059
dataset_aug/final_train/batik/0014__2a17bd6593bc__flip_v_0042.jpg,2a17bd6593bc,2a17bd6593bc,dataset_batik/batik/SumateraBarat_Rumah_Minang/0014.jpg,batik,1,SumateraBarat_Rumah_Minang,final_train,True,flip_v,137.30332946777344,861.0,6.619329252568747,0.4820986916047891,6.698499391870369,18.73074311274167
dataset_aug/final_train/batik/005__2a2a23410a51__orig_0095.jpg,2a2a23410a51,2a2a23410a51,dataset_batik/batik/Yogyakarta_Kawung/005.jpg,batik,1,Yogyakarta_Kawung,final_train,False,original,14.969879150390625,678.0,5.69438795030828,0.6542066320910015,6.202598659488917,133.35641191180173
dataset_aug/final_train/batik/005__2a2a23410a51__flip_h_0014.jpg,2a2a23410a51,2a2a23410a51,dataset_batik/batik/Yogyakarta_Kawung/005.jpg,batik,1,Yogyakarta_Kawung,final_train,True,flip_h,14.66986083984375,678.0,5.697143021142226,0.6534158794450662,6.211888782632551,133.22595341127843
dataset_aug/final_train/batik/003__318560941f39__orig_0084.jpg,318560941f39,318560941f39,dataset_batik/batik/Yogyakarta_Kawung/003.jpg,batik,1,Yogyakarta_Kawung,final_train,False,original,31.784133911132812,1129.0,6.050640383862473,0.5867372728674536,6.310762653713029,117.39669675484866
dataset_aug/final_train/batik/008__32d72ffa72f3__orig_0067.jpg,32d72ffa72f3,32d72ffa72f3,dataset_batik/batik/SumateraBarat_Rumah_Minang/008.jpg,batik,1,SumateraBarat_Rumah_Minang,final_train,False,original,132.9507179260254,1191.0,6.9761946202052645,0.4501246306939979,6.54213330072351,23.74054646629173
dataset_aug/final_train/batik/008__32d72ffa72f3__contrast0p91_0036.jpg,32d72ffa72f3,32d72ffa72f3,dataset_batik/batik/SumateraBarat_Rumah_Minang/008.jpg,batik,1,SumateraBarat_Rumah_Minang,final_train,True,contrast0p91,123.81770706176758,1123.0,6.923199142593779,0.4582748271132765,6.544292591007162,23.802966372597695
dataset_aug/final_train/batik/0011__32d738243497__orig_0008.jpg,32d738243497,32d738243497,dataset_batik/batik/Solo_Parang/0011.jpg,batik,1,Solo_Parang,final_train,False,original,118.45415878295898,943.0,6.675923153687892,0.5168654917855993,6.476390576772475,73.84379555981664
dataset_aug/final_train/batik/0011__32d738243497__zoom07_0061.jpg,32d738243497,32d738243497,dataset_batik/batik/Solo_Parang/0011.jpg,batik,1,Solo_Parang,final_train,True,zoom07,66.9625473022461,805.0,6.471043754652488,0.5597420928923706,6.248828071449745,81.92101855419585
dataset_aug/final_train/batik/006__339148643a6c__orig_0042.jpg,339148643a6c,339148643a6c,dataset_batik/batik/SulawesiSelatan_Lontara/006.jpg,batik,1,SulawesiSelatan_Lontara,final_train,False,original,52.01661682128906,1121.0,6.366874109543331,0.45348768663982,6.676220574430548,55.66618305144322
dataset_aug/final_train/batik/0027__35db741433f7__orig_0059.jpg,35db741433f7,35db741433f7,dataset_batik/batik/SumateraBarat_Rumah_Minang/0027.jpg,batik,1,SumateraBarat_Rumah_Minang,final_train,False,original,66.9407844543457,735.0,6.246632489986478,0.4952536217189409,6.408911574924398,26.507530405927326
dataset_aug/final_train/batik/0038__37dc41276bd9__orig_0029.jpg,37dc41276bd9,37dc41276bd9,dataset_batik/batik/Solo_Parang/0038.jpg,batik,1,Solo_Parang,final_train,False,original,78.67816162109375,808.0,6.77761185242653,0.4708851402978534,6.38324211741466,67.18798718781157
dataset_aug/final_train/batik/0038__37dc41276bd9__rot180_0020.jpg,37dc41276bd9,37dc41276bd9,dataset_batik/batik/Solo_Parang/0038.jpg,batik,1,Solo_Parang,final_train,True,rot180,79.60852432250977,813.0,6.780863111595958,0.470742550346844,6.383349845851722,67.25593943525526
dataset_aug/final_train/batik/0038__3c68bb5f2327__orig_0115.jpg,3c68bb5f2327,3c68bb5f2327,dataset_batik/batik/Yogyakarta_Parang/0038.jpg,batik,1,Yogyakarta_Parang,final_train,False,original,36.994422912597656,877.0,6.276523517907348,0.5480683056023327,6.311910547707959,144.5767624076077
dataset_aug/final_train/batik/0038__3c68bb5f2327__rot+12p3_0013.jpg,3c68bb5f2327,3c68bb5f2327,dataset_batik/batik/Yogyakarta_Parang/0038.jpg,batik,1,Yogyakarta_Parang,final_train,True,rot+12p3,10.263885498046875,568.0,6.157710525023709,0.565846678595522,6.135378141436563,178.10947372362733
dataset_aug/final_train/batik/0032__3db0cabb6a47__orig_0024.jpg,3db0cabb6a47,grp_3db0cabb6a47,dataset_batik/batik/Solo_Parang/0032.jpg,batik,1,Solo_Parang,final_train,False,original,94.24220657348633,829.0,6.694536171285151,0.4822378710482236,6.094256052259755,111.35752034315664
dataset_aug/final_train/batik/0025__418868e904b3__orig_0018.jpg,418868e904b3,418868e904b3,dataset_batik/batik/Solo_Parang/0025.jpg,batik,1,Solo_Parang,final_train,False,original,85.88479614257812,792.0,6.583537202899956,0.5262675656091683,6.468477413220306,62.02944682765902
dataset_aug/final_train/batik/0012__4296840cb96e__orig_0045.jpg,4296840cb96e,4296840cb96e,dataset_batik/batik/SumateraBarat_Rumah_Minang/0012.jpg,batik,1,SumateraBarat_Rumah_Minang,final_train,False,original,249.7566261291504,1167.0,7.3226251488630965,0.3903409934601181,6.722442789562684,34.58663934841886
dataset_aug/final_train/batik/007__4378ec5c01d7__orig_0066.jpg,4378ec5c01d7,4378ec5c01d7,dataset_batik/batik/SumateraBarat_Rumah_Minang/007.jpg,batik,1,SumateraBarat_Rumah_Minang,final_train,False,original,34.827880859375,554.0,6.347655094965495,0.5133931682071415,6.298573371674049,33.63253740077933
dataset_aug/final_train/batik/0039__46224a6951cd__orig_0092.jpg,46224a6951cd,46224a6951cd,dataset_batik/batik/Yogyakarta_Kawung/0039.jpg,batik,1,Yogyakarta_Kawung,final_train,False,original,37.44140625,512.0,6.355250879849191,0.5264076559118427,6.383217757187907,46.394586016164794
dataset_aug/final_train/batik/0039__46224a6951cd__rot90_0055.jpg,46224a6951cd,46224a6951cd,dataset_batik/batik/Yogyakarta_Kawung/0039.jpg,batik,1,Yogyakarta_Kawung,final_train,True,rot90,36.84531784057617,501.0,6.346442910509159,0.5270033567958016,6.388398683265722,46.32849262613022
dataset_aug/final_train/batik/0010__4685b3b6f662__orig_0069.jpg,4685b3b6f662,grp_4685b3b6f662,dataset_batik/batik/Yogyakarta_Kawung/0010.jpg,batik,1,Yogyakarta_Kawung,final_train,False,original,52.05940628051758,991.0,5.948991144506764,0.5273755567558327,6.620256457080574,271.20505904600685
dataset_aug/final_train/batik/0010__4685b3b6f662__brightness0p90_0044.jpg,4685b3b6f662,grp_4685b3b6f662,dataset_batik/batik/Yogyakarta_Kawung/0010.jpg,batik,1,Yogyakarta_Kawung,final_train,True,brightness0p90,51.95321273803711,981.0,5.783315286763839,0.5479249113932069,6.639781616229685,256.19082146610396
dataset_aug/final_train/batik/0011__482d00c6689f__orig_0044.jpg,482d00c6689f,482d00c6689f,dataset_batik/batik/SumateraBarat_Rumah_Minang/0011.jpg,batik,1,SumateraBarat_Rumah_Minang,final_train,False,original,67.26874160766602,767.0,6.215274351303714,0.49956655563819236,6.382393456442106,27.55561955886729
dataset_aug/final_train/batik/38__4887f2b0b9db__orig_0004.jpg,4887f2b0b9db,4887f2b0b9db,dataset_batik/batik/Batik Sekar Jagad/38.jpg,batik,1,Batik Sekar Jagad,final_train,False,original,293.0018081665039,1474.0,7.413206549661114,0.35619091183699936,6.67783445995817,19.042851493946237
dataset_aug/final_train/batik/38__4887f2b0b9db__brightness0p97_0026.jpg,4887f2b0b9db,4887f2b0b9db,dataset_batik/batik/Batik Sekar Jagad/38.jpg,batik,1,Batik Sekar Jagad,final_train,True,brightness0p97,308.0273895263672,1476.0,7.421019104372503,0.35552166253861717,6.671884685092123,19.060728632128907
dataset_aug/final_train/batik/0017__494cc5d151c0__orig_0049.jpg,494cc5d151c0,494cc5d151c0,dataset_batik/batik/SumateraBarat_Rumah_Minang/0017.jpg,batik,1,SumateraBarat_Rumah_Minang,final_train,False,original,27.765106201171875,692.0,5.9699006052058206,0.6252291792703075,6.344178942227933,45.18125694347438
dataset_aug/final_train/batik/0025__49e6fc0351e9__orig_0058.jpg,49e6fc0351e9,49e6fc0351e9,dataset_batik/batik/SumateraBarat_Rumah_Minang/0025.jpg,batik,1,SumateraBarat_Rumah_Minang,final_train,False,original,95.45394515991211,957.0,6.846616389974365,0.452608442903895,6.512394407211557,31.658166510238285
dataset_aug/final_train/batik/004__4ce26e238996__orig_0031.jpg,4ce26e238996,4ce26e238996,dataset_batik/batik/Solo_Parang/004.jpg,batik,1,Solo_Parang,final_train,False,original,63.208740234375,688.0,6.101510800825051,0.5588353445611328,6.266905556604573,47.63039475074244
dataset_aug/final_train/batik/1__4cf5c0621088__orig_0002.jpg,4cf5c0621088,4cf5c0621088,dataset_batik/batik/Batik Sekar Jagad/1.jpg,batik,1,Batik Sekar Jagad,final_train,False,original,329.4780387878418,1507.0,6.9696440420374906,0.40989794495716725,6.547917264538107,21.136414514935485
dataset_aug/final_train/batik/0039__519b6e1dfbd9__orig_0116.jpg,519b6e1dfbd9,519b6e1dfbd9,dataset_batik/batik/Yogyakarta_Parang/0039.jpg,batik,1,Yogyakarta_Parang,final_train,False,original,263.98986053466797,1477.0,7.1949455187262945,0.37242837040422616,6.444824375316728,52.82063346636534
dataset_aug/final_train/batik/0039__519b6e1dfbd9__flip_h_0032.jpg,519b6e1dfbd9,519b6e1dfbd9,dataset_batik/batik/Yogyakarta_Parang/0039.jpg,batik,1,Yogyakarta_Parang,final_train,True,flip_h,271.83788299560547,1495.0,7.193983813440858,0.3721770836462004,6.444897998286329,52.65548319783918
dataset_aug/final_train/batik/0028__5417f1939333__orig_0108.jpg,5417f1939333,5417f1939333,dataset_batik/batik/Yogyakarta_Parang/0028.jpg,batik,1,Yogyakarta_Parang,final_train,False,original,51.15251541137695,549.0,6.47334288322601,0.5137051962251813,6.32275893618532,99.67472630580488
dataset_aug/final_train/batik/001__54bfb8bd54ab__orig_0006.jpg,54bfb8bd54ab,54bfb8bd54ab,dataset_batik/batik/Solo_Parang/001.jpg,batik,1,Solo_Parang,final_train,False,original,104.92248916625977,1359.0,6.807581322978425,0.4619964105248759,5.970267405879426,88.46304842254152
dataset_aug/final_train/batik/001__54bfb8bd54ab__contrast0p97_0063.jpg,54bfb8bd54ab,54bfb8bd54ab,dataset_batik/batik/Solo_Parang/001.jpg,batik,1,Solo_Parang,final_train,True,contrast0p97,114.3253402709961,1358.0,6.808284195432737,0.4626866322104579,5.984990743193601,88.88750243299589
dataset_aug/final_train/batik/0037__56fa039f7fcf__orig_0063.jpg,56fa039f7fcf,56fa039f7fcf,dataset_batik/batik/SumateraBarat_Rumah_Minang/0037.jpg,batik,1,SumateraBarat_Rumah_Minang,final_train,False,original,128.94604110717773,949.0,6.737050363366384,0.4879824467733068,6.552647091486115,25.156031673205103
dataset_aug/final_train/batik/0032__5a0b830d2c1b__orig_0087.jpg,5a0b830d2c1b,5a0b830d2c1b,dataset_batik/batik/Yogyakarta_Kawung/0032.jpg,batik,1,Yogyakarta_Kawung,final_train,False,original,22.53567123413086,909.0,5.831762338472706,0.6190059242839219,6.2372544696713845,117.5461300918995
dataset_aug/final_train/batik/pekalongan1__5bfe72414caf__orig_0124.jpg,5bfe72414caf,5bfe72414caf,dataset_batik/batik/batik pekalongan/pekalongan1.jpg,batik,1,batik pekalongan,final_train,False,original,305.05902099609375,1773.0,7.321140707420215,0.3680652739725636,6.573518017867485,41.41694069517459
dataset_aug/final_train/batik/0030__5dc0a5b5e0e3__orig_0039.jpg,5dc0a5b5e0e3,5dc0a5b5e0e3,dataset_batik/batik/SulawesiSelatan_Lontara/0030.jpg,batik,1,SulawesiSelatan_Lontara,final_train,False,original,208.9667854309082,1319.0,5.162429274894771,0.6017722666311031,6.522635502078378,54.5922462377019
dataset_aug/final_train/batik/0030__5dc0a5b5e0e3__contrast1p11_0045.jpg,5dc0a5b5e0e3,5dc0a5b5e0e3,dataset_batik/batik/SulawesiSelatan_Lontara/0030.jpg,batik,1,SulawesiSelatan_Lontara,final_train,True,contrast1p11,265.3299331665039,1462.0,5.39080496112892,0.5787506327357248,6.519737013452196,53.96807281901278
dataset_aug/final_train/batik/0029__5f3323d49daf__orig_0083.jpg,5f3323d49daf,5f3323d49daf,dataset_batik/batik/Yogyakarta_Kawung/0029.jpg,batik,1,Yogyakarta_Kawung,final_train,False,original,23.110671997070312,901.0,5.878490130493169,0.614889829735366,6.315108579478426,115.20470547248263
dataset_aug/final_train/batik/0029__5f3323d49daf__contrast1p04_0054.jpg,5f3323d49daf,5f3323d49daf,dataset_batik/batik/Yogyakarta_Kawung/0029.jpg,batik,1,Yogyakarta_Kawung,final_train,True,contrast1p04,24.223251342773438,910.0,5.910237145427265,0.6116675666204643,6.318411449560637,115.35477294999713
dataset_aug/final_train/batik/0024__5fbb49767a26__orig_0057.jpg,5fbb49767a26,5fbb49767a26,dataset_batik/batik/SumateraBarat_Rumah_Minang/0024.jpg,batik,1,SumateraBarat_Rumah_Minang,final_train,False,original,228.1184844970703,1091.0,7.326245241816602,0.3894260676578023,6.717661860889139,33.918387634820476
dataset_aug/final_train/batik/0024__5fbb49767a26__rot270_0012.jpg,5fbb49767a26,5fbb49767a26,dataset_batik/batik/SumateraBarat_Rumah_Minang/0024.jpg,batik,1,SumateraBarat_Rumah_Minang,final_train,True,rot270,234.68515014648438,1118.0,7.330993286331101,0.38855569061452777,6.722198785901485,33.50827531622389
dataset_aug/final_train/batik/0010__6442e19a4f03__orig_0007.jpg,6442e19a4f03,6442e19a4f03,dataset_batik/batik/Solo_Parang/0010.jpg,batik,1,Solo_Parang,final_train,False,original,105.16461181640625,773.0,6.15638593357844,0.5529192213673282,6.276383266287202,138.34043296261072
dataset_aug/final_train/batik/0024__64c221c7e69e__orig_0106.jpg,64c221c7e69e,64c221c7e69e,dataset_batik/batik/Yogyakarta_Parang/0024.jpg,batik,1,Yogyakarta_Parang,final_train,False,original,43.87874221801758,771.0,6.347433721761181,0.5397727616533412,6.3330235250316536,175.84445711474902
dataset_aug/final_train/batik/0024__64c221c7e69e__contrast0p93_0027.jpg,64c221c7e69e,64c221c7e69e,dataset_batik/batik/Yogyakarta_Parang/0024.jpg,batik,1,Yogyakarta_Parang,final_train,True,contrast0p93,42.9083366394043,769.0,6.3137734667859515,0.5433773092514755,6.339994806381967,175.84703023419695
dataset_aug/final_train/batik/009__68d05da78831__orig_0034.jpg,68d05da78831,68d05da78831,dataset_batik/batik/Solo_Parang/009.jpg,batik,1,Solo_Parang,final_train,False,original,36.79901123046875,740.0,6.116563662316114,0.6091557286218683,6.23003222961796,132.64830032001015
dataset_aug/final_train/batik/009__68d05da78831__rot270_0021.jpg,68d05da78831,68d05da78831,dataset_batik/batik/Solo_Parang/009.jpg,batik,1,Solo_Parang,final_train,True,rot270,41.01470184326172,779.0,6.123966563769632,0.6083809441666629,6.234918447617672,132.32123511161547
dataset_aug/final_train/batik/pekalongan5__6900868add34__orig_0128.jpg,6900868add34,6900868add34,dataset_batik/batik/batik pekalongan/pekalongan5.jpg,batik,1,batik pekalongan,final_train,False,original,410.09239196777344,1660.0,7.453876871472065,0.34384814357460536,6.829599429526503,14.650736903023454
dataset_aug/final_train/batik/pekalongan5__6900868add34__rot+7p8_0049.jpg,6900868add34,6900868add34,dataset_batik/batik/batik pekalongan/pekalongan5.jpg,batik,1,batik pekalongan,final_train,True,rot+7p8,352.07162857055664,1661.0,7.219670488114283,0.39043087351351946,6.646015250039204,24.127578513539408
dataset_aug/final_train/batik/0033__6dc41f6c55a3__orig_0025.jpg,6dc41f6c55a3,6dc41f6c55a3,dataset_batik/batik/Solo_Parang/0033.jpg,batik,1,Solo_Parang,final_train,False,original,194.5881805419922,1628.0,6.605164617777666,0.44549587195518336,6.15129155417552,166.24823121329925
dataset_aug/final_train/batik/0033__6dc41f6c55a3__rot270_0003.jpg,6dc41f6c55a3,6dc41f6c55a3,dataset_batik/batik/Solo_Parang/0033.jpg,batik,1,Solo_Parang,final_train,True,rot270,193.67691040039062,1630.0,6.5986236555293605,0.44824240647065394,6.153353155708894,166.9870495862548
dataset_aug/final_train/batik/0020__6ee03ea4ad8e__orig_0014.jpg,6ee03ea4ad8e,6ee03ea4ad8e,dataset_batik/batik/Solo_Parang/0020.jpg,batik,1,Solo_Parang,final_train,False,original,209.75909423828125,1583.0,7.044844847050813,0.4080098237592126,6.2292566391626645,71.70867505594809
dataset_aug/final_train/batik/0020__6ee03ea4ad8e__flip_h_0023.jpg,6ee03ea4ad8e,6ee03ea4ad8e,dataset_batik/batik/Solo_Parang/0020.jpg,batik,1,Solo_Parang,final_train,True,flip_h,211.30574798583984,1578.0,7.044459154771463,0.40742309027511525,6.228567927829354,71.42729957089104
dataset_aug/final_train/batik/0030__71b47ddc1aef__orig_0111.jpg,71b47ddc1aef,71b47ddc1aef,dataset_batik/batik/Yogyakarta_Parang/0030.jpg,batik,1,Yogyakarta_Parang,final_train,False,original,50.91609191894531,798.0,6.066648874693797,0.5726456927251272,6.337919503875096,119.25086090459922
dataset_aug/final_train/batik/0034__72312efd43da__orig_0040.jpg,72312efd43da,72312efd43da,dataset_batik/batik/SulawesiSelatan_Lontara/0034.jpg,batik,1,SulawesiSelatan_Lontara,final_train,False,original,176.16613388061523,1679.0,6.389640709498945,0.5322756853363108,6.550866904934157,117.60911721408577
dataset_aug/final_train/batik/0018__72cc088c4040__orig_0102.jpg,72cc088c4040,72cc088c4040,dataset_batik/batik/Yogyakarta_Parang/0018.jpg,batik,1,Yogyakarta_Parang,final_train,False,original,2.5863265991210938,449.0,5.8967359083135635,0.6143436361988749,6.123437937559316,114.10402152975244
dataset_aug/final_train/batik/0018__72cc088c4040__flip_h_0005.jpg,72cc088c4040,72cc088c4040,dataset_batik/batik/Yogyakarta_Parang/0018.jpg,batik,1,Yogyakarta_Parang,final_train,True,flip_h,2.8530120849609375,450.0,5.905656316264815,0.6134298380298502,6.127685531185744,114.02534232748009
dataset_aug/final_train/batik/0015__73e531fe1cee__orig_0048.jpg,73e531fe1cee,73e531fe1cee,dataset_batik/batik/SumateraBarat_Rumah_Minang/0015.jpg,batik,1,SumateraBarat_Rumah_Minang,final_train,False,original,209.515625,1012.0,7.292521643809173,0.3830573432612934,6.656464630946184,26.825457458101262
dataset_aug/final_train/batik/pekalongan2__74dfb64fde15__orig_0125.jpg,74dfb64fde15,74dfb64fde15,dataset_batik/batik/batik pekalongan/pekalongan2.jpg,batik,1,batik pekalongan,final_train,False,original,159.12769317626953,1185.0,6.206165353912621,0.5260863065279264,6.927342842357314,21.580247158249623
dataset_aug/final_train/batik/0025__7556e7595482__orig_0107.jpg,7556e7595482,7556e7595482,dataset_batik/batik/Yogyakarta_Parang/0025.jpg,batik,1,Yogyakarta_Parang,final_train,False,original,78.703857421875,952.0,6.746314401191469,0.4507874493387515,6.325022075041616,116.65245023538691
dataset_aug/final_train/batik/0031__798dd241fbb7__orig_0023.jpg,798dd241fbb7,798dd241fbb7,dataset_batik/batik/Solo_Parang/0031.jpg,batik,1,Solo_Parang,final_train,False,original,129.18658065795898,1097.0,6.507142523316957,0.5063967605384043,6.356279635951118,101.93604178885865
dataset_aug/final_train/batik/0022__7a6a08371391__orig_0078.jpg,7a6a08371391,7a6a08371391,dataset_batik/batik/Yogyakarta_Kawung/0022.jpg,batik,1,Yogyakarta_Kawung,final_train,False,original,33.201026916503906,405.0,6.590873282716226,0.45799609241210837,6.704780891864051,336.1629846455089
dataset_aug/final_train/batik/0019__7a71ef3f3ade__orig_0103.jpg,7a71ef3f3ade,7a71ef3f3ade,dataset_batik/batik/Yogyakarta_Parang/0019.jpg,batik,1,Yogyakarta_Parang,final_train,False,original,41.56615447998047,786.0,6.417123139949963,0.5005271757656836,6.011782026357937,192.6591379325762
dataset_aug/final_train/batik/0029__7bdd4895a8f4__orig_0109.jpg,7bdd4895a8f4,7bdd4895a8f4,dataset_batik/batik/Yogyakarta_Parang/0029.jpg,batik,1,Yogyakarta_Parang,final_train,False,original,271.679931640625,1304.0,7.079301593300151,0.4114997484223475,6.6377693695073665,50.20603892410559
dataset_aug/final_train/batik/0019__7cb908544ba8__orig_0074.jpg,7cb908544ba8,7cb908544ba8,dataset_batik/batik/Yogyakarta_Kawung/0019.jpg,batik,1,Yogyakarta_Kawung,final_train,False,original,55.7391357421875,480.0,6.861689251680772,0.5014453930975499,6.53748961323617,64.94843708341605
dataset_aug/final_train/batik/0019__7cb908544ba8__zoom08_0025.jpg,7cb908544ba8,7cb908544ba8,dataset_batik/batik/Yogyakarta_Kawung/0019.jpg,batik,1,Yogyakarta_Kawung,final_train,True,zoom08,31.990692138671875,391.0,6.63940633364219,0.5378072938639625,6.335233891545672,95.45570610170002
dataset_aug/final_train/batik/0029__7df4d5dd4fc0__orig_0021.jpg,7df4d5dd4fc0,7df4d5dd4fc0,dataset_batik/batik/Solo_Parang/0029.jpg,batik,1,Solo_Parang,final_train,False,original,29.625892639160156,545.0,6.092522898392868,0.5153676950397984,6.190175768039669,149.28866943981754
dataset_aug/final_train/batik/0029__7df4d5dd4fc0__rot90_0010.jpg,7df4d5dd4fc0,7df4d5dd4fc0,dataset_batik/batik/Solo_Parang/0029.jpg,batik,1,Solo_Parang,final_train,True,rot90,29.897747039794922,537.0,6.087207923234864,0.5157684763532283,6.195189443499139,149.87599922469283
dataset_aug/final_train/batik/0013__7fbd1b9fbaf8__orig_0035.jpg,7fbd1b9fbaf8,7fbd1b9fbaf8,dataset_batik/batik/SulawesiSelatan_Lontara/0013.jpg,batik,1,SulawesiSelatan_Lontara,final_train,False,original,45.006919860839844,698.0,6.805654076009814,0.532973068970663,6.688065027447559,60.42822379165772
dataset_aug/final_train/batik/0036__8044eaaa01ee__orig_0041.jpg,8044eaaa01ee,8044eaaa01ee,dataset_batik/batik/SulawesiSelatan_Lontara/0036.jpg,batik,1,SulawesiSelatan_Lontara,final_train,False,original,6.568462371826172,267.0,5.168097947267494,0.7123824130355711,6.426129724508586,42.05653746995773
dataset_aug/final_train/batik/0030__821b217c3490__orig_0085.jpg,821b217c3490,grp_4685b3b6f662,dataset_batik/batik/Yogyakarta_Kawung/0030.jpg,batik,1,Yogyakarta_Kawung,final_train,False,original,45.27656173706055,937.0,5.934690587827411,0.532846746873156,6.583924759621167,271.6734211030612
dataset_aug/final_train/batik/002__8302690a77c5__orig_0052.jpg,8302690a77c5,8302690a77c5,dataset_batik/batik/SumateraBarat_Rumah_Minang/002.jpg,batik,1,SumateraBarat_Rumah_Minang,final_train,False,original,58.92572021484375,548.0,6.598434464571058,0.47943415289370517,6.410219452270969,25.033256461886072
dataset_aug/final_train/batik/002__8302690a77c5__rot90_0028.jpg,8302690a77c5,8302690a77c5,dataset_batik/batik/SumateraBarat_Rumah_Minang/002.jpg,batik,1,SumateraBarat_Rumah_Minang,final_train,True,rot90,62.04478454589844,588.0,6.604106227808408,0.47857522580860135,6.4187051773599215,24.9792010043173
dataset_aug/final_train/batik/005__861b084216ea__orig_0065.jpg,861b084216ea,861b084216ea,dataset_batik/batik/SumateraBarat_Rumah_Minang/005.jpg,batik,1,SumateraBarat_Rumah_Minang,final_train,False,original,118.8431167602539,1146.0,6.9579376821384535,0.43920655141541864,6.316476523588266,24.138485853086912
dataset_aug/final_train/batik/0018__8be73861e239__orig_0050.jpg,8be73861e239,8be73861e239,dataset_batik/batik/SumateraBarat_Rumah_Minang/0018.jpg,batik,1,SumateraBarat_Rumah_Minang,final_train,False,original,137.17596435546875,874.0,6.8199627216023515,0.4594105772796132,6.626020392326055,17.49502453159418
dataset_aug/final_train/batik/0013__8bf4cb106e92__orig_0046.jpg,8bf4cb106e92,8bf4cb106e92,dataset_batik/batik/SumateraBarat_Rumah_Minang/0013.jpg,batik,1,SumateraBarat_Rumah_Minang,final_train,False,original,52.30706787109375,461.0,6.471888514371155,0.529667774712908,6.448216060936716,27.197556633249782
dataset_aug/final_train/batik/0013__8bf4cb106e92__rot270_0057.jpg,8bf4cb106e92,8bf4cb106e92,dataset_batik/batik/SumateraBarat_Rumah_Minang/0013.jpg,batik,1,SumateraBarat_Rumah_Minang,final_train,True,rot270,65.33193588256836,575.0,6.476783419182041,0.5295047015022678,6.446263331604547,27.164134642198906
dataset_aug/final_train/batik/009__8c566ec9c05a__orig_0068.jpg,8c566ec9c05a,8c566ec9c05a,dataset_batik/batik/SumateraBarat_Rumah_Minang/009.jpg,batik,1,SumateraBarat_Rumah_Minang,final_train,False,original,48.11073303222656,660.0,6.042263241453433,0.6124942648303753,6.149325853031476,45.73227869163844
dataset_aug/final_train/batik/0026__8cd33e274e4d__orig_0081.jpg,8cd33e274e4d,8cd33e274e4d,dataset_batik/batik/Yogyakarta_Kawung/0026.jpg,batik,1,Yogyakarta_Kawung,final_train,False,original,190.67658233642578,2133.0,6.943338213207895,0.42511005585448347,6.519742962980865,151.38844420566443
dataset_aug/final_train/batik/006__8e278f004798__orig_0096.jpg,8e278f004798,8e278f004798,dataset_batik/batik/Yogyakarta_Kawung/006.jpg,batik,1,Yogyakarta_Kawung,final_train,False,original,79.9097900390625,1328.0,6.6451575037259785,0.4690602475725114,6.565661620515496,134.03373584893436
dataset_aug/final_train/batik/006__8e278f004798__rot180_0056.jpg,8e278f004798,8e278f004798,dataset_batik/batik/Yogyakarta_Kawung/006.jpg,batik,1,Yogyakarta_Kawung,final_train,True,rot180,80.86189270019531,1340.0,6.6444310690114845,0.46887043358590114,6.568128773969264,133.89854849868945
dataset_aug/final_train/batik/0040__8eabcd2abffa__orig_0032.jpg,8eabcd2abffa,grp_3db0cabb6a47,dataset_batik/batik/Solo_Parang/0040.jpg,batik,1,Solo_Parang,final_train,False,original,100.30635833740234,845.0,6.682564751524893,0.48249390659375274,6.105292926599784,109.51184942167059
dataset_aug/final_train/batik/0038__94870fc592ab__orig_0064.jpg,94870fc592ab,94870fc592ab,dataset_batik/batik/SumateraBarat_Rumah_Minang/0038.jpg,batik,1,SumateraBarat_Rumah_Minang,final_train,False,original,105.37335968017578,838.0,6.8222200100443295,0.43655796790348644,6.32161042894106,32.475083469811324
dataset_aug/final_train/batik/0019__95f29eea7980__orig_0051.jpg,95f29eea7980,95f29eea7980,dataset_batik/batik/SumateraBarat_Rumah_Minang/0019.jpg,batik,1,SumateraBarat_Rumah_Minang,final_train,False,original,276.8928527832031,1400.0,7.096116751039852,0.37508365993581516,6.725522555138262,34.02936374742779
dataset_aug/final_train/batik/0019__95f29eea7980__zoom07_0043.jpg,95f29eea7980,95f29eea7980,dataset_batik/batik/SumateraBarat_Rumah_Minang/0019.jpg,batik,1,SumateraBarat_Rumah_Minang,final_train,True,zoom07,229.36658477783203,1442.0,6.900899586971793,0.41818521459371616,6.483374197819506,47.07878725535328
dataset_aug/final_train/batik/0024__9650ae0e9e81__orig_0017.jpg,9650ae0e9e81,9650ae0e9e81,dataset_batik/batik/Solo_Parang/0024.jpg,batik,1,Solo_Parang,final_train,False,original,252.5787811279297,1367.0,7.28827257715912,0.3718486001680053,6.558152626857377,95.17414842039935
dataset_aug/final_train/batik/004__9710a61c2b42__orig_0117.jpg,9710a61c2b42,9710a61c2b42,dataset_batik/batik/Yogyakarta_Parang/004.jpg,batik,1,Yogyakarta_Parang,final_train,False,original,28.3851318359375,496.0,6.743595702545521,0.4504032036827347,5.975268245243448,219.22664206381154
dataset_aug/final_train/batik/004__9710a61c2b42__flip_v_0006.jpg,9710a61c2b42,9710a61c2b42,dataset_batik/batik/Yogyakarta_Parang/004.jpg,batik,1,Yogyakarta_Parang,final_train,True,flip_v,29.010772705078125,500.0,6.739543095868515,0.45060745357817494,5.9760578757985385,219.23392174751166
dataset_aug/final_train/batik/0033__973f90f1c799__orig_0088.jpg,973f90f1c799,973f90f1c799,dataset_batik/batik/Yogyakarta_Kawung/0033.jpg,batik,1,Yogyakarta_Kawung,final_train,False,original,44.96293258666992,717.0,5.8483654050723795,0.6664941086561944,6.254158685141916,154.9541443639965
dataset_aug/final_train/batik/0033__973f90f1c799__brightness0p93_0017.jpg,973f90f1c799,973f90f1c799,dataset_batik/batik/Yogyakarta_Kawung/0033.jpg,batik,1,Yogyakarta_Kawung,final_train,True,brightness0p93,40.353790283203125,696.0,5.825308685722124,0.6707479018220043,6.246909807265599,155.2933717505973
dataset_aug/final_train/batik/002__975d095d1710__orig_0075.jpg,975d095d1710,975d095d1710,dataset_batik/batik/Yogyakarta_Kawung/002.jpg,batik,1,Yogyakarta_Kawung,final_train,False,original,155.6509017944336,1418.0,6.899483852039953,0.4871355046047108,6.50566863468316,93.17145683864882
dataset_aug/final_train/batik/0036__9c55efc8bc01__orig_0090.jpg,9c55efc8bc01,9c55efc8bc01,dataset_batik/batik/Yogyakarta_Kawung/0036.jpg,batik,1,Yogyakarta_Kawung,final_train,False,original,36.31916046142578,1150.0,5.9693302454938735,0.5948862049632844,6.316630348105829,110.58134213202331
dataset_aug/final_train/batik/0036__9c55efc8bc01__rot180_0047.jpg,9c55efc8bc01,9c55efc8bc01,dataset_batik/batik/Yogyakarta_Kawung/0036.jpg,batik,1,Yogyakarta_Kawung,final_train,True,rot180,36.2021484375,1152.0,5.972388312743233,0.5944469982759188,6.309492325696056,110.25668271076879
dataset_aug/final_train/batik/0010__9c71e54f91f9__orig_0098.jpg,9c71e54f91f9,9c71e54f91f9,dataset_batik/batik/Yogyakarta_Parang/0010.jpg,batik,1,Yogyakarta_Parang,final_train,False,original,26.473072052001953,289.0,5.988088161188577,0.5276361866711152,6.324350050103895,143.61342051937217
dataset_aug/final_train/batik/semarangan5__9ca0fa064166__orig_0133.jpg,9ca0fa064166,grp_1e1c6c73c84d,dataset_batik/batik/batik semarangan/semarangan5.jpg,batik,1,batik semarangan,final_train,False,original,218.26162338256836,1063.0,7.3666991376982764,0.3812615515219836,6.677835407610502,22.626166222385937
dataset_aug/final_train/batik/0029__9cc5012e3077__orig_0060.jpg,9cc5012e3077,9cc5012e3077,dataset_batik/batik/SumateraBarat_Rumah_Minang/0029.jpg,batik,1,SumateraBarat_Rumah_Minang,final_train,False,original,251.43996047973633,1249.0,7.110607003978502,0.39254691637590333,6.6394480150361375,24.171782740751432
dataset_aug/final_train/batik/0029__9cc5012e3077__rot180_0011.jpg,9cc5012e3077,9cc5012e3077,dataset_batik/batik/SumateraBarat_Rumah_Minang/0029.jpg,batik,1,SumateraBarat_Rumah_Minang,final_train,True,rot180,250.24890899658203,1250.0,7.107999704239118,0.3928262751782733,6.6379243690301575,24.276035930539578
dataset_aug/final_train/batik/0028__9fb8bf36fd8b__orig_0020.jpg,9fb8bf36fd8b,grp_204cc85f05f5,dataset_batik/batik/Solo_Parang/0028.jpg,batik,1,Solo_Parang,final_train,False,original,114.153076171875,1262.0,6.674905628017389,0.46166536932023916,5.972752222979612,112.13534536016844
dataset_aug/final_train/batik/0030__a10f0a7e53bd__orig_0022.jpg,a10f0a7e53bd,a10f0a7e53bd,dataset_batik/batik/Solo_Parang/0030.jpg,batik,1,Solo_Parang,final_train,False,original,99.34513092041016,1159.0,6.8098640645166935,0.4872611110945628,6.168564923136259,60.50214549724452
dataset_aug/final_train/batik/0030__a10f0a7e53bd__zoom08_0052.jpg,a10f0a7e53bd,a10f0a7e53bd,dataset_batik/batik/Solo_Parang/0030.jpg,batik,1,Solo_Parang,final_train,True,zoom08,44.914390563964844,887.0,6.6142234265317175,0.5201626349963254,5.8727481711464655,83.37129647450179
dataset_aug/final_train/batik/semarangan1__a234e5ca3e30__orig_0129.jpg,a234e5ca3e30,a234e5ca3e30,dataset_batik/batik/batik semarangan/semarangan1.jpg,batik,1,batik semarangan,final_train,False,original,364.33824157714844,1438.0,7.672229541866236,0.3005503857455143,6.8117709458375355,13.229459486432377
dataset_aug/final_train/batik/0034__a24266798391__orig_0113.jpg,a24266798391,a24266798391,dataset_batik/batik/Yogyakarta_Parang/0034.jpg,batik,1,Yogyakarta_Parang,final_train,False,original,113.7403793334961,767.0,7.074148096012015,0.4108017225535286,6.289733684283894,93.63793174498822
dataset_aug/final_train/batik/0021__a291e5c48a49__orig_0054.jpg,a291e5c48a49,a291e5c48a49,dataset_batik/batik/SumateraBarat_Rumah_Minang/0021.jpg,batik,1,SumateraBarat_Rumah_Minang,final_train,False,original,79.017822265625,1021.0,6.722144462287776,0.5194223582573392,6.50524111492871,33.512443872248845
dataset_aug/final_train/batik/0017__a3833f8e9773__orig_0101.jpg,a3833f8e9773,grp_a3833f8e9773,dataset_batik/batik/Yogyakarta_Parang/0017.jpg,batik,1,Yogyakarta_Parang,final_train,False,original,48.6478271484375,852.0,6.415026815919568,0.4947878181747066,5.990684586190549,199.05258480739667
dataset_aug/final_train/batik/0017__a3833f8e9773__rot270_0030.jpg,a3833f8e9773,grp_a3833f8e9773,dataset_batik/batik/Yogyakarta_Parang/0017.jpg,batik,1,Yogyakarta_Parang,final_train,True,rot270,48.7120361328125,872.0,6.413750739939967,0.49530572428946634,5.991294695837658,199.79032503655
dataset_aug/final_train/batik/0036__a592c69656eb__orig_0027.jpg,a592c69656eb,a592c69656eb,dataset_batik/batik/Solo_Parang/0036.jpg,batik,1,Solo_Parang,final_train,False,original,131.90667724609375,1016.0,6.348765698227388,0.5241616824137175,6.446877715066044,65.53042413822695
dataset_aug/final_train/batik/005__a940ff920c6c__orig_0119.jpg,a940ff920c6c,a940ff920c6c,dataset_batik/batik/Yogyakarta_Parang/005.jpg,batik,1,Yogyakarta_Parang,final_train,False,original,66.30552291870117,1043.0,6.238875739811035,0.5481546929209351,6.05668151986179,130.2528097889591
dataset_aug/final_train/batik/009__aa85c99944f2__orig_0123.jpg,aa85c99944f2,grp_a3833f8e9773,dataset_batik/batik/Yogyakarta_Parang/009.jpg,batik,1,Yogyakarta_Parang,final_train,False,original,48.39756774902344,852.0,6.459622650438436,0.4940356038273588,6.002024005174251,196.8900405690918
dataset_aug/final_train/batik/009__aa85c99944f2__rot180_0002.jpg,aa85c99944f2,grp_a3833f8e9773,dataset_batik/batik/Yogyakarta_Parang/009.jpg,batik,1,Yogyakarta_Parang,final_train,True,rot180,46.636985778808594,834.0,6.462737329320994,0.49387985716199156,6.009295903171362,196.74981328043347
dataset_aug/final_train/batik/0016__ae689bfb028c__orig_0012.jpg,ae689bfb028c,ae689bfb028c,dataset_batik/batik/Solo_Parang/0016.jpg,batik,1,Solo_Parang,final_train,False,original,35.44488525390625,632.0,6.789182238500969,0.4430831168925295,6.271924945691562,141.97244267960403
dataset_aug/final_train/batik/0__aefd54b84960__orig_0001.jpg,aefd54b84960,aefd54b84960,dataset_batik/batik/Batik Sekar Jagad/0.jpg,batik,1,Batik Sekar Jagad,final_train,False,original,318.2013816833496,1449.0,7.288313541208057,0.36794163687327053,6.724213283753789,13.420649397113847
dataset_aug/final_train/batik/0__aefd54b84960__flip_v_0015.jpg,aefd54b84960,aefd54b84960,dataset_batik/batik/Batik Sekar Jagad/0.jpg,batik,1,Batik Sekar Jagad,final_train,True,flip_v,318.8480987548828,1449.0,7.2902143716811,0.3681364748564512,6.724892775729296,13.406936854435763
dataset_aug/final_train/batik/0032__b9f0bcdd4ffc__orig_0112.jpg,b9f0bcdd4ffc,b9f0bcdd4ffc,dataset_batik/batik/Yogyakarta_Parang/0032.jpg,batik,1,Yogyakarta_Parang,final_train,False,original,60.926055908203125,684.0,6.5131963494516025,0.4688094756276232,6.081287900132015,74.86434077324856
dataset_aug/final_train/batik/0032__b9f0bcdd4ffc__rot180_0029.jpg,b9f0bcdd4ffc,b9f0bcdd4ffc,dataset_batik/batik/Yogyakarta_Parang/0032.jpg,batik,1,Yogyakarta_Parang,final_train,True,rot180,58.29634094238281,666.0,6.51463894048243,0.46844076615470365,6.083028122056266,75.28601577303513
dataset_aug/final_train/batik/0016__ba741b615b90__orig_0072.jpg,ba741b615b90,ba741b615b90,dataset_batik/batik/Yogyakarta_Kawung/0016.jpg,batik,1,Yogyakarta_Kawung,final_train,False,original,269.57137298583984,2334.0,6.861202076554738,0.46129724355224905,6.505631600458193,150.09438651357814
dataset_aug/final_train/batik/0016__ba741b615b90__brightness0p97_0053.jpg,ba741b615b90,ba741b615b90,dataset_batik/batik/Yogyakarta_Kawung/0016.jpg,batik,1,Yogyakarta_Kawung,final_train,True,brightness0p97,269.3839416503906,2358.0,6.87402964002853,0.45986356107319815,6.506041859034192,149.7010174196218
dataset_aug/final_train/batik/0035__bbdb13d788e1__orig_0089.jpg,bbdb13d788e1,bbdb13d788e1,dataset_batik/batik/Yogyakarta_Kawung/0035.jpg,batik,1,Yogyakarta_Kawung,final_train,False,original,255.33934020996094,1506.0,6.999405318585555,0.3951724987887531,6.652228452959533,158.32831965615998
dataset_aug/final_train/batik/0035__bbdb13d788e1__rot90_0001.jpg,bbdb13d788e1,bbdb13d788e1,dataset_batik/batik/Yogyakarta_Kawung/0035.jpg,batik,1,Yogyakarta_Kawung,final_train,True,rot90,257.2189712524414,1519.0,7.003688199061536,0.3947125895706657,6.655242686918689,157.86506829542398
dataset_aug/final_train/batik/0027__bd730be873eb__orig_0082.jpg,bd730be873eb,bd730be873eb,dataset_batik/batik/Yogyakarta_Kawung/0027.jpg,batik,1,Yogyakarta_Kawung,final_train,False,original,45.0670166015625,544.0,6.531548817215707,0.4573052081444058,6.786329736508726,310.607874278008
dataset_aug/final_train/batik/0027__bd730be873eb__contrast1p14_0018.jpg,bd730be873eb,bd730be873eb,dataset_batik/batik/Yogyakarta_Kawung/0027.jpg,batik,1,Yogyakarta_Kawung,final_train,True,contrast1p14,63.588653564453125,646.0,5.903723873688862,0.5257764618463157,6.6371545285529105,296.9777420604426
dataset_aug/final_train/batik/007__bdad9f0a9e63__orig_0121.jpg,bdad9f0a9e63,bdad9f0a9e63,dataset_batik/batik/Yogyakarta_Parang/007.jpg,batik,1,Yogyakarta_Parang,final_train,False,original,31.086055755615234,747.0,6.479910431510806,0.5286315085440436,6.266641151084911,144.8893298028489
dataset_aug/final_train/batik/0036__be07729e8e4c__orig_0062.jpg,be07729e8e4c,be07729e8e4c,dataset_batik/batik/SumateraBarat_Rumah_Minang/0036.jpg,batik,1,SumateraBarat_Rumah_Minang,final_train,False,original,149.5974349975586,890.0,7.070027919561721,0.3849141048657071,6.55474449872537,17.276208716511373
dataset_aug/final_train/batik/0031__c23c92dfb3a6__orig_0086.jpg,c23c92dfb3a6,c23c92dfb3a6,dataset_batik/batik/Yogyakarta_Kawung/0031.jpg,batik,1,Yogyakarta_Kawung,final_train,False,original,266.90604400634766,2466.0,6.838201091382734,0.4677241314473322,6.406524966121676,173.80398372803967
dataset_aug/final_train/batik/0031__c23c92dfb3a6__flip_v_0024.jpg,c23c92dfb3a6,c23c92dfb3a6,dataset_batik/batik/Yogyakarta_Kawung/0031.jpg,batik,1,Yogyakarta_Kawung,final_train,True,flip_v,262.1740264892578,2421.0,6.841879799477837,0.4669043566506743,6.404783330097111,173.68788684982036
dataset_aug/final_train/batik/0014__c2b746a6af12__orig_0070.jpg,c2b746a6af12,c2b746a6af12,dataset_batik/batik/Yogyakarta_Kawung/0014.jpg,batik,1,Yogyakarta_Kawung,final_train,False,original,29.382091522216797,929.0,6.016707111955886,0.5908762987438594,6.367719605905094,97.92042017005303
dataset_aug/final_train/batik/0037__c54620730f2e__orig_0091.jpg,c54620730f2e,c54620730f2e,dataset_batik/batik/Yogyakarta_Kawung/0037.jpg,batik,1,Yogyakarta_Kawung,final_train,False,original,162.840576171875,1888.0,6.754117572850674,0.4805353949584954,6.5620630853160105,202.22458718053852
dataset_aug/final_train/batik/0023__c8389f7774ca__orig_0056.jpg,c8389f7774ca,c8389f7774ca,dataset_batik/batik/SumateraBarat_Rumah_Minang/0023.jpg,batik,1,SumateraBarat_Rumah_Minang,final_train,False,original,185.26081085205078,941.0,7.263316705569259,0.3560616497201059,6.603675266611814,22.275850936662216
dataset_aug/final_train/batik/0024__c8a756244bdd__orig_0079.jpg,c8a756244bdd,c8a756244bdd,dataset_batik/batik/Yogyakarta_Kawung/0024.jpg,batik,1,Yogyakarta_Kawung,final_train,False,original,33.290748596191406,1015.0,6.042016360987142,0.5895307425759625,6.361379434150218,111.53296391669565
dataset_aug/final_train/batik/0024__c8a756244bdd__rot90_0037.jpg,c8a756244bdd,c8a756244bdd,dataset_batik/batik/Yogyakarta_Kawung/0024.jpg,batik,1,Yogyakarta_Kawung,final_train,True,rot90,32.34894561767578,1014.0,6.043318173097665,0.5890844671342381,6.367158895882913,111.14209941682361
dataset_aug/final_train/batik/pekalongan3__cba62b260aa8__orig_0126.jpg,cba62b260aa8,cba62b260aa8,dataset_batik/batik/batik pekalongan/pekalongan3.jpg,batik,1,batik pekalongan,final_train,False,original,262.67401123046875,1208.0,6.806411707459486,0.4291326608113497,6.93753640499629,23.090079162043594
dataset_aug/final_train/batik/0022__cc4ed19c721d__orig_0016.jpg,cc4ed19c721d,cc4ed19c721d,dataset_batik/batik/Solo_Parang/0022.jpg,batik,1,Solo_Parang,final_train,False,original,80.11188125610352,727.0,6.858375651335272,0.47651768842838993,6.326826430776219,76.66668282324314
dataset_aug/final_train/batik/009__cccca1ba3cae__orig_0097.jpg,cccca1ba3cae,cccca1ba3cae,dataset_batik/batik/Yogyakarta_Kawung/009.jpg,batik,1,Yogyakarta_Kawung,final_train,False,original,95.63786315917969,1204.0,6.320213149678872,0.483195388800322,6.590888678898679,173.2438726153607
dataset_aug/final_train/batik/0012__cd0513428af6__orig_0099.jpg,cd0513428af6,grp_a3833f8e9773,dataset_batik/batik/Yogyakarta_Parang/0012.jpg,batik,1,Yogyakarta_Parang,final_train,False,original,49.55870056152344,859.0,6.435082556932073,0.49254094140623594,5.9924096324396015,205.92038868483164
dataset_aug/final_train/batik/002__cef09f780063__orig_0104.jpg,cef09f780063,cef09f780063,dataset_batik/batik/Yogyakarta_Parang/002.jpg,batik,1,Yogyakarta_Parang,final_train,False,original,4.488941192626953,161.0,5.696913668749087,0.5980968305180189,6.192899751185105,126.16773683503183
dataset_aug/final_train/batik/002__cef09f780063__rot-5p8_0040.jpg,cef09f780063,cef09f780063,dataset_batik/batik/Yogyakarta_Parang/002.jpg,batik,1,Yogyakarta_Parang,final_train,True,rot-5p8,2.9354095458984375,135.0,5.617100093300369,0.615195672873529,6.125622121125996,129.12376795061385
dataset_aug/final_train/batik/37__cf833bbbc2d2__orig_0003.jpg,cf833bbbc2d2,cf833bbbc2d2,dataset_batik/batik/Batik Sekar Jagad/37.jpg,batik,1,Batik Sekar Jagad,final_train,False,original,189.7681121826172,1852.0,6.844889997027353,0.4859663600465899,6.0814387955864415,26.67992293815985
dataset_aug/final_train/batik/37__cf833bbbc2d2__brightness0p89_0008.jpg,cf833bbbc2d2,cf833bbbc2d2,dataset_batik/batik/Batik Sekar Jagad/37.jpg,batik,1,Batik Sekar Jagad,final_train,True,brightness0p89,181.3718490600586,1782.0,6.822490621092827,0.48926081775107044,6.103323657306163,26.966834797528286
dataset_aug/final_train/batik/0020__d508f4f2374c__orig_0076.jpg,d508f4f2374c,d508f4f2374c,dataset_batik/batik/Yogyakarta_Kawung/0020.jpg,batik,1,Yogyakarta_Kawung,final_train,False,original,215.44830322265625,2224.0,6.772530286444698,0.4492784990099105,6.500277743511539,169.70417229094153
dataset_aug/final_train/batik/0020__d508f4f2374c__rot90_0019.jpg,d508f4f2374c,d508f4f2374c,dataset_batik/batik/Yogyakarta_Kawung/0020.jpg,batik,1,Yogyakarta_Kawung,final_train,True,rot90,219.3848762512207,2229.0,6.772096841461671,0.44913031912398715,6.506665145342309,170.1119532133683
dataset_aug/final_train/batik/0021__dbb32ee71649__orig_0077.jpg,dbb32ee71649,dbb32ee71649,dataset_batik/batik/Yogyakarta_Kawung/0021.jpg,batik,1,Yogyakarta_Kawung,final_train,False,original,43.19410705566406,1063.0,6.425111857878586,0.5227327548650775,6.324695582569828,288.19904404765646
dataset_aug/final_train/batik/0012__de330aa7d1a2__orig_0009.jpg,de330aa7d1a2,de330aa7d1a2,dataset_batik/batik/Solo_Parang/0012.jpg,batik,1,Solo_Parang,final_train,False,original,79.96007919311523,1073.0,6.885650694000062,0.44552451403139903,6.309818461760296,114.94739677102065
dataset_aug/final_train/batik/0012__de330aa7d1a2__rot90_0046.jpg,de330aa7d1a2,de330aa7d1a2,dataset_batik/batik/Solo_Parang/0012.jpg,batik,1,Solo_Parang,final_train,True,rot90,83.55963134765625,1096.0,6.884730406691913,0.44590813852292754,6.318385708851569,114.77329035449296
dataset_aug/final_train/batik/solo4__e0dbc911eac7__orig_0136.jpg,e0dbc911eac7,e0dbc911eac7,dataset_batik/batik/batik solo/solo4.jpg,batik,1,batik solo,final_train,False,original,91.94862365722656,1370.0,6.219227555745272,0.5609050578795755,6.525542958793795,98.86580268753335
dataset_aug/final_train/batik/solo4__e0dbc911eac7__brightness0p88_0062.jpg,e0dbc911eac7,e0dbc911eac7,dataset_batik/batik/batik solo/solo4.jpg,batik,1,batik solo,final_train,True,brightness0p88,68.46469116210938,1128.0,6.147318237615099,0.5660016465315423,6.460907643325061,110.53682099582174
dataset_aug/final_train/batik/0022__e29a2b8d50fa__orig_0055.jpg,e29a2b8d50fa,e29a2b8d50fa,dataset_batik/batik/SumateraBarat_Rumah_Minang/0022.jpg,batik,1,SumateraBarat_Rumah_Minang,final_train,False,original,32.36537551879883,761.0,5.900755094979032,0.6311414668395204,6.339720896778307,52.07398934894814
dataset_aug/final_train/batik/0018__e49dc5a7d4dd__orig_0037.jpg,e49dc5a7d4dd,e49dc5a7d4dd,dataset_batik/batik/SulawesiSelatan_Lontara/0018.jpg,batik,1,SulawesiSelatan_Lontara,final_train,False,original,221.5332794189453,1996.0,6.849222094481416,0.41042951241737013,6.666418112989627,34.67790333039708
dataset_aug/final_train/batik/54__e5f8bb3aa14e__orig_0005.jpg,e5f8bb3aa14e,e5f8bb3aa14e,dataset_batik/batik/Batik Sekar Jagad/54.jpg,batik,1,Batik Sekar Jagad,final_train,False,original,141.83916091918945,1845.0,7.116053888689278,0.4282631499400875,5.971002699095331,43.67170400891279
dataset_aug/final_train/batik/54__e5f8bb3aa14e__zoom03_0007.jpg,e5f8bb3aa14e,e5f8bb3aa14e,dataset_batik/batik/Batik Sekar Jagad/54.jpg,batik,1,Batik Sekar Jagad,final_train,True,zoom03,74.01352310180664,1313.0,6.986533565386262,0.4317360085509075,5.863939399053268,54.813663471648695
dataset_aug/final_train/batik/0036__e7708ac8cb87__orig_0114.jpg,e7708ac8cb87,e7708ac8cb87,dataset_batik/batik/Yogyakarta_Parang/0036.jpg,batik,1,Yogyakarta_Parang,final_train,False,original,41.53501892089844,734.0,5.983173868509503,0.5827518717011428,6.315771069653785,125.12451762331914
dataset_aug/final_train/batik/0039__e9fd42eb86e9__orig_0030.jpg,e9fd42eb86e9,e9fd42eb86e9,dataset_batik/batik/Solo_Parang/0039.jpg,batik,1,Solo_Parang,final_train,False,original,9.344097137451172,247.0,5.850723701077181,0.5366061090818695,6.200318290039628,163.51266868377476
dataset_aug/final_train/batik/pekalongan4__e9fea915240b__orig_0127.jpg,e9fea915240b,e9fea915240b,dataset_batik/batik/batik pekalongan/pekalongan4.jpg,batik,1,batik pekalongan,final_train,False,original,341.2466583251953,1684.0,7.492963677689554,0.33422052989108014,6.819746861441425,26.294685730367707
dataset_aug/final_train/batik/004__eb2a2549a57f__orig_0093.jpg,eb2a2549a57f,eb2a2549a57f,dataset_batik/batik/Yogyakarta_Kawung/004.jpg,batik,1,Yogyakarta_Kawung,final_train,False,original,199.0785140991211,1962.0,6.620147264104259,0.501194761985716,6.396893627385388,120.86153025204928
dataset_aug/final_train/batik/004__eb2a2549a57f__flip_v_0033.jpg,eb2a2549a57f,eb2a2549a57f,dataset_batik/batik/Yogyakarta_Kawung/004.jpg,batik,1,Yogyakarta_Kawung,final_train,True,flip_v,193.43868255615234,1955.0,6.619612132662654,0.5011213872764239,6.397049635701771,120.95311257696031
dataset_aug/final_train/batik/0017__ec9825accca7__orig_0013.jpg,ec9825accca7,grp_ec9825accca7,dataset_batik/batik/Solo_Parang/0017.jpg,batik,1,Solo_Parang,final_train,False,original,32.3136100769043,791.0,6.229757431306874,0.5316608047687844,6.298687864057932,102.9351928000534
dataset_aug/final_train/batik/0017__ec9825accca7__brightness0p97_0035.jpg,ec9825accca7,grp_ec9825accca7,dataset_batik/batik/Solo_Parang/0017.jpg,batik,1,Solo_Parang,final_train,True,brightness0p97,34.013671875,810.0,6.26486499536854,0.528779862406157,6.303774132645163,102.57052525865512
dataset_aug/final_train/batik/007__ef0f096eef7d__orig_0033.jpg,ef0f096eef7d,ef0f096eef7d,dataset_batik/batik/Solo_Parang/007.jpg,batik,1,Solo_Parang,final_train,False,original,125.79878616333008,1147.0,7.099512258029212,0.42110758784881,6.50776022858175,37.015924929467026
dataset_aug/final_train/batik/solo2__f11fc60776fe__orig_0135.jpg,f11fc60776fe,f11fc60776fe,dataset_batik/batik/batik solo/solo2.jpg,batik,1,batik solo,final_train,False,original,16.25634765625,197.0,5.74520771280019,0.5293464840304302,6.103959838719026,114.99090576026178
dataset_aug/final_train/batik/semarangan2__f745452e50e3__orig_0130.jpg,f745452e50e3,f745452e50e3,dataset_batik/batik/batik semarangan/semarangan2.jpg,batik,1,batik semarangan,final_train,False,original,117.885498046875,832.0,6.378037407410876,0.5405936575831869,6.629192942421161,33.986498487013776
dataset_aug/final_train/batik/semarangan2__f745452e50e3__rot180_0038.jpg,f745452e50e3,f745452e50e3,dataset_batik/batik/batik semarangan/semarangan2.jpg,batik,1,batik semarangan,final_train,True,rot180,119.1513786315918,847.0,6.389361748621388,0.5348035834330522,6.713484513858374,33.76200157676678
dataset_aug/final_train/batik/0015__f74bb111b026__orig_0071.jpg,f74bb111b026,f74bb111b026,dataset_batik/batik/Yogyakarta_Kawung/0015.jpg,batik,1,Yogyakarta_Kawung,final_train,False,original,101.66738510131836,1513.0,6.444351116759208,0.49688225200829816,6.4730517860922285,177.19584527429598
dataset_aug/final_train/batik/0015__f74bb111b026__rot270_0039.jpg,f74bb111b026,f74bb111b026,dataset_batik/batik/Yogyakarta_Kawung/0015.jpg,batik,1,Yogyakarta_Kawung,final_train,True,rot270,102.98789978027344,1524.0,6.4519665488614875,0.49497201550207065,6.477946785915481,176.52494364063415
dataset_aug/final_train/batik/0014__fa24684732b1__orig_0011.jpg,fa24684732b1,fa24684732b1,dataset_batik/batik/Solo_Parang/0014.jpg,batik,1,Solo_Parang,final_train,False,original,11.993270874023438,222.0,5.829067358909915,0.5840647064667011,5.854285447189122,174.3635316756805
dataset_aug/final_train/batik/008__fb19d7075d8a__orig_0122.jpg,fb19d7075d8a,fb19d7075d8a,dataset_batik/batik/Yogyakarta_Parang/008.jpg,batik,1,Yogyakarta_Parang,final_train,False,original,47.43254089355469,812.0,6.1152388036670144,0.5671304756946498,6.292933418679534,126.30028569361771
dataset_aug/final_train/batik/008__fb19d7075d8a__contrast1p14_0009.jpg,fb19d7075d8a,fb19d7075d8a,dataset_batik/batik/Yogyakarta_Parang/008.jpg,batik,1,Yogyakarta_Parang,final_train,True,contrast1p14,43.08221435546875,712.0,5.7051226968197,0.6048031724218217,6.096787035107273,128.0950963169959
dataset_aug/final_train/batik/0021__fc1e0904dd28__orig_0015.jpg,fc1e0904dd28,grp_ec9825accca7,dataset_batik/batik/Solo_Parang/0021.jpg,batik,1,Solo_Parang,final_train,False,original,31.709716796875,776.0,6.228418248322077,0.5348300091880945,6.289870975720101,104.8315260425662
dataset_aug/final_train/batik/006__fd0c795decdf__orig_0120.jpg,fd0c795decdf,fd0c795decdf,dataset_batik/batik/Yogyakarta_Parang/006.jpg,batik,1,Yogyakarta_Parang,final_train,False,original,38.155517578125,690.0,6.434416617308411,0.5465114405118068,6.176374941194836,198.17254133785374
dataset_aug/final_train/batik/006__fd0c795decdf__zoom08_0016.jpg,fd0c795decdf,fd0c795decdf,dataset_batik/batik/Yogyakarta_Parang/006.jpg,batik,1,Yogyakarta_Parang,final_train,True,zoom08,13.792118072509766,469.0,6.234725814714141,0.5800252611580283,6.0035619854069235,236.31873130503402
dataset_aug/final_train/non_batik/tenun_10__0b857a24ecf0__orig_0193.png,0b857a24ecf0,0b857a24ecf0,dataset_batik/non_batik/tenun/tenun (10).png,non_batik,0,tenun,final_train,False,original,0.0,0.0,6.974998625375927,0.4101706819569383,6.749834885770681,25.809134782854702
dataset_aug/final_train/non_batik/tenun_10__0b857a24ecf0__flip_v_0024.jpg,0b857a24ecf0,0b857a24ecf0,dataset_batik/non_batik/tenun/tenun (10).png,non_batik,0,tenun,final_train,True,flip_v,0.0,0.0,6.987875481025762,0.40884175161072733,6.768891644250342,25.825736658746028
dataset_aug/final_train/non_batik/tenun_10__0b857a24ecf0__zoom03_0088.jpg,0b857a24ecf0,0b857a24ecf0,dataset_batik/non_batik/tenun/tenun (10).png,non_batik,0,tenun,final_train,True,zoom03,0.5539016723632812,2.0,7.150337502610231,0.3838474800477243,6.78064714375653,33.16378185190428
dataset_aug/final_train/non_batik/kotak2__0ce96dcf1e27__orig_0166.jpg,0ce96dcf1e27,0ce96dcf1e27,dataset_batik/non_batik/kotak/kotak2.jpg,non_batik,0,kotak,final_train,False,original,87.45294570922852,1815.0,6.355244377719943,0.5539856332930504,5.73996384377416,416.4485746973375
dataset_aug/final_train/non_batik/kotak2__0ce96dcf1e27__rot+14p2_0076.jpg,0ce96dcf1e27,0ce96dcf1e27,dataset_batik/non_batik/kotak/kotak2.jpg,non_batik,0,kotak,final_train,True,rot+14p2,37.754676818847656,1122.0,6.46955800977127,0.4960073987522255,6.102868525400112,391.25401899866876
dataset_aug/final_train/non_batik/kotak2__0ce96dcf1e27__rot270_0012.jpg,0ce96dcf1e27,0ce96dcf1e27,dataset_batik/non_batik/kotak/kotak2.jpg,non_batik,0,kotak,final_train,True,rot270,109.73347473144531,1853.0,6.3998501803775145,0.5520041585886855,5.893891555193299,412.1313563202531
dataset_aug/final_train/non_batik/polos_9__0ed496d9169c__orig_0191.png,0ed496d9169c,0ed496d9169c,dataset_batik/non_batik/polos/polos (9).png,non_batik,0,polos,final_train,False,original,0.0,0.0,5.123370312169712,0.5559756910287692,6.644028093890132,7.860000935216852
dataset_aug/final_train/non_batik/polos_9__0ed496d9169c__brightness1p03_0008.jpg,0ed496d9169c,0ed496d9169c,dataset_batik/non_batik/polos/polos (9).png,non_batik,0,polos,final_train,True,brightness1p03,0.0,0.0,5.358118699080792,0.5509712793215785,6.657522047895235,7.745062889075232
dataset_aug/final_train/non_batik/polos_9__0ed496d9169c__contrast1p08_0072.jpg,0ed496d9169c,0ed496d9169c,dataset_batik/non_batik/polos/polos (9).png,non_batik,0,polos,final_train,True,contrast1p08,0.0,0.0,5.209502040995851,0.5479815773118604,6.659254138473967,7.913507427577149
dataset_aug/final_train/non_batik/polos_9__0ed496d9169c__rot90_0136.jpg,0ed496d9169c,0ed496d9169c,dataset_batik/non_batik/polos/polos (9).png,non_batik,0,polos,final_train,True,rot90,0.0,0.0,5.162370475012347,0.5522320694496249,6.672621644328052,7.679891993035312
dataset_aug/final_train/non_batik/polos_2__1937342e6d3a__orig_0184.png,1937342e6d3a,1937342e6d3a,dataset_batik/non_batik/polos/polos (2).png,non_batik,0,polos,final_train,False,original,0.0,0.0,5.50513792082243,0.5624150925092153,6.264857589750975,168.78242477015155
dataset_aug/final_train/non_batik/polos_2__1937342e6d3a__rot+9p1_0103.jpg,1937342e6d3a,1937342e6d3a,dataset_batik/non_batik/polos/polos (2).png,non_batik,0,polos,final_train,True,rot+9p1,0.0354156494140625,22.0,5.30567241614603,0.5553703146369222,6.472174300718649,177.5364211535605
dataset_aug/final_train/non_batik/polos_2__1937342e6d3a__rot270_0039.jpg,1937342e6d3a,1937342e6d3a,dataset_batik/non_batik/polos/polos (2).png,non_batik,0,polos,final_train,True,rot270,0.0,0.0,5.518174051293564,0.5602568055520537,6.279286224606253,165.60431741725287
dataset_aug/final_train/non_batik/bunga_1__1c522c3d0bdc__orig_0138.png,1c522c3d0bdc,1c522c3d0bdc,dataset_batik/non_batik/bunga_nonbatik/bunga (1).png,non_batik,0,bunga_nonbatik,final_train,False,original,165.19602584838867,963.0,5.205775964392615,0.5699714389223511,6.849462611580266,11.01633720808213
dataset_aug/final_train/non_batik/bunga_1__1c522c3d0bdc__rot-8p1_0085.jpg,1c522c3d0bdc,1c522c3d0bdc,dataset_batik/non_batik/bunga_nonbatik/bunga (1).png,non_batik,0,bunga_nonbatik,final_train,True,rot-8p1,158.71047973632812,1060.0,5.2207195441363305,0.572262093961416,6.895994940512454,11.512587340312589
dataset_aug/final_train/non_batik/bunga_1__1c522c3d0bdc__rot270_0021.jpg,1c522c3d0bdc,1c522c3d0bdc,dataset_batik/non_batik/bunga_nonbatik/bunga (1).png,non_batik,0,bunga_nonbatik,final_train,True,rot270,171.75244903564453,1011.0,5.235439673252614,0.5680076414574108,6.857781007464524,11.005489801929793
dataset_aug/final_train/non_batik/bunga3__1f9fa02cb0e6__orig_0150.webp,1f9fa02cb0e6,1f9fa02cb0e6,dataset_batik/non_batik/bunga_nonbatik/bunga3.webp,non_batik,0,bunga_nonbatik,final_train,False,original,25.673309326171875,456.0,5.5961699437739005,0.6418886823052443,6.8065201344866395,20.698467983765998
dataset_aug/final_train/non_batik/bunga3__1f9fa02cb0e6__flip_h_0104.jpg,1f9fa02cb0e6,1f9fa02cb0e6,dataset_batik/non_batik/bunga_nonbatik/bunga3.webp,non_batik,0,bunga_nonbatik,final_train,True,flip_h,25.138057708740234,453.0,5.605410912246269,0.6397959721760671,6.832028495036605,20.53747530587626
dataset_aug/final_train/non_batik/bunga3__1f9fa02cb0e6__rot+4p8_0040.jpg,1f9fa02cb0e6,1f9fa02cb0e6,dataset_batik/non_batik/bunga_nonbatik/bunga3.webp,non_batik,0,bunga_nonbatik,final_train,True,rot+4p8,25.416542053222656,446.0,5.566379903215435,0.6428557951548896,6.816776077713806,21.7447564758793
dataset_aug/final_train/non_batik/geometris_5__2147c3827a53__orig_0161.png,2147c3827a53,2147c3827a53,dataset_batik/non_batik/geometris/geometris (5).png,non_batik,0,geometris,final_train,False,original,50.909423828125,304.0,6.817342681411834,0.46990219288665624,6.0953256336057535,237.39855272511815
dataset_aug/final_train/non_batik/geometris_5__2147c3827a53__brightness0p92_0053.jpg,2147c3827a53,2147c3827a53,dataset_batik/non_batik/geometris/geometris (5).png,non_batik,0,geometris,final_train,True,brightness0p92,79.89320373535156,476.0,6.828360962230416,0.4641477481174414,6.130069922436373,238.98631838905376
dataset_aug/final_train/non_batik/geometris_5__2147c3827a53__contrast0p94_0117.jpg,2147c3827a53,2147c3827a53,dataset_batik/non_batik/geometris/geometris (5).png,non_batik,0,geometris,final_train,True,contrast0p94,79.32956314086914,477.0,6.86382269053256,0.45795245575913895,6.123996732151671,241.29810449034625
dataset_aug/final_train/non_batik/bunga_5__21b7b85d4086__orig_0143.png,21b7b85d4086,21b7b85d4086,dataset_batik/non_batik/bunga_nonbatik/bunga (5).png,non_batik,0,bunga_nonbatik,final_train,False,original,158.0688591003418,1063.0,5.7875493633541595,0.5445552232257105,6.876514526832308,10.95604526514262
dataset_aug/final_train/non_batik/bunga_5__21b7b85d4086__flip_h_0077.jpg,21b7b85d4086,21b7b85d4086,dataset_batik/non_batik/bunga_nonbatik/bunga (5).png,non_batik,0,bunga_nonbatik,final_train,True,flip_h,160.57222747802734,1082.0,5.792771581138652,0.5429837561822888,6.893499749417966,10.837820558682367
dataset_aug/final_train/non_batik/bunga_5__21b7b85d4086__rot+13p1_0013.jpg,21b7b85d4086,21b7b85d4086,dataset_batik/non_batik/bunga_nonbatik/bunga (5).png,non_batik,0,bunga_nonbatik,final_train,True,rot+13p1,147.2156524658203,1050.0,5.7542401313014695,0.5495686299407726,6.912698524992369,13.418470146075473
dataset_aug/final_train/non_batik/polos_6__27a1a686fc67__orig_0188.png,27a1a686fc67,27a1a686fc67,dataset_batik/non_batik/polos/polos (6).png,non_batik,0,polos,final_train,False,original,0.0,0.0,5.03269813584555,0.5612263405950499,6.304438996101338,76.1100559035744
dataset_aug/final_train/non_batik/polos_6__27a1a686fc67__brightness1p07_0026.jpg,27a1a686fc67,27a1a686fc67,dataset_batik/non_batik/polos/polos (6).png,non_batik,0,polos,final_train,True,brightness1p07,0.0,0.0,5.06835734709829,0.5601944862033317,6.33505433774281,75.20984827026012
dataset_aug/final_train/non_batik/polos_6__27a1a686fc67__contrast0p89_0090.jpg,27a1a686fc67,27a1a686fc67,dataset_batik/non_batik/polos/polos (6).png,non_batik,0,polos,final_train,True,contrast0p89,0.0,0.0,4.870573693291933,0.5863703812103899,6.3550429254261305,74.93683135543904
dataset_aug/final_train/non_batik/tenun_7__31a7bede42b0__orig_0199.png,31a7bede42b0,31a7bede42b0,dataset_batik/non_batik/tenun/tenun (7).png,non_batik,0,tenun,final_train,False,original,0.0,0.0,7.333230062229758,0.34493186924551483,6.8219499602099924,32.19764136563544
dataset_aug/final_train/non_batik/tenun_7__31a7bede42b0__contrast1p07_0045.jpg,31a7bede42b0,31a7bede42b0,dataset_batik/non_batik/tenun/tenun (7).png,non_batik,0,tenun,final_train,True,contrast1p07,0.0,0.0,7.300082841632369,0.34388639817484223,6.8815632129999145,32.31518703896113
dataset_aug/final_train/non_batik/tenun_7__31a7bede42b0__rot90_0109.jpg,31a7bede42b0,31a7bede42b0,dataset_batik/non_batik/tenun/tenun (7).png,non_batik,0,tenun,final_train,True,rot90,0.0,0.0,7.331110998830361,0.34462578609761124,6.8268215245314465,32.28042507346466
dataset_aug/final_train/non_batik/modern_3__33eb73d4c302__orig_0173.png,33eb73d4c302,33eb73d4c302,dataset_batik/non_batik/modern/modern (3).png,non_batik,0,modern,final_train,False,original,80.43355941772461,635.0,6.136919367983731,0.5995893948919128,6.668522752915711,32.900230827848766
dataset_aug/final_train/non_batik/modern_3__33eb73d4c302__rot+2p0_0094.jpg,33eb73d4c302,33eb73d4c302,dataset_batik/non_batik/modern/modern (3).png,non_batik,0,modern,final_train,True,rot+2p0,71.49242401123047,595.0,6.012924275732863,0.6204924928474848,6.6404064415901285,37.21908131146576
dataset_aug/final_train/non_batik/modern_3__33eb73d4c302__rot270_0030.jpg,33eb73d4c302,33eb73d4c302,dataset_batik/non_batik/modern/modern (3).png,non_batik,0,modern,final_train,True,rot270,72.2127914428711,558.0,6.127698539944692,0.600323282226749,6.682089891958892,32.872651683508664
dataset_aug/final_train/non_batik/bunga_10__3424f5620431__orig_0139.png,3424f5620431,3424f5620431,dataset_batik/non_batik/bunga_nonbatik/bunga (10).png,non_batik,0,bunga_nonbatik,final_train,False,original,156.0347900390625,908.0,5.444488647647303,0.5865594979224483,6.891784446353481,10.794496623059864
dataset_aug/final_train/non_batik/bunga_10__3424f5620431__brightness1p03_0098.jpg,3424f5620431,3424f5620431,dataset_batik/non_batik/bunga_nonbatik/bunga (10).png,non_batik,0,bunga_nonbatik,final_train,True,brightness1p03,152.78670120239258,889.0,5.364815927443145,0.5937378579394537,6.904006657270944,10.827681420732183
dataset_aug/final_train/non_batik/bunga_10__3424f5620431__zoom06_0034.jpg,3424f5620431,3424f5620431,dataset_batik/non_batik/bunga_nonbatik/bunga (10).png,non_batik,0,bunga_nonbatik,final_train,True,zoom06,176.80642318725586,971.0,5.529592921995679,0.5597946596023391,6.997935144221211,10.193481941304219
dataset_aug/final_train/non_batik/tenun_8__372c786cc900__orig_0200.png,372c786cc900,372c786cc900,dataset_batik/non_batik/tenun/tenun (8).png,non_batik,0,tenun,final_train,False,original,0.0,0.0,6.796646778984325,0.4822821439457818,6.761917228815987,30.960043011763
dataset_aug/final_train/non_batik/tenun_8__372c786cc900__rot180_0074.jpg,372c786cc900,372c786cc900,dataset_batik/non_batik/tenun/tenun (8).png,non_batik,0,tenun,final_train,True,rot180,0.0,0.0,6.797548461845997,0.4812303999049782,6.7768527853299005,30.99524836567356
dataset_aug/final_train/non_batik/tenun_8__372c786cc900__rot90_0010.jpg,372c786cc900,372c786cc900,dataset_batik/non_batik/tenun/tenun (8).png,non_batik,0,tenun,final_train,True,rot90,0.0,0.0,6.806874740281039,0.4792451610007749,6.768733075869703,30.93085374852991
dataset_aug/final_train/non_batik/polos_4__378df26e0ccb__orig_0186.png,378df26e0ccb,378df26e0ccb,dataset_batik/non_batik/polos/polos (4).png,non_batik,0,polos,final_train,False,original,0.0,0.0,3.698682878674974,0.714018092595798,6.492196579748569,12.719750528094046
dataset_aug/final_train/non_batik/polos_4__378df26e0ccb__brightness1p14_0125.jpg,378df26e0ccb,378df26e0ccb,dataset_batik/non_batik/polos/polos (4).png,non_batik,0,polos,final_train,True,brightness1p14,0.0,0.0,3.588555383634625,0.7212014453086266,6.4753810682368265,12.072136572473035
dataset_aug/final_train/non_batik/polos_4__378df26e0ccb__zoom03_0061.jpg,378df26e0ccb,378df26e0ccb,dataset_batik/non_batik/polos/polos (4).png,non_batik,0,polos,final_train,True,zoom03,0.0,0.0,3.4917543854832087,0.7393526638938014,6.578075846082362,10.133112027435162
dataset_aug/final_train/non_batik/polos_8__3b5356f36723__orig_0190.png,3b5356f36723,3b5356f36723,dataset_batik/non_batik/polos/polos (8).png,non_batik,0,polos,final_train,False,original,0.5673294067382812,42.0,3.8192458072843873,0.6963434024121749,6.579531136823196,10.303604397802571
dataset_aug/final_train/non_batik/polos_8__3b5356f36723__rot180_0128.jpg,3b5356f36723,3b5356f36723,dataset_batik/non_batik/polos/polos (8).png,non_batik,0,polos,final_train,True,rot180,0.6309814453125,48.0,3.839079068818475,0.6939050675055257,6.604086751776624,9.978716951349446
dataset_aug/final_train/non_batik/polos_8__3b5356f36723__rot90_0064.jpg,3b5356f36723,3b5356f36723,dataset_batik/non_batik/polos/polos (8).png,non_batik,0,polos,final_train,True,rot90,0.621185302734375,46.0,3.853044466891285,0.6920886742690877,6.608407890744578,10.477392529100484
dataset_aug/final_train/non_batik/polos_1__3c1f730579dc__orig_0182.png,3c1f730579dc,3c1f730579dc,dataset_batik/non_batik/polos/polos (1).png,non_batik,0,polos,final_train,False,original,0.0,0.0,2.6300681921859637,0.8466534916597876,6.682060799806283,11.452391830501504
dataset_aug/final_train/non_batik/polos_1__3c1f730579dc__contrast0p89_0054.jpg,3c1f730579dc,3c1f730579dc,dataset_batik/non_batik/polos/polos (1).png,non_batik,0,polos,final_train,True,contrast0p89,0.0,0.0,2.6290617407442705,0.831291083917797,6.64839000284103,10.811900146526048
dataset_aug/final_train/non_batik/polos_1__3c1f730579dc__rot90_0118.jpg,3c1f730579dc,3c1f730579dc,dataset_batik/non_batik/polos/polos (1).png,non_batik,0,polos,final_train,True,rot90,0.0,0.0,2.734754126020322,0.8313584626248309,6.693603586758979,11.68206958157817
dataset_aug/final_train/non_batik/modern_5__3ca855a91edc__orig_0175.png,3ca855a91edc,3ca855a91edc,dataset_batik/non_batik/modern/modern (5).png,non_batik,0,modern,final_train,False,original,60.8565559387207,811.0,4.267684822403192,0.7445294473034927,6.6929469699116755,13.89336484934909
dataset_aug/final_train/non_batik/modern_5__3ca855a91edc__brightness0p88_0044.jpg,3ca855a91edc,3ca855a91edc,dataset_batik/non_batik/modern/modern (5).png,non_batik,0,modern,final_train,True,brightness0p88,59.546669006347656,806.0,3.9451031793556535,0.7741935145070261,6.734161917876163,14.000489523741134
dataset_aug/final_train/non_batik/modern_5__3ca855a91edc__contrast0p89_0108.jpg,3ca855a91edc,3ca855a91edc,dataset_batik/non_batik/modern/modern (5).png,non_batik,0,modern,final_train,True,contrast0p89,56.871421813964844,779.0,4.004433337014854,0.778984523246415,6.3995278464517575,13.871177711542991
dataset_aug/final_train/non_batik/geometris_9__3d11a9f87152__orig_0165.png,3d11a9f87152,3d11a9f87152,dataset_batik/non_batik/geometris/geometris (9).png,non_batik,0,geometris,final_train,False,original,5.038204193115234,169.0,3.474965624344267,0.8011690827684239,6.674740130628089,122.00231267422902
dataset_aug/final_train/non_batik/geometris_9__3d11a9f87152__flip_v_0033.jpg,3d11a9f87152,3d11a9f87152,dataset_batik/non_batik/geometris/geometris (9).png,non_batik,0,geometris,final_train,True,flip_v,5.0738525390625,170.0,3.52520062249319,0.7929626819998635,6.696394748667948,120.28355678724816
dataset_aug/final_train/non_batik/geometris_9__3d11a9f87152__zoom08_0097.jpg,3d11a9f87152,3d11a9f87152,dataset_batik/non_batik/geometris/geometris (9).png,non_batik,0,geometris,final_train,True,zoom08,5.1291046142578125,169.0,2.944697464221645,0.83005554924042,6.7849503130611115,160.12238793453665
dataset_aug/final_train/non_batik/bunga1__3d5238641255__orig_0148.jpg,3d5238641255,3d5238641255,dataset_batik/non_batik/bunga_nonbatik/bunga1.jpg,non_batik,0,bunga_nonbatik,final_train,False,original,178.56937408447266,1109.0,7.001166839147958,0.4476415083561275,6.953624755760709,26.921744919426075
dataset_aug/final_train/non_batik/bunga1__3d5238641255__flip_v_0015.jpg,3d5238641255,3d5238641255,dataset_batik/non_batik/bunga_nonbatik/bunga1.jpg,non_batik,0,bunga_nonbatik,final_train,True,flip_v,186.62612915039062,1164.0,7.011034101832871,0.44604305231935704,6.960568668146148,26.79741206081373
dataset_aug/final_train/non_batik/bunga1__3d5238641255__zoom06_0079.jpg,3d5238641255,3d5238641255,dataset_batik/non_batik/bunga_nonbatik/bunga1.jpg,non_batik,0,bunga_nonbatik,final_train,True,zoom06,170.82740783691406,1010.0,6.9640527970504476,0.4575463822111314,6.968879392642315,30.32469655145309
dataset_aug/final_train/non_batik/tenun_4__3db82daf6e86__orig_0196.png,3db82daf6e86,3db82daf6e86,dataset_batik/non_batik/tenun/tenun (4).png,non_batik,0,tenun,final_train,False,original,0.0,0.0,6.297014091992616,0.5347768804991424,6.674118941908112,44.5708291157499
dataset_aug/final_train/non_batik/tenun_4__3db82daf6e86__brightness0p86_0017.jpg,3db82daf6e86,3db82daf6e86,dataset_batik/non_batik/tenun/tenun (4).png,non_batik,0,tenun,final_train,True,brightness0p86,0.0,0.0,5.90786044770237,0.5684548170418363,6.649334069486018,40.98238927841387
dataset_aug/final_train/non_batik/tenun_4__3db82daf6e86__contrast0p85_0081.jpg,3db82daf6e86,3db82daf6e86,dataset_batik/non_batik/tenun/tenun (4).png,non_batik,0,tenun,final_train,True,contrast0p85,0.0,0.0,6.078849590287287,0.5539452926371138,6.4151157347117,44.20142261424113
dataset_aug/final_train/non_batik/modern_8__3f3ad4376dd0__orig_0178.png,3f3ad4376dd0,3f3ad4376dd0,dataset_batik/non_batik/modern/modern (8).png,non_batik,0,modern,final_train,False,original,172.9478759765625,1452.0,4.619904804868966,0.6975321336618803,6.860122182309766,22.02317495752639
dataset_aug/final_train/non_batik/modern_8__3f3ad4376dd0__contrast0p93_0009.jpg,3f3ad4376dd0,3f3ad4376dd0,dataset_batik/non_batik/modern/modern (8).png,non_batik,0,modern,final_train,True,contrast0p93,164.76486587524414,1411.0,4.612119547918159,0.7046068661035488,6.871657045957857,22.071530723545507
dataset_aug/final_train/non_batik/modern_8__3f3ad4376dd0__rot90_0073.jpg,3f3ad4376dd0,3f3ad4376dd0,dataset_batik/non_batik/modern/modern (8).png,non_batik,0,modern,final_train,True,rot90,176.0943946838379,1467.0,4.636120784188344,0.6941610262554799,6.865186433919975,22.13233717179751
dataset_aug/final_train/non_batik/geometris_6__41c663680f51__orig_0162.png,41c663680f51,41c663680f51,dataset_batik/non_batik/geometris/geometris (6).png,non_batik,0,geometris,final_train,False,original,0.0,0.0,5.253594411379813,0.5934459377198356,6.5889557716284575,29.955217145472506
dataset_aug/final_train/non_batik/geometris_6__41c663680f51__rot-2p0_0121.jpg,41c663680f51,41c663680f51,dataset_batik/non_batik/geometris/geometris (6).png,non_batik,0,geometris,final_train,True,rot-2p0,0.0,0.0,4.967838411515935,0.6297791686862597,6.5539658343191025,32.40520781369905
dataset_aug/final_train/non_batik/geometris_6__41c663680f51__rot270_0057.jpg,41c663680f51,41c663680f51,dataset_batik/non_batik/geometris/geometris (6).png,non_batik,0,geometris,final_train,True,rot270,0.0,0.0,5.26702159106494,0.590641940093476,6.607090535021911,29.873806933077457
dataset_aug/final_train/non_batik/geometris_1__4b2cb2577a69__orig_0156.png,4b2cb2577a69,4b2cb2577a69,dataset_batik/non_batik/geometris/geometris (1).png,non_batik,0,geometris,final_train,False,original,0.16061019897460938,1.0,6.274412883792831,0.5749068119792454,6.082930847129743,175.99133780063045
dataset_aug/final_train/non_batik/geometris_1__4b2cb2577a69__contrast1p03_0063.jpg,4b2cb2577a69,4b2cb2577a69,dataset_batik/non_batik/geometris/geometris (1).png,non_batik,0,geometris,final_train,True,contrast1p03,0.3038177490234375,2.0,6.253187935169326,0.5758201011088807,6.093313421026581,174.9406008773678
dataset_aug/final_train/non_batik/geometris_1__4b2cb2577a69__rot90_0127.jpg,4b2cb2577a69,4b2cb2577a69,dataset_batik/non_batik/geometris/geometris (1).png,non_batik,0,geometris,final_train,True,rot90,0.9702529907226562,6.0,6.2715393604039225,0.572485588519131,6.093972765767061,174.67438550423645
dataset_aug/final_train/non_batik/polkadot5__4bd0134802da__orig_0181.jpg,4bd0134802da,4bd0134802da,dataset_batik/non_batik/polkadot/polkadot5.jpg,non_batik,0,polkadot,final_train,False,original,34.789581298828125,360.0,5.893305394843212,0.6908777273395736,6.005228794684486,132.21668761003016
dataset_aug/final_train/non_batik/polkadot5__4bd0134802da__brightness0p97_0116.jpg,4bd0134802da,4bd0134802da,dataset_batik/non_batik/polkadot/polkadot5.jpg,non_batik,0,polkadot,final_train,True,brightness0p97,34.051719665527344,346.0,5.907377688105136,0.6862596523475826,6.171730685421369,136.31197190670017
dataset_aug/final_train/non_batik/polkadot5__4bd0134802da__zoom09_0052.jpg,4bd0134802da,4bd0134802da,dataset_batik/non_batik/polkadot/polkadot5.jpg,non_batik,0,polkadot,final_train,True,zoom09,16.00171661376953,257.0,5.818168149989893,0.6975754326422724,6.1633774959976755,165.0555646388436
dataset_aug/final_train/non_batik/polos_3__51819fbbc26f__orig_0185.png,51819fbbc26f,51819fbbc26f,dataset_batik/non_batik/polos/polos (3).png,non_batik,0,polos,final_train,False,original,0.0,0.0,4.218742876210691,0.6508360074546871,6.7154826069853835,10.930210747772351
dataset_aug/final_train/non_batik/polos_3__51819fbbc26f__rot180_0020.jpg,51819fbbc26f,51819fbbc26f,dataset_batik/non_batik/polos/polos (3).png,non_batik,0,polos,final_train,True,rot180,0.0,0.0,4.259212260744037,0.6457629941401872,6.742070565536488,10.975944886412448
dataset_aug/final_train/non_batik/polos_3__51819fbbc26f__rot270_0084.jpg,51819fbbc26f,51819fbbc26f,dataset_batik/non_batik/polos/polos (3).png,non_batik,0,polos,final_train,True,rot270,0.0,0.0,4.266942319502073,0.6450349813589493,6.742377447824907,11.001309212230915
dataset_aug/final_train/non_batik/modern_10__5749ecfbcd39__orig_0171.png,5749ecfbcd39,5749ecfbcd39,dataset_batik/non_batik/modern/modern (10).png,non_batik,0,modern,final_train,False,original,75.45356750488281,695.0,6.238932757117409,0.6237079529536425,6.898382860846603,44.199049684745304
dataset_aug/final_train/non_batik/modern_10__5749ecfbcd39__rot180_0119.jpg,5749ecfbcd39,5749ecfbcd39,dataset_batik/non_batik/modern/modern (10).png,non_batik,0,modern,final_train,True,rot180,78.93064880371094,724.0,6.251432122704972,0.6219767079826548,6.908781125089879,44.31332031954723
dataset_aug/final_train/non_batik/modern_10__5749ecfbcd39__rot90_0055.jpg,5749ecfbcd39,5749ecfbcd39,dataset_batik/non_batik/modern/modern (10).png,non_batik,0,modern,final_train,True,rot90,75.21588134765625,699.0,6.2440487075950895,0.6218121505263937,6.902807683115524,44.11506894569506
dataset_aug/final_train/non_batik/polos_10__5f82b8c47ed9__orig_0183.png,5f82b8c47ed9,5f82b8c47ed9,dataset_batik/non_batik/polos/polos (10).png,non_batik,0,polos,final_train,False,original,0.0,0.0,4.875953391884923,0.5768454915559103,6.665531609271382,8.90915478056594
dataset_aug/final_train/non_batik/polos_10__5f82b8c47ed9__flip_v_0060.jpg,5f82b8c47ed9,5f82b8c47ed9,dataset_batik/non_batik/polos/polos (10).png,non_batik,0,polos,final_train,True,flip_v,0.0,0.0,4.893058822122706,0.575423786658566,6.690331363297325,8.750325471468546
dataset_aug/final_train/non_batik/polos_10__5f82b8c47ed9__zoom07_0124.jpg,5f82b8c47ed9,5f82b8c47ed9,dataset_batik/non_batik/polos/polos (10).png,non_batik,0,polos,final_train,True,zoom07,0.0,0.0,4.320008340839999,0.604443657680988,6.719430627920628,7.473249243127473
dataset_aug/final_train/non_batik/bunga2__62ac50dcc85a__orig_0149.jpg,62ac50dcc85a,62ac50dcc85a,dataset_batik/non_batik/bunga_nonbatik/bunga2.jpg,non_batik,0,bunga_nonbatik,final_train,False,original,118.88748550415039,1053.0,6.083652105302193,0.5725087626670982,6.976476286633066,31.49912060577457
dataset_aug/final_train/non_batik/bunga2__62ac50dcc85a__flip_h_0023.jpg,62ac50dcc85a,62ac50dcc85a,dataset_batik/non_batik/bunga_nonbatik/bunga2.jpg,non_batik,0,bunga_nonbatik,final_train,True,flip_h,117.61521530151367,1043.0,6.088957523924471,0.5716901826319498,6.975809620988079,31.45039739967499
dataset_aug/final_train/non_batik/bunga2__62ac50dcc85a__flip_v_0087.jpg,62ac50dcc85a,62ac50dcc85a,dataset_batik/non_batik/bunga_nonbatik/bunga2.jpg,non_batik,0,bunga_nonbatik,final_train,True,flip_v,119.1606330871582,1047.0,6.086822113010788,0.571547063184223,6.97566762150019,31.51385217302995
dataset_aug/final_train/non_batik/kotak5__648259d35596__orig_0169.jpg,648259d35596,648259d35596,dataset_batik/non_batik/kotak/kotak5.jpg,non_batik,0,kotak,final_train,False,original,6.7340087890625,59.0,5.400286676210922,0.6054553204312508,5.589616497034856,136.4008166198201
dataset_aug/final_train/non_batik/kotak5__648259d35596__flip_v_0051.jpg,648259d35596,648259d35596,dataset_batik/non_batik/kotak/kotak5.jpg,non_batik,0,kotak,final_train,True,flip_v,6.158180236816406,54.0,5.4161634385726,0.6040402872943286,5.703723766146064,135.72490037286482
dataset_aug/final_train/non_batik/kotak5__648259d35596__zoom09_0115.jpg,648259d35596,648259d35596,dataset_batik/non_batik/kotak/kotak5.jpg,non_batik,0,kotak,final_train,True,zoom09,5.170928955078125,46.0,4.9577072594354865,0.684822340145687,5.802519177472449,214.44184293416572
dataset_aug/final_train/non_batik/modern_6__699c4602a8e0__orig_0176.png,699c4602a8e0,699c4602a8e0,dataset_batik/non_batik/modern/modern (6).png,non_batik,0,modern,final_train,False,original,77.2172622680664,647.0,6.322497611972094,0.6080713819713806,6.872036893518128,27.95703117070798
dataset_aug/final_train/non_batik/modern_6__699c4602a8e0__brightness1p05_0089.jpg,699c4602a8e0,699c4602a8e0,dataset_batik/non_batik/modern/modern (6).png,non_batik,0,modern,final_train,True,brightness1p05,79.7027587890625,656.0,6.161045728994001,0.6156192255635606,6.87152280529359,27.910892997433113
dataset_aug/final_train/non_batik/modern_6__699c4602a8e0__zoom09_0025.jpg,699c4602a8e0,699c4602a8e0,dataset_batik/non_batik/modern/modern (6).png,non_batik,0,modern,final_train,True,zoom09,112.9775390625,787.0,6.722089423003881,0.5509164656373008,6.964635229720797,30.385124568509948
dataset_aug/final_train/non_batik/modern_9__6a5fca546dc0__orig_0179.png,6a5fca546dc0,6a5fca546dc0,dataset_batik/non_batik/modern/modern (9).png,non_batik,0,modern,final_train,False,original,33.92526626586914,321.0,5.828646378627633,0.6493065211593516,6.775244365265508,34.71487081618749
dataset_aug/final_train/non_batik/modern_9__6a5fca546dc0__flip_h_0041.jpg,6a5fca546dc0,6a5fca546dc0,dataset_batik/non_batik/modern/modern (9).png,non_batik,0,modern,final_train,True,flip_h,28.438919067382812,293.0,5.85325992174992,0.6455824725158501,6.7897240711211015,34.69350160903565
dataset_aug/final_train/non_batik/modern_9__6a5fca546dc0__flip_v_0105.jpg,6a5fca546dc0,6a5fca546dc0,dataset_batik/non_batik/modern/modern (9).png,non_batik,0,modern,final_train,True,flip_v,27.47852325439453,270.0,5.843544971304055,0.6461837926632157,6.788386325569526,34.66353215598488
dataset_aug/final_train/non_batik/polos_7__6b6b7bdfe34a__orig_0189.png,6b6b7bdfe34a,6b6b7bdfe34a,dataset_batik/non_batik/polos/polos (7).png,non_batik,0,polos,final_train,False,original,1.611663818359375,88.0,4.2569256903813955,0.6454832245258124,6.465874911160103,9.324110059050687
dataset_aug/final_train/non_batik/polos_7__6b6b7bdfe34a__flip_h_0131.jpg,6b6b7bdfe34a,6b6b7bdfe34a,dataset_batik/non_batik/polos/polos (7).png,non_batik,0,polos,final_train,True,flip_h,2.1537399291992188,101.0,4.311297127678493,0.6400860367806862,6.490008186737445,9.112205190513167
dataset_aug/final_train/non_batik/polos_7__6b6b7bdfe34a__rot+11p2_0067.jpg,6b6b7bdfe34a,6b6b7bdfe34a,dataset_batik/non_batik/polos/polos (7).png,non_batik,0,polos,final_train,True,rot+11p2,0.1224517822265625,15.0,3.828033128838211,0.6963023673544397,6.490502008869665,11.187957353596389
dataset_aug/final_train/non_batik/polos_7__6b6b7bdfe34a__rot270_0003.jpg,6b6b7bdfe34a,6b6b7bdfe34a,dataset_batik/non_batik/polos/polos (7).png,non_batik,0,polos,final_train,True,rot270,2.145355224609375,107.0,4.292452457128761,0.63989190766351,6.492279060261959,9.111788461032168
dataset_aug/final_train/non_batik/bunga_4__7a26d7e18b89__orig_0142.png,7a26d7e18b89,7a26d7e18b89,dataset_batik/non_batik/bunga_nonbatik/bunga (4).png,non_batik,0,bunga_nonbatik,final_train,False,original,105.43007278442383,739.0,5.587612148039105,0.605298917423689,6.827309173921156,14.501768188877515
dataset_aug/final_train/non_batik/bunga_4__7a26d7e18b89__flip_h_0068.jpg,7a26d7e18b89,7a26d7e18b89,dataset_batik/non_batik/bunga_nonbatik/bunga (4).png,non_batik,0,bunga_nonbatik,final_train,True,flip_h,109.65679168701172,755.0,5.581784032391312,0.6037892955072814,6.852624392546161,14.530402189325015
dataset_aug/final_train/non_batik/bunga_4__7a26d7e18b89__flip_v_0132.jpg,7a26d7e18b89,7a26d7e18b89,dataset_batik/non_batik/bunga_nonbatik/bunga (4).png,non_batik,0,bunga_nonbatik,final_train,True,flip_v,109.95426559448242,763.0,5.588783272159196,0.6040304489650623,6.83765952824008,14.543204124588838
dataset_aug/final_train/non_batik/bunga_4__7a26d7e18b89__rot+13p6_0004.jpg,7a26d7e18b89,7a26d7e18b89,dataset_batik/non_batik/bunga_nonbatik/bunga (4).png,non_batik,0,bunga_nonbatik,final_train,True,rot+13p6,107.67073059082031,754.0,5.589867950514151,0.6071959175212027,6.871154676207512,15.039417814962247
dataset_aug/final_train/non_batik/modern_1__8050e3061ee9__orig_0170.png,8050e3061ee9,8050e3061ee9,dataset_batik/non_batik/modern/modern (1).png,non_batik,0,modern,final_train,False,original,3.041015625,72.0,4.36478062721453,0.7778161559338872,6.809772555671392,30.855903569728607
dataset_aug/final_train/non_batik/modern_1__8050e3061ee9__brightness0p94_0035.jpg,8050e3061ee9,8050e3061ee9,dataset_batik/non_batik/modern/modern (1).png,non_batik,0,modern,final_train,True,brightness0p94,3.8022994995117188,90.0,4.494582376925965,0.7599390220002392,6.828425403800381,30.759085169850152
dataset_aug/final_train/non_batik/modern_1__8050e3061ee9__contrast0p91_0099.jpg,8050e3061ee9,8050e3061ee9,dataset_batik/non_batik/modern/modern (1).png,non_batik,0,modern,final_train,True,contrast0p91,3.102813720703125,79.0,4.239721864399135,0.7853509807496937,6.834981256616318,30.822158688049594
dataset_aug/final_train/non_batik/geometris_10__92deccab5470__orig_0157.png,92deccab5470,92deccab5470,dataset_batik/non_batik/geometris/geometris (10).png,non_batik,0,geometris,final_train,False,original,0.24798583984375,8.0,4.0240787805054925,0.6929855204393873,6.852106666024772,111.63009897809161
dataset_aug/final_train/non_batik/geometris_10__92deccab5470__rot180_0011.jpg,92deccab5470,92deccab5470,dataset_batik/non_batik/geometris/geometris (10).png,non_batik,0,geometris,final_train,True,rot180,0.218536376953125,7.0,4.092312510389497,0.6852714994102512,6.871455627109319,109.23665852951889
dataset_aug/final_train/non_batik/geometris_10__92deccab5470__rot270_0075.jpg,92deccab5470,92deccab5470,dataset_batik/non_batik/geometris/geometris (10).png,non_batik,0,geometris,final_train,True,rot270,0.3105926513671875,10.0,4.099175498928269,0.684765511047627,6.8630920706299365,109.31702897407317
dataset_aug/final_train/non_batik/kotak3__9a27b470f78d__orig_0167.png,9a27b470f78d,9a27b470f78d,dataset_batik/non_batik/kotak/kotak3.png,non_batik,0,kotak,final_train,False,original,18.21603775024414,325.0,4.3495785578306005,0.7777279153915837,5.11904014101295,154.79753319035248
dataset_aug/final_train/non_batik/kotak3__9a27b470f78d__rot+12p7_0130.jpg,9a27b470f78d,9a27b470f78d,dataset_batik/non_batik/kotak/kotak3.png,non_batik,0,kotak,final_train,True,rot+12p7,15.275733947753906,327.0,4.788184704140523,0.7298087785947364,6.417280510844888,181.85476208104333
dataset_aug/final_train/non_batik/kotak3__9a27b470f78d__rot180_0002.jpg,9a27b470f78d,9a27b470f78d,dataset_batik/non_batik/kotak/kotak3.png,non_batik,0,kotak,final_train,True,rot180,21.220458984375,336.0,4.847199421261671,0.7242118685675166,6.661182209057589,156.48419482053217
dataset_aug/final_train/non_batik/kotak3__9a27b470f78d__rot270_0066.jpg,9a27b470f78d,9a27b470f78d,dataset_batik/non_batik/kotak/kotak3.png,non_batik,0,kotak,final_train,True,rot270,21.24135971069336,349.0,4.8127444199159175,0.7277039166050498,6.685375235281191,156.2854763079027
dataset_aug/final_train/non_batik/geometris_3__9dd396e5e2cf__orig_0159.png,9dd396e5e2cf,9dd396e5e2cf,dataset_batik/non_batik/geometris/geometris (3).png,non_batik,0,geometris,final_train,False,original,25.46484375,96.0,7.2123979608616855,0.3808180653998804,6.805165873924984,160.6985308369238
dataset_aug/final_train/non_batik/geometris_3__9dd396e5e2cf__rot180_0092.jpg,9dd396e5e2cf,9dd396e5e2cf,dataset_batik/non_batik/geometris/geometris (3).png,non_batik,0,geometris,final_train,True,rot180,17.242813110351562,65.0,7.221402203662409,0.37940898353570285,6.830047712341382,160.149583226772
dataset_aug/final_train/non_batik/geometris_3__9dd396e5e2cf__rot90_0028.jpg,9dd396e5e2cf,9dd396e5e2cf,dataset_batik/non_batik/geometris/geometris (3).png,non_batik,0,geometris,final_train,True,rot90,25.180015563964844,95.0,7.213239718616927,0.3796320845795361,6.817019726317763,160.27482044850115
dataset_aug/final_train/non_batik/modern_4__a7f92f18470f__orig_0174.png,a7f92f18470f,a7f92f18470f,dataset_batik/non_batik/modern/modern (4).png,non_batik,0,modern,final_train,False,original,3.09649658203125,72.0,4.583710327534934,0.742528463934451,6.661780496809774,16.019723700015465
dataset_aug/final_train/non_batik/modern_4__a7f92f18470f__contrast1p08_0036.jpg,a7f92f18470f,a7f92f18470f,dataset_batik/non_batik/modern/modern (4).png,non_batik,0,modern,final_train,True,contrast1p08,4.830482482910156,103.0,4.899881456347936,0.7071230076251631,6.686540535430428,15.88986046159604
dataset_aug/final_train/non_batik/modern_4__a7f92f18470f__rot90_0100.jpg,a7f92f18470f,a7f92f18470f,dataset_batik/non_batik/modern/modern (4).png,non_batik,0,modern,final_train,True,rot90,3.5271148681640625,78.0,4.658983517327579,0.7323677291561088,6.696631900161586,16.156370693568807
dataset_aug/final_train/non_batik/modern_7__ad3de2744108__orig_0177.png,ad3de2744108,ad3de2744108,dataset_batik/non_batik/modern/modern (7).png,non_batik,0,modern,final_train,False,original,12.501983642578125,372.0,4.573908045854424,0.7931187622660865,6.706154249113381,35.34312046700018
dataset_aug/final_train/non_batik/modern_7__ad3de2744108__flip_h_0014.jpg,ad3de2744108,ad3de2744108,dataset_batik/non_batik/modern/modern (7).png,non_batik,0,modern,final_train,True,flip_h,12.731452941894531,379.0,4.6104392296387395,0.7883034523955472,6.711250294059971,35.183732003854765
dataset_aug/final_train/non_batik/modern_7__ad3de2744108__flip_v_0078.jpg,ad3de2744108,ad3de2744108,dataset_batik/non_batik/modern/modern (7).png,non_batik,0,modern,final_train,True,flip_v,12.592025756835938,374.0,4.626167258743849,0.7863654447876396,6.726152429832233,35.2604093360901
dataset_aug/final_train/non_batik/tenun_2__b2131a29e3e4__orig_0194.png,b2131a29e3e4,b2131a29e3e4,dataset_batik/non_batik/tenun/tenun (2).png,non_batik,0,tenun,final_train,False,original,122.49925231933594,637.0,6.857219793141956,0.4868143053416622,6.4075601346040525,26.31149072948245
dataset_aug/final_train/non_batik/tenun_2__b2131a29e3e4__rot180_0038.jpg,b2131a29e3e4,b2131a29e3e4,dataset_batik/non_batik/tenun/tenun (2).png,non_batik,0,tenun,final_train,True,rot180,119.06178665161133,607.0,6.872952815687656,0.48440426362391553,6.442903239131139,26.37909325148847
dataset_aug/final_train/non_batik/tenun_2__b2131a29e3e4__rot270_0102.jpg,b2131a29e3e4,b2131a29e3e4,dataset_batik/non_batik/tenun/tenun (2).png,non_batik,0,tenun,final_train,True,rot270,118.21733093261719,601.0,6.873950920948837,0.4841757447993071,6.43612493776937,26.288496608053823
dataset_aug/final_train/non_batik/modern_2__bb5154fad02f__orig_0172.png,bb5154fad02f,bb5154fad02f,dataset_batik/non_batik/modern/modern (2).png,non_batik,0,modern,final_train,False,original,0.008525848388671875,3.0,4.9053595560561645,0.7894776572545961,6.726528116229426,68.47838205145531
dataset_aug/final_train/non_batik/modern_2__bb5154fad02f__rot180_0110.jpg,bb5154fad02f,bb5154fad02f,dataset_batik/non_batik/modern/modern (2).png,non_batik,0,modern,final_train,True,rot180,0.008640289306640625,3.0,4.95815090381355,0.7832464123235552,6.7523814333246195,68.06315459772847
dataset_aug/final_train/non_batik/modern_2__bb5154fad02f__rot90_0046.jpg,bb5154fad02f,bb5154fad02f,dataset_batik/non_batik/modern/modern (2).png,non_batik,0,modern,final_train,True,rot90,0.014514923095703125,5.0,4.962190576220945,0.7819237804539956,6.745667178530196,68.64659309583
dataset_aug/final_train/non_batik/garis1_3__bbcc043171d4__orig_0153.jpg,bbcc043171d4,bbcc043171d4,dataset_batik/non_batik/garis/garis1 (3).jpg,non_batik,0,garis,final_train,False,original,320.9955596923828,830.0,7.373607434014433,0.2719354929497464,5.7019080124049015,42.00823139098844
dataset_aug/final_train/non_batik/garis1_3__bbcc043171d4__flip_h_0122.jpg,bbcc043171d4,bbcc043171d4,dataset_batik/non_batik/garis/garis1 (3).jpg,non_batik,0,garis,final_train,True,flip_h,310.8510398864746,805.0,7.375098491273794,0.27202423208589666,5.708460369782357,42.07979009934321
dataset_aug/final_train/non_batik/garis1_3__bbcc043171d4__rot+9p9_0058.jpg,bbcc043171d4,bbcc043171d4,dataset_batik/non_batik/garis/garis1 (3).jpg,non_batik,0,garis,final_train,True,rot+9p9,1053.045352935791,3509.0,7.472279984496941,0.2499007147208995,5.438471748560216,43.098636291795685
dataset_aug/final_train/non_batik/bunga_6__bc0863dfd9c1__orig_0144.png,bc0863dfd9c1,bc0863dfd9c1,dataset_batik/non_batik/bunga_nonbatik/bunga (6).png,non_batik,0,bunga_nonbatik,final_train,False,original,240.51688766479492,1207.0,6.125078567341777,0.5555946626658412,6.814431536314469,16.04725413688469
dataset_aug/final_train/non_batik/bunga_6__bc0863dfd9c1__brightness0p89_0080.jpg,bc0863dfd9c1,bc0863dfd9c1,dataset_batik/non_batik/bunga_nonbatik/bunga (6).png,non_batik,0,bunga_nonbatik,final_train,True,brightness0p89,216.41476440429688,1172.0,6.150533426060681,0.5629952524120851,6.851200395040154,16.36243589907619
dataset_aug/final_train/non_batik/bunga_6__bc0863dfd9c1__zoom03_0016.jpg,bc0863dfd9c1,bc0863dfd9c1,dataset_batik/non_batik/bunga_nonbatik/bunga (6).png,non_batik,0,bunga_nonbatik,final_train,True,zoom03,270.69684982299805,1285.0,6.192477729173559,0.5366331825231918,6.871441866237252,15.139767599760674
dataset_aug/final_train/non_batik/kotak4__bcabfe0310f4__orig_0168.jpg,bcabfe0310f4,bcabfe0310f4,dataset_batik/non_batik/kotak/kotak4.jpg,non_batik,0,kotak,final_train,False,original,8.062179565429688,99.0,3.2927449056589704,0.862177311352576,3.8798227812645236,209.22937151442
dataset_aug/final_train/non_batik/kotak4__bcabfe0310f4__flip_h_0059.jpg,bcabfe0310f4,bcabfe0310f4,dataset_batik/non_batik/kotak/kotak4.jpg,non_batik,0,kotak,final_train,True,flip_h,7.209571838378906,93.0,2.9753795144292448,0.8551311415947423,4.75430847205191,210.56782774134476
dataset_aug/final_train/non_batik/kotak4__bcabfe0310f4__flip_v_0123.jpg,bcabfe0310f4,bcabfe0310f4,dataset_batik/non_batik/kotak/kotak4.jpg,non_batik,0,kotak,final_train,True,flip_v,7.056262969970703,91.0,2.979842930692018,0.8549656056820075,4.755824581350306,210.8898552230081
dataset_aug/final_train/non_batik/tenun_6__be63966ec5ec__orig_0198.png,be63966ec5ec,be63966ec5ec,dataset_batik/non_batik/tenun/tenun (6).png,non_batik,0,tenun,final_train,False,original,0.0,0.0,6.300990971133142,0.5376546588007854,6.443455176683846,49.81194193399284
dataset_aug/final_train/non_batik/tenun_6__be63966ec5ec__rot180_0029.jpg,be63966ec5ec,be63966ec5ec,dataset_batik/non_batik/tenun/tenun (6).png,non_batik,0,tenun,final_train,True,rot180,0.0,0.0,6.315125372950025,0.534925468628827,6.482857251070767,49.645256571272505
dataset_aug/final_train/non_batik/tenun_6__be63966ec5ec__rot270_0093.jpg,be63966ec5ec,be63966ec5ec,dataset_batik/non_batik/tenun/tenun (6).png,non_batik,0,tenun,final_train,True,rot270,0.0,0.0,6.301072761363259,0.535764309601453,6.47488170966628,49.56022760689843
dataset_aug/final_train/non_batik/garis1_4__c11183e9d1cd__orig_0154.jpg,c11183e9d1cd,c11183e9d1cd,dataset_batik/non_batik/garis/garis1 (4).jpg,non_batik,0,garis,final_train,False,original,501.50367736816406,2220.0,6.673457479501597,0.2915212056117275,5.7816638121132735,246.1366482637048
dataset_aug/final_train/non_batik/garis1_4__c11183e9d1cd__flip_h_0095.jpg,c11183e9d1cd,c11183e9d1cd,dataset_batik/non_batik/garis/garis1 (4).jpg,non_batik,0,garis,final_train,True,flip_h,504.30832290649414,2227.0,6.691574210810068,0.2899279311991752,5.776240198859596,244.31250692683906
dataset_aug/final_train/non_batik/garis1_4__c11183e9d1cd__rot+11p8_0031.jpg,c11183e9d1cd,c11183e9d1cd,dataset_batik/non_batik/garis/garis1 (4).jpg,non_batik,0,garis,final_train,True,rot+11p8,239.43805694580078,2225.0,6.789903142651714,0.3009610763250137,6.294974381339175,218.16120546361967
dataset_aug/final_train/non_batik/garis1_5__c1afa12764cf__orig_0155.jpg,c1afa12764cf,c1afa12764cf,dataset_batik/non_batik/garis/garis1 (5).jpg,non_batik,0,garis,final_train,False,original,80.75811767578125,167.0,7.085741454398435,0.2382689382900227,6.138921238431859,67.8461717960772
dataset_aug/final_train/non_batik/garis1_5__c1afa12764cf__flip_v_0042.jpg,c1afa12764cf,c1afa12764cf,dataset_batik/non_batik/garis/garis1 (5).jpg,non_batik,0,garis,final_train,True,flip_v,77.87382507324219,161.0,7.077288599946023,0.23884737579705284,6.138938559264543,67.68689828838383
dataset_aug/final_train/non_batik/garis1_5__c1afa12764cf__zoom08_0106.jpg,c1afa12764cf,c1afa12764cf,dataset_batik/non_batik/garis/garis1 (5).jpg,non_batik,0,garis,final_train,True,zoom08,102.1552619934082,233.0,7.126768936057551,0.24057066479386902,6.340470917633274,74.82391502656492
dataset_aug/final_train/non_batik/garis1_1__c5761d229b6c__orig_0151.jpg,c5761d229b6c,c5761d229b6c,dataset_batik/non_batik/garis/garis1 (1).jpg,non_batik,0,garis,final_train,False,original,112.77074432373047,1926.0,6.339187070442076,0.4433640504908773,5.739341877263261,594.1832208336161
dataset_aug/final_train/non_batik/garis1_1__c5761d229b6c__rot-11p3_0112.jpg,c5761d229b6c,c5761d229b6c,dataset_batik/non_batik/garis/garis1 (1).jpg,non_batik,0,garis,final_train,True,rot-11p3,13.821250915527344,1078.0,6.202769436133468,0.4570772614149641,5.234670902502008,717.4793979177714
dataset_aug/final_train/non_batik/garis1_1__c5761d229b6c__rot270_0048.jpg,c5761d229b6c,c5761d229b6c,dataset_batik/non_batik/garis/garis1 (1).jpg,non_batik,0,garis,final_train,True,rot270,119.05920028686523,1981.0,6.347210534947388,0.4424197199497797,5.742195501444351,592.3565984635842
dataset_aug/final_train/non_batik/bunga_9__c9420c985ea9__orig_0147.png,c9420c985ea9,c9420c985ea9,dataset_batik/non_batik/bunga_nonbatik/bunga (9).png,non_batik,0,bunga_nonbatik,final_train,False,original,115.31478881835938,735.0,6.254233258185685,0.5084674279929259,6.852556865948605,21.998410474276834
dataset_aug/final_train/non_batik/bunga_9__c9420c985ea9__rot180_0083.jpg,c9420c985ea9,c9420c985ea9,dataset_batik/non_batik/bunga_nonbatik/bunga (9).png,non_batik,0,bunga_nonbatik,final_train,True,rot180,61.509498596191406,413.0,6.230586944540429,0.51146041079111,6.884818908310211,22.052276592304615
dataset_aug/final_train/non_batik/bunga_9__c9420c985ea9__rot90_0019.jpg,c9420c985ea9,c9420c985ea9,dataset_batik/non_batik/bunga_nonbatik/bunga (9).png,non_batik,0,bunga_nonbatik,final_train,True,rot90,124.12655639648438,636.0,6.254419816177763,0.5082575079841585,6.879713927651033,22.032082999816964
dataset_aug/final_train/non_batik/tenun_1__c9fffdb4983d__orig_0192.png,c9fffdb4983d,c9fffdb4983d,dataset_batik/non_batik/tenun/tenun (1).png,non_batik,0,tenun,final_train,False,original,0.0,0.0,6.648706305221667,0.48775312496704015,6.450007541118652,32.93259964209313
dataset_aug/final_train/non_batik/tenun_1__c9fffdb4983d__contrast0p97_0018.jpg,c9fffdb4983d,c9fffdb4983d,dataset_batik/non_batik/tenun/tenun (1).png,non_batik,0,tenun,final_train,True,contrast0p97,0.0,0.0,6.563491575503314,0.4991987973688567,6.4857104182888285,32.80721363238412
dataset_aug/final_train/non_batik/tenun_1__c9fffdb4983d__rot90_0082.jpg,c9fffdb4983d,c9fffdb4983d,dataset_batik/non_batik/tenun/tenun (1).png,non_batik,0,tenun,final_train,True,rot90,0.0,0.0,6.654975458820573,0.48581459150200457,6.474390670879538,32.80385972335956
dataset_aug/final_train/non_batik/polos_5__d5ce7ee1e352__orig_0187.png,d5ce7ee1e352,d5ce7ee1e352,dataset_batik/non_batik/polos/polos (5).png,non_batik,0,polos,final_train,False,original,0.0,0.0,4.101489177739442,0.6365163886861819,6.773908241576866,11.143932553560917
dataset_aug/final_train/non_batik/polos_5__d5ce7ee1e352__rot180_0101.jpg,d5ce7ee1e352,d5ce7ee1e352,dataset_batik/non_batik/polos/polos (5).png,non_batik,0,polos,final_train,True,rot180,0.0,0.0,4.1210092183916665,0.6345753105794256,6.781469813496496,10.741181251348792
dataset_aug/final_train/non_batik/polos_5__d5ce7ee1e352__rot90_0037.jpg,d5ce7ee1e352,d5ce7ee1e352,dataset_batik/non_batik/polos/polos (5).png,non_batik,0,polos,final_train,True,rot90,0.0,0.0,4.120389578505101,0.63453835976236,6.768431297553986,10.844358949465196
dataset_aug/final_train/non_batik/tenun_3__d916f3c4756e__orig_0195.png,d916f3c4756e,d916f3c4756e,dataset_batik/non_batik/tenun/tenun (3).png,non_batik,0,tenun,final_train,False,original,0.0,0.0,5.758190974678746,0.5446551267000436,6.412453017484157,50.494891813870424
dataset_aug/final_train/non_batik/tenun_3__d916f3c4756e__contrast1p12_0027.jpg,d916f3c4756e,d916f3c4756e,dataset_batik/non_batik/tenun/tenun (3).png,non_batik,0,tenun,final_train,True,contrast1p12,0.0,0.0,5.973449995791313,0.5260833524626546,6.4492173514411855,50.908378209771264
dataset_aug/final_train/non_batik/tenun_3__d916f3c4756e__rot90_0091.jpg,d916f3c4756e,d916f3c4756e,dataset_batik/non_batik/tenun/tenun (3).png,non_batik,0,tenun,final_train,True,rot90,0.0,0.0,5.759893475383543,0.5430420495578056,6.446589559129269,50.47114433779821
dataset_aug/final_train/non_batik/geometris_4__d9276d559999__orig_0160.png,d9276d559999,d9276d559999,dataset_batik/non_batik/geometris/geometris (4).png,non_batik,0,geometris,final_train,False,original,1.6632499694824219,23.0,5.761141960802748,0.6194605974857903,6.178827880316314,465.6210529946814
dataset_aug/final_train/non_batik/geometris_4__d9276d559999__brightness1p07_0107.jpg,d9276d559999,d9276d559999,dataset_batik/non_batik/geometris/geometris (4).png,non_batik,0,geometris,final_train,True,brightness1p07,1.59185791015625,22.0,5.737701738327271,0.6199601285295397,6.206364649055605,456.3644441893734
dataset_aug/final_train/non_batik/geometris_4__d9276d559999__zoom05_0043.jpg,d9276d559999,d9276d559999,dataset_batik/non_batik/geometris/geometris (4).png,non_batik,0,geometris,final_train,True,zoom05,3.787353515625,48.0,5.732590560666814,0.6212529773096971,6.141525973870136,558.4492353202468
dataset_aug/final_train/non_batik/tenun_9__dac06cb81326__orig_0201.png,dac06cb81326,dac06cb81326,dataset_batik/non_batik/tenun/tenun (9).png,non_batik,0,tenun,final_train,False,original,0.0,0.0,6.495056410105718,0.5339044289743526,6.416630419793557,38.19318459555324
dataset_aug/final_train/non_batik/tenun_9__dac06cb81326__brightness0p94_0071.jpg,dac06cb81326,dac06cb81326,dataset_batik/non_batik/tenun/tenun (9).png,non_batik,0,tenun,final_train,True,brightness0p94,0.0,0.0,6.682676852227291,0.5109752102747004,6.448550140432695,39.07181219706463
dataset_aug/final_train/non_batik/tenun_9__dac06cb81326__contrast1p04_0135.jpg,dac06cb81326,dac06cb81326,dataset_batik/non_batik/tenun/tenun (9).png,non_batik,0,tenun,final_train,True,contrast1p04,0.0,0.0,6.579073637261926,0.5289453844692338,6.453194202421297,38.427761714916855
dataset_aug/final_train/non_batik/tenun_9__dac06cb81326__zoom04_0007.jpg,dac06cb81326,dac06cb81326,dataset_batik/non_batik/tenun/tenun (9).png,non_batik,0,tenun,final_train,True,zoom04,0.0,0.0,6.679020268955587,0.4925624581182698,6.3932456237484665,53.3250968653918
dataset_aug/final_train/non_batik/bunga_8__db4135d30eec__orig_0146.png,db4135d30eec,db4135d30eec,dataset_batik/non_batik/bunga_nonbatik/bunga (8).png,non_batik,0,bunga_nonbatik,final_train,False,original,161.44380950927734,1174.0,5.8427758455258365,0.5706093579361842,6.825301586739558,16.980947161553676
dataset_aug/final_train/non_batik/bunga_8__db4135d30eec__rot180_0056.jpg,db4135d30eec,db4135d30eec,dataset_batik/non_batik/bunga_nonbatik/bunga (8).png,non_batik,0,bunga_nonbatik,final_train,True,rot180,159.63451385498047,1174.0,5.852510810640946,0.5692257833923635,6.837027651387929,16.874380889993674
dataset_aug/final_train/non_batik/bunga_8__db4135d30eec__rot270_0120.jpg,db4135d30eec,db4135d30eec,dataset_batik/non_batik/bunga_nonbatik/bunga (8).png,non_batik,0,bunga_nonbatik,final_train,True,rot270,162.57760620117188,1191.0,5.859514713609667,0.5679384869994042,6.842865297324983,16.8585529846926
dataset_aug/final_train/non_batik/tenun_5__e6a8630feb76__orig_0197.png,e6a8630feb76,e6a8630feb76,dataset_batik/non_batik/tenun/tenun (5).png,non_batik,0,tenun,final_train,False,original,0.0,0.0,6.617467811674369,0.5063537806436383,6.647229614359369,21.92170021886074
dataset_aug/final_train/non_batik/tenun_5__e6a8630feb76__brightness0p90_0062.jpg,e6a8630feb76,e6a8630feb76,dataset_batik/non_batik/tenun/tenun (5).png,non_batik,0,tenun,final_train,True,brightness0p90,0.0,0.0,6.734651190572057,0.4962733026674887,6.682812008165797,21.85829593727722
dataset_aug/final_train/non_batik/tenun_5__e6a8630feb76__contrast0p94_0126.jpg,e6a8630feb76,e6a8630feb76,dataset_batik/non_batik/tenun/tenun (5).png,non_batik,0,tenun,final_train,True,contrast0p94,0.0,0.0,6.41509873401175,0.5212488038026207,6.605472834677024,21.801712373741964
dataset_aug/final_train/non_batik/garis1_2__e7a78b6680b5__orig_0152.jpg,e7a78b6680b5,e7a78b6680b5,dataset_batik/non_batik/garis/garis1 (2).jpg,non_batik,0,garis,final_train,False,original,120.49163818359375,370.0,6.579529902978956,0.38292831330593413,6.839489397886933,66.10525760793716
dataset_aug/final_train/non_batik/garis1_2__e7a78b6680b5__rot180_0047.jpg,e7a78b6680b5,e7a78b6680b5,dataset_batik/non_batik/garis/garis1 (2).jpg,non_batik,0,garis,final_train,True,rot180,140.38595581054688,429.0,6.609543869737562,0.38034625259597615,6.845019741056005,64.66086369628195
dataset_aug/final_train/non_batik/garis1_2__e7a78b6680b5__rot270_0111.jpg,e7a78b6680b5,e7a78b6680b5,dataset_batik/non_batik/garis/garis1 (2).jpg,non_batik,0,garis,final_train,True,rot270,135.10644912719727,415.0,6.594909485083121,0.38182649530583374,6.844440630924376,65.47435600825453
dataset_aug/final_train/non_batik/bunga_7__eac540cba307__orig_0145.png,eac540cba307,eac540cba307,dataset_batik/non_batik/bunga_nonbatik/bunga (7).png,non_batik,0,bunga_nonbatik,final_train,False,original,274.44368743896484,1514.0,6.4022227058480015,0.5222293834556251,6.823959066825751,20.06394949380341
dataset_aug/final_train/non_batik/bunga_7__eac540cba307__flip_h_0032.jpg,eac540cba307,eac540cba307,dataset_batik/non_batik/bunga_nonbatik/bunga (7).png,non_batik,0,bunga_nonbatik,final_train,True,flip_h,270.48419189453125,1492.0,6.410910300473498,0.5200104079832716,6.8514095598885145,20.07386641179648
dataset_aug/final_train/non_batik/bunga_7__eac540cba307__flip_v_0096.jpg,eac540cba307,eac540cba307,dataset_batik/non_batik/bunga_nonbatik/bunga (7).png,non_batik,0,bunga_nonbatik,final_train,True,flip_v,267.51036071777344,1476.0,6.407061452299175,0.5209926278932551,6.836444152555241,20.056909949530393
dataset_aug/final_train/non_batik/bunga_2__ed293cabd087__orig_0140.png,ed293cabd087,ed293cabd087,dataset_batik/non_batik/bunga_nonbatik/bunga (2).png,non_batik,0,bunga_nonbatik,final_train,False,original,125.40779876708984,893.0,5.349073458691493,0.5963025062904782,6.886974426646339,26.796773256252166
dataset_aug/final_train/non_batik/bunga_2__ed293cabd087__flip_h_0086.jpg,ed293cabd087,ed293cabd087,dataset_batik/non_batik/bunga_nonbatik/bunga (2).png,non_batik,0,bunga_nonbatik,final_train,True,flip_h,129.44873809814453,922.0,5.362313575212459,0.5941033757938136,6.90793065178102,26.861193224229822
dataset_aug/final_train/non_batik/bunga_2__ed293cabd087__rot+14p8_0022.jpg,ed293cabd087,ed293cabd087,dataset_batik/non_batik/bunga_nonbatik/bunga (2).png,non_batik,0,bunga_nonbatik,final_train,True,rot+14p8,125.31640625,896.0,5.3337635380190225,0.5927131165886876,6.909199847563525,25.75106167908873
dataset_aug/final_train/non_batik/bunga_3__f190f4ab82fd__orig_0141.png,f190f4ab82fd,f190f4ab82fd,dataset_batik/non_batik/bunga_nonbatik/bunga (3).png,non_batik,0,bunga_nonbatik,final_train,False,original,370.26109313964844,1434.0,6.140159518695221,0.4815309663693997,6.853619648620672,6.866972602057187
dataset_aug/final_train/non_batik/bunga_3__f190f4ab82fd__brightness1p03_0134.jpg,f190f4ab82fd,f190f4ab82fd,dataset_batik/non_batik/bunga_nonbatik/bunga (3).png,non_batik,0,bunga_nonbatik,final_train,True,brightness1p03,363.67138671875,1408.0,6.094973404982861,0.48252839235003187,6.869216586434064,6.758691893539446
dataset_aug/final_train/non_batik/bunga_3__f190f4ab82fd__flip_v_0006.jpg,f190f4ab82fd,f190f4ab82fd,dataset_batik/non_batik/bunga_nonbatik/bunga (3).png,non_batik,0,bunga_nonbatik,final_train,True,flip_v,369.25354766845703,1429.0,6.148159805444591,0.4796501006027085,6.872278955362005,6.740040726927583
dataset_aug/final_train/non_batik/bunga_3__f190f4ab82fd__zoom04_0070.jpg,f190f4ab82fd,f190f4ab82fd,dataset_batik/non_batik/bunga_nonbatik/bunga (3).png,non_batik,0,bunga_nonbatik,final_train,True,zoom04,424.35436248779297,1550.0,6.392325508369087,0.44929524252834224,6.921112790966603,6.573934604681936
dataset_aug/final_train/non_batik/geometris_2__f6b3418e39a1__orig_0158.png,f6b3418e39a1,f6b3418e39a1,dataset_batik/non_batik/geometris/geometris (2).png,non_batik,0,geometris,final_train,False,original,163.974609375,928.0,6.1542480166760285,0.5163558496701095,6.63920029860861,220.3160084892604
dataset_aug/final_train/non_batik/geometris_2__f6b3418e39a1__flip_h_0050.jpg,f6b3418e39a1,f6b3418e39a1,dataset_batik/non_batik/geometris/geometris (2).png,non_batik,0,geometris,final_train,True,flip_h,164.56051635742188,932.0,6.17150262405384,0.5157340534444945,6.660355302990984,219.36735649868947
dataset_aug/final_train/non_batik/geometris_2__f6b3418e39a1__flip_v_0114.jpg,f6b3418e39a1,f6b3418e39a1,dataset_batik/non_batik/geometris/geometris (2).png,non_batik,0,geometris,final_train,True,flip_v,164.69081497192383,933.0,6.167040111375641,0.51515383100991,6.668422882902762,219.28549281473005
dataset_aug/final_train/non_batik/geometris_8__f88b483bd98e__orig_0164.png,f88b483bd98e,f88b483bd98e,dataset_batik/non_batik/geometris/geometris (8).png,non_batik,0,geometris,final_train,False,original,0.0,0.0,5.505360962308018,0.586709898500595,6.649136388158112,70.74322169816084
dataset_aug/final_train/non_batik/geometris_8__f88b483bd98e__flip_h_0113.jpg,f88b483bd98e,f88b483bd98e,dataset_batik/non_batik/geometris/geometris (8).png,non_batik,0,geometris,final_train,True,flip_h,0.0,0.0,5.51213717093497,0.5875494719719561,6.662316466103957,71.75362256609453
dataset_aug/final_train/non_batik/geometris_8__f88b483bd98e__rot-7p1_0049.jpg,f88b483bd98e,f88b483bd98e,dataset_batik/non_batik/geometris/geometris (8).png,non_batik,0,geometris,final_train,True,rot-7p1,1.012664794921875,24.0,5.181661946362407,0.6610950704523278,6.701795966464735,177.53355337072387
dataset_aug/final_train/non_batik/geometris_7__fc6da929304d__orig_0163.png,fc6da929304d,fc6da929304d,dataset_batik/non_batik/geometris/geometris (7).png,non_batik,0,geometris,final_train,False,original,4.124198913574219,27.0,4.638173641623872,0.683823406245852,6.565757848577979,344.0922998303385
dataset_aug/final_train/non_batik/geometris_7__fc6da929304d__rot180_0065.jpg,fc6da929304d,fc6da929304d,dataset_batik/non_batik/geometris/geometris (7).png,non_batik,0,geometris,final_train,True,rot180,4.5705413818359375,30.0,4.677081967684879,0.6787753815339833,6.592243746500739,337.1331144082898
dataset_aug/final_train/non_batik/geometris_7__fc6da929304d__rot270_0129.jpg,fc6da929304d,fc6da929304d,dataset_batik/non_batik/geometris/geometris (7).png,non_batik,0,geometris,final_train,True,rot270,4.564933776855469,30.0,4.6606665574195905,0.6817821270895812,6.579518251036542,335.74233771987485
dataset_aug/final_train/non_batik/geometris_7__fc6da929304d__rot90_0001.jpg,fc6da929304d,fc6da929304d,dataset_batik/non_batik/geometris/geometris (7).png,non_batik,0,geometris,final_train,True,rot90,3.3419113159179688,22.0,4.663163010031367,0.6818330984894777,6.575717269565654,338.04166641929675
dataset_aug/final_train/non_batik/polkadot4__ffeae644af12__orig_0180.jpg,ffeae644af12,ffeae644af12,dataset_batik/non_batik/polkadot/polkadot4.jpg,non_batik,0,polkadot,final_train,False,original,1.76068115234375,112.0,3.3439019342788674,0.8596852896566519,5.115096288317606,87.92487885268251
dataset_aug/final_train/non_batik/polkadot4__ffeae644af12__flip_h_0005.jpg,ffeae644af12,ffeae644af12,dataset_batik/non_batik/polkadot/polkadot4.jpg,non_batik,0,polkadot,final_train,True,flip_h,1.7673492431640625,113.0,3.3699938225218484,0.8525038284311579,5.885047985419206,87.06382529668315
dataset_aug/final_train/non_batik/polkadot4__ffeae644af12__flip_v_0069.jpg,ffeae644af12,ffeae644af12,dataset_batik/non_batik/polkadot/polkadot4.jpg,non_batik,0,polkadot,final_train,True,flip_v,1.80181884765625,106.0,3.3791708274174628,0.8516106313418245,5.804990090013451,87.46372055093228
dataset_aug/final_train/non_batik/polkadot4__ffeae644af12__zoom02_0133.jpg,ffeae644af12,ffeae644af12,dataset_batik/non_batik/polkadot/polkadot4.jpg,non_batik,0,polkadot,final_train,True,zoom02,1.7032814025878906,85.0,3.1935238605326655,0.8688863479471408,5.858592780034318,110.85426373420407
